departamento,cultivo,n_periodos,anio_inicio,anio_fin,duracion_anios,gaps,completitud_pct,produccion_total,produccion_promedio,area_sembrada_promedio,area_cosechada_promedio,rendimiento_promedio,cv_produccion,std_produccion,cv_area_sembrada,cv_rendimiento,tendencia_produccion_pendiente,tendencia_produccion_r2,tendencia_produccion_pvalue,tendencia_area_pendiente,tendencia_area_r2,mk_tau_produccion,mk_pvalue_produccion,mk_tau_area,mk_pvalue_area,n_periodos_A,n_periodos_B,n_ciclos_completos,produccion_promedio_A,produccion_promedio_B,ratio_AB,diferencia_AB,porcentaje_A_mayor_B,hhi_tiempo_produccion,hhi_espacial_cultivo
cundinamarca,papa,35,2007,2024,18,1,97.22222222222221,24847299.099999998,709922.8314285714,33907.14200000001,32088.58085714286,21.99533239934339,0.1797438824130037,127604.28593460379,0.10591940848028264,0.09165301401809534,14753.364962264433,0.3788013969904199,8.317845146035106e-05,380.36964266121026,0.31786166709776537,0.4016806722689075,0.0006884392022364744,0.3848739495798319,0.0011454445000980693,18,17,17,717546.3538888888,701850.8664705883,1.0223629950009592,15695.487418300589,58.82352941176471,0.02946813661306661,0.2770636521713945
boyaca,papa,35,2007,2024,18,1,97.22222222222221,15296378.700000001,437039.3914285715,24816.72942857143,23315.090285714286,18.66627636102037,0.1695609585400864,74104.8181304046,0.10801095956887746,0.09393505949656547,9681.764092641197,0.4836999299107934,3.5284514512310388e-06,148.5213356463978,0.0869987225065598,0.4789915966386554,5.178789682317931e-05,0.13277310924369748,0.2618993766068384,18,17,17,463685.9966666667,408825.3388235294,1.1341909432546646,54860.657843137276,82.35294117647058,0.029369413252632745,0.2770636521713945
casanare,arroz,35,2007,2024,18,1,97.22222222222221,13129716.02,375134.74342857144,75772.73257142857,70298.84685714287,5.450235657148652,0.8838393993205385,331558.8662961729,0.7985761447602255,0.08975008867641064,27423.94954420771,0.19386465371159323,0.008120844191702212,5919.10330753377,0.27115224147324835,0.3310924369747899,0.005147074191523642,0.3915966386554622,0.0009365202233089231,18,17,17,483846.1994444443,260028.49588235293,1.8607429843510508,223817.7035620914,82.35294117647058,0.050252939468492956,0.1516991903190055
tolima,arroz,35,2007,2024,18,1,97.22222222222221,12673818.12,362109.0891428571,51910.68942857142,51415.45285714285,7.051455722115086,0.10434561790509624,37784.496655663,0.07695015817542344,0.08252481268518827,-2068.7774445086975,0.08494937461882314,0.08935885288042589,-512.1527187402698,0.4658287200627237,-0.15294117647058825,0.19624277735153173,-0.4756302521008403,5.8444363787764376e-05,18,17,17,365449.7483333333,358571.9205882353,1.0191811665950166,6877.82774509798,41.17647058823529,0.028873626343823573,0.1516991903190055
narino,papa,35,2007,2024,18,1,97.22222222222221,11940720.47,341163.44200000004,18275.262857142858,17403.374285714282,19.449127057344903,0.2504608700568685,85448.092514916,0.18348715017231032,0.10032628089255308,12852.033439497061,0.6410602852741927,7.710713756567143e-09,493.45695031359816,0.6136487990145734,0.6067226890756303,2.9483823487628704e-07,0.5764705882352941,1.1098359739764944e-06,18,17,17,353548.4966666667,328049.8547058824,1.0777279477341806,25498.641960784327,82.35294117647058,0.030312524091924795,0.2770636521713945
meta,arroz,35,2007,2024,18,1,97.22222222222221,7376378.26,210753.66457142856,41396.00057142857,40793.97485714286,5.213170692973135,0.6678750225458933,140757.10847727247,0.651844545849357,0.10737526219402355,1380.2970208917163,0.0027249864756045046,0.7658444030210442,-96.42224011387404,0.0003618341194146638,0.12605042016806722,0.28682732924443755,0.08907563025210083,0.4516446963045264,18,17,17,284375.97,132800.63529411764,2.1413750722666633,151575.33470588233,82.35294117647058,0.040951787391986155,0.1516991903190055
meta,maiz,35,2007,2024,18,1,97.22222222222221,4734782.4399999995,135279.49828571427,28127.50342857143,27079.98542857143,4.7592816763006605,0.6928026281326098,93721.99194480374,0.6569472932403313,0.20640925464035462,10777.886341354926,0.3747521225168229,9.302721770476124e-05,2105.384269086489,0.3678741256089149,0.5058823529411764,1.914540705938678e-05,0.5058823529411764,1.914540705938678e-05,18,17,17,139906.78777777782,130380.01529411766,1.0730692695668826,9526.772483660156,58.82352941176471,0.04189319703886805,0.09355481422716007
huila,arroz,35,2007,2024,18,1,97.22222222222221,4102634.95,117218.14142857143,16621.826285714287,16066.226285714287,7.291171712365172,0.15949288754214766,18695.459848766703,0.10324112013021852,0.07219376848257199,1150.8677045801642,0.1073837153126702,0.054643720666123656,111.66055276307404,0.11997660710776303,0.22352941176470587,0.05891991124777331,0.195122020229612,0.09944869020853353,18,17,17,117269.08111111111,117164.20529411765,1.0008951182379482,104.87581699345901,41.17647058823529,0.029277462334695584,0.1516991903190055
cordoba,maiz,35,2007,2024,18,1,97.22222222222221,3738901.9299999997,106825.76942857142,34565.06428571429,32275.71971428571,3.177210294777986,0.5296659822174221,56581.976090516146,0.42784221659494764,0.16344106956008758,231.56879053422887,0.00047463936719585066,0.9011389601986433,-300.72484468365894,0.011718081998105288,0.06890756302521009,0.5603924302324661,-0.07563025210084033,0.5227810104666992,18,17,17,143106.61,68410.76176470588,2.0918727742311267,74695.8482352941,82.35294117647058,0.03635801289177452,0.09355481422716007
antioquia,papa,35,2007,2024,18,1,97.22222222222221,3114526.7800000003,88986.47942857143,5121.855047619048,4874.285809523809,18.38869165557777,0.15207306658394512,13532.446811212007,0.15858820752920813,0.10953281377237842,58.6894242545556,0.0005329996991409236,0.8952688050509885,-92.05027188391188,0.36392653851675016,-0.058823529411764705,0.6191537066890378,-0.4621848739495798,9.407205998348539e-05,18,17,17,89056.84444444443,88911.97529411764,1.0016293547618031,144.869150326791,64.70588235294117,0.02921329910018639,0.2770636521713945
norte de santander,arroz,35,2007,2024,18,1,97.22222222222221,3098918.1200000006,88540.51771428573,15606.891428571427,15301.315999999999,5.77965347591252,0.21515981993846897,19050.36184866454,0.18029862281215825,0.132916189334017,1973.1770889491872,0.30400840657599787,0.0005969612294159116,311.4549041412749,0.34716236105974474,0.39831932773109247,0.0007633879309194244,0.4319327731092437,0.0002624772272640319,18,17,17,90819.265,86127.72647058824,1.0544718724348758,4691.538529411759,47.05882352941176,0.029856316274238726,0.1516991903190055
tolima,maiz,35,2007,2024,18,1,97.22222222222221,2791917.9600000004,79769.08457142858,22142.683142857142,21193.728857142858,3.678627888229488,0.3654535307289178,29151.893599642215,0.1986393641791337,0.23990738816326015,3566.5501909760856,0.42415350788350775,2.26549320434587e-05,167.44342526281451,0.04106813665559334,0.5092436974789916,1.684750517899537e-05,0.18655462184873947,0.11494310136854001,18,17,17,75980.93722222222,83780.06411764707,0.9069095138853913,-7799.126895424852,35.294117647058826,0.03227829683767827,0.09355481422716007
sucre,arroz,35,2007,2024,18,1,97.22222222222221,2568651.7699999996,73390.05057142855,21838.314285714285,18998.657142857144,3.883747018336873,0.3695475183978602,27121.111063764885,0.2871042780977721,0.1405712146206695,1636.5775619411952,0.1031853767004109,0.05989243260235524,46.16209984727846,0.0015360787593643806,0.1899159663865546,0.10854623090377957,0.005042016806722689,0.9660169707693316,18,17,17,75812.13166666667,70825.49411764706,1.070407381002332,4986.637549019608,64.70588235294117,0.03236181430533598,0.1516991903190055
antioquia,tomate,35,2007,2024,18,1,97.22222222222221,2493321.88,71237.768,937.317099458997,865.7261478651365,75.57965281738417,0.5390818421266623,38402.987202431796,0.361831529507333,0.28433741276955266,6578.717244784488,0.8315959192418906,2.5809272254216126e-14,53.58572572283969,0.7074117369396236,0.7277310924369749,7.786487523919229e-10,0.6672268907563025,1.720679496627679e-08,18,17,17,75929.51666666666,66270.03411764707,1.145759432262724,9659.482549019594,82.35294117647058,0.03663731747376569,0.11898486147825811
boyaca,cebolla de bulbo,35,2007,2024,18,1,97.22222222222221,2285415.0200000005,65297.572000000015,2671.753714285715,2531.252285714286,25.738683798714046,0.2119651314381201,13840.808431570114,0.15888942427261502,0.08800250028613472,535.1143300268376,0.04235748546018446,0.23557700770397735,-0.7618256898417974,9.126165158272779e-05,0.0957983193277311,0.4182381669289249,-0.04373424591353373,0.7119231506921901,18,17,17,69370.95222222221,60984.58117647058,1.1375162522061775,8386.371045751635,64.70588235294117,0.029818443572367095,0.32705758908039645
boyaca,tomate,35,2007,2024,18,1,97.22222222222221,2236432.52,63898.072,886.2237142857143,839.9294285714286,75.36292961479928,0.4452012221418375,28447.499746907128,0.37337566564401137,0.1547977937587964,3424.0367282001102,0.41053344899453653,3.3801783310886807e-05,40.26715433773707,0.41964596153510797,0.3915966386554622,0.0009365202233089231,0.5180826054372457,1.21721044238678e-05,18,17,17,65486.22666666667,62216.49647058823,1.0525540713727612,3269.730196078439,52.94117647058824,0.03407260437443585,0.11898486147825811
bolivar,maiz,35,2007,2024,18,1,97.22222222222221,2187562.73,62501.792285714284,41309.934285714284,34754.96428571428,1.803134567533746,0.2199015596745241,13744.24160608171,0.13516822354430016,0.15630051967839242,1242.6808785196392,0.23165282087491676,0.0034210514465224393,-375.6936583485314,0.12828309563430618,0.30756302521008405,0.009353334884500302,-0.31092436974789917,0.008607429037984098,18,17,17,60478.429444444446,64644.17647058824,0.9355588197795494,-4165.747026143792,41.17647058823529,0.02991357360180229,0.09355481422716007
valle del cauca,maiz,35,2007,2024,18,1,97.22222222222221,2035076.1,58145.031428571434,10497.809714285713,10030.145142857142,5.849278016205986,0.1879801339579929,10930.110796934565,0.2062563850505435,0.08727497670172592,-1483.75060866213,0.5221948865682013,9.492633710280068e-07,-361.11234123630334,0.7881926646910099,-0.5495798319327732,3.419456152141422e-06,-0.734453781512605,5.434125892159657e-10,18,17,17,58804.212222222224,57447.075294117654,1.023624125704508,1357.13692810457,64.70588235294117,0.02955219758852033,0.09355481422716007
boyaca,cebolla de rama,35,2007,2024,18,1,97.22222222222221,2029908.6500000001,57997.39000000001,1544.0600000000002,1448.2571428571428,40.51979646650131,0.243382488107307,14115.549081929848,0.2957251073963371,0.13048503435575728,1523.6198256305327,0.3301547885467652,0.00030633692773434284,53.147543851845285,0.3839030654806157,0.46762001399855296,7.867648766092089e-05,0.5942769364199763,5.32775988469431e-07,18,17,17,57487.09333333334,58537.70411764706,0.9820524087825132,-1050.6107843137215,47.05882352941176,0.030215503026602704,0.28987950216277486
meta,soya,34,2007,2024,18,2,94.44444444444444,1901542.29,55927.714411764704,21981.74411764706,22300.45,2.473606503623181,0.7898723744413878,44175.75657950041,0.818287526094947,0.12969993234349916,5228.8735771271395,0.3995097364471002,6.078287292356231e-05,1819.5435789243377,0.2917882789263752,0.41532976827094475,0.0005521422366911854,0.38324420677361865,0.0014362992761380751,17,17,16,48415.15,63440.278823529414,0.7631610531642756,-15025.128823529412,37.5,0.047222012232601474,0.8801723533870649
bolivar,arroz,35,2007,2024,18,1,97.22222222222221,1856370.4800000002,53039.156571428575,15853.710571428572,14436.395999999999,3.6094858999417756,0.44439188438286187,23570.170734854797,0.30046002389308313,0.1545930557647149,2439.645858576874,0.3035904060392468,0.0006032584015601089,637.4438290111651,0.5074678344495149,0.45210084033613446,0.00013335149469633484,0.4890756302521009,3.586565198169301e-05,18,17,17,57396.852222222224,48425.12588235294,1.1852700674783119,8971.726339869281,70.58823529411765,0.03405262122023014,0.1516991903190055
cordoba,arroz,35,2007,2024,18,1,97.22222222222221,1693145.7,48375.591428571424,16587.14857142857,14681.042857142857,3.392869226292494,0.4110906653307726,19886.754066141046,0.32797672130091665,0.18618375047124178,1806.2744102427237,0.23377581290968405,0.0032561256635395574,569.5943774743118,0.31064316420639737,0.334453781512605,0.004712076156457835,0.39831932773109247,0.0007633879309194244,18,17,17,49543.75277777778,47138.71470588235,1.0510204422607075,2405.038071895433,82.35294117647058,0.03326191689318474,0.1516991903190055
cesar,arroz,35,2007,2024,18,1,97.22222222222221,1673522.6400000001,47814.93257142857,9275.69,8983.957142857143,5.295819002696929,0.2631152915739875,12580.83992512198,0.2007191448378473,0.1014706577405912,-380.90203253117454,0.02597569823668913,0.35500152308463273,-96.39483044941656,0.07596217010550582,-0.07899159663865546,0.5044736861420589,-0.21008403361344538,0.07586833499439007,18,17,17,46145.112222222226,49582.977647058826,0.9306644016156514,-3437.8654248366,41.17647058823529,0.030492904756279336,0.1516991903190055
cundinamarca,zanahoria,35,2007,2024,18,1,97.22222222222221,1658778.65,47393.67571428571,1721.258857142857,1639.0460000000003,28.92718909599897,0.21719436304718992,10293.639209229359,0.22254290977095276,0.06777526619755193,-622.613174087748,0.10367132531597957,0.05925970364255108,-34.91669513515118,0.23545411494131163,-0.15966386554621848,0.17729327255318406,-0.24894878443088433,0.035551180252691335,18,17,17,49978.128888888896,44657.19588235294,1.1191506296220137,5320.933006535954,88.23529411764706,0.02988073086166705,0.25856503560019845
santander,papa,35,2007,2024,18,1,97.22222222222221,1567041.8199999998,44772.62342857142,2416.3214285714284,2271.214285714286,19.509616708175113,0.6715681701970206,30067.86879084597,0.6013959542420564,0.11971619402361985,-2151.650447637265,0.1451102421584002,0.02396635518005421,-85.692010290171,0.09853945837151204,-0.22352941176470587,0.05891991124777331,-0.16638655462184873,0.1597414156951522,18,17,17,61691.41888888889,26858.604705882353,2.2968958947959695,34832.814183006536,94.11764705882352,0.04108908526166559,0.2770636521713945
norte de santander,tomate,35,2007,2024,18,1,97.22222222222221,1511443.6600000001,43184.10457142858,1098.4728571428575,1072.626,40.181003582627035,0.24990042115324115,10791.725919525608,0.2266233040894821,0.08767061675588439,-786.3248249633025,0.15044649813550412,0.021317161169762556,-23.73779487863827,0.2576634836501536,-0.2571428571428571,0.029793934910438233,-0.35323814007084936,0.0028580984993712474,18,17,17,44641.88166666667,41640.57588235295,1.0720764715837097,3001.3057843137212,58.82352941176471,0.03030474081367125,0.11898486147825811
meta,patilla,31,2007,2024,18,5,86.11111111111111,1414045.02,45614.35548387097,1617.2767741935484,1535.7451612903226,29.573701379175326,0.4726281522769424,21558.62854964555,0.44191029387924763,0.08879119762491684,2479.90097238969,0.34809482392349145,0.0004770297878076687,98.49056283337757,0.49960117393663933,0.3806451612903226,0.002302273128967957,0.3659851420646575,0.003854767958552161,18,13,13,49634.69777777778,40047.727692307686,1.2393886154822098,9586.970085470093,84.61538461538461,0.03923134350649479,0.263014574837113
cauca,papa,35,2007,2024,18,1,97.22222222222221,1355500.7999999998,38728.59428571428,2231.3094285714287,1994.5979999999993,18.890787706891082,0.4141985130671359,16041.326166323232,0.3011877892142594,0.14360932749280134,2261.538411695803,0.5632320004655532,2.0845944052901864e-07,86.775799415803,0.472457608496882,0.4857142857142857,4.056920451811786e-05,0.4857142857142857,4.056920451811786e-05,18,17,17,43504.62666666666,33671.61882352941,1.2920265846044219,9833.007843137253,88.23529411764706,0.033333105207933804,0.2770636521713945
norte de santander,papa,35,2007,2024,18,1,97.22222222222221,1338664.95,38247.57,1969.2,1787.594285714286,21.654507572771347,0.20860847073608835,7978.767087071491,0.2212706455574005,0.14197851084987825,-83.60680722980892,0.0031115130453641528,0.7502820249639786,47.75211660216777,0.34034385677086826,-0.02857142857142857,0.8092262462292724,0.411764705882353,0.0005026300645801935,18,17,17,38608.42222222222,37865.49117647059,1.0196202669678636,742.9310457516331,52.94117647058824,0.029779261059703577,0.2770636521713945
huila,maiz,35,2007,2024,18,1,97.22222222222221,1324683.98,37848.11371428571,14419.005714285715,14072.731714285715,2.714914323078673,0.17184813610040936,6504.1277967163405,0.19538658508679324,0.08852883677014817,-467.32719199916977,0.14629311751250415,0.02335253093373664,-388.00050338804624,0.5374825742397805,-0.2672268907563025,0.02394393278804346,-0.5025210084033613,2.1739923315681585e-05,18,17,17,38878.86611111111,36756.72882352942,1.0577346612580831,2122.1372875816887,76.47058823529412,0.02939108619098799,0.09355481422716007
cesar,maiz,35,2007,2024,18,1,97.22222222222221,1257399.0899999999,35925.688285714285,19685.208571428568,17475.174285714285,1.95060162405621,0.49647051951732496,17836.045127226047,0.16914501142201646,0.3103329028929231,1861.538071704996,0.3086786866334306,0.0005307287603443431,163.72449549990364,0.06851549762118223,0.2873949579831933,0.015163729863677419,0.13949579831932774,0.2385101430505585,18,17,17,34476.587222222224,37460.03058823529,0.9203566222674135,-2983.443366013067,29.411764705882355,0.03541258874244351,0.09355481422716007
antioquia,zanahoria,35,2007,2024,18,1,97.22222222222221,1219618.71,34846.248857142855,916.0248571428571,879.1005714285715,39.31469724573069,0.27438164529933334,9561.171093932871,0.24330784821544027,0.07098347683819906,1111.8628431416162,0.3832129506485413,7.357646753060623e-05,20.409812137656992,0.2376354259648603,0.4453781512605042,0.00016763252319934005,0.36669483112116746,0.0019600195220921355,18,17,17,35244.517222222225,34424.55294117647,1.0238191700687262,819.9642810457517,70.58823529411765,0.030660979401978577,0.25856503560019845
norte de santander,cebolla de bulbo,35,2007,2024,18,1,97.22222222222221,1147415.46,32783.29885714286,1733.3485714285714,1703.3114285714287,19.165598141723056,0.20879983774216346,6845.147482024281,0.16314138418231688,0.07816950167083203,-114.64932417003988,0.00794945402523217,0.6105168636510332,-8.955783402280447,0.02842280837010912,-0.06218487394957983,0.5992683277904803,-0.10588235294117647,0.3709527086192641,18,17,17,32322.441666666666,33271.26529411765,0.9714821898396893,-948.8236274509836,29.411764705882355,0.029781478086693246,0.32705758908039645
antioquia,arroz,35,2007,2024,18,1,97.22222222222221,1106807.08,31623.059428571432,12837.288571428573,11902.037428571428,2.5831484529055544,0.4390952849876995,13885.536291971532,0.2908536491326709,0.17740089553113544,1751.6812988746058,0.4509670324966795,1.0038326611417314e-05,431.5520691546939,0.3785564829858257,0.39831932773109247,0.0007633879309194244,0.4050420168067227,0.0006203779967807202,18,17,17,33753.602222222224,29367.190588235295,1.1493643602307726,4386.411633986929,82.35294117647058,0.03392274184175232,0.1516991903190055
boyaca,zanahoria,35,2007,2024,18,1,97.22222222222221,1104504.2399999998,31557.263999999992,1394.5688571428573,1319.8871428571429,23.692376421899453,0.3498455535003061,11040.168491035281,0.29231197136531045,0.1043296995400741,653.9826738134426,0.0994353954927877,0.06501117134171785,23.042501519801917,0.0905411578839881,0.146218487394958,0.21663533120013578,0.1632998947103051,0.16825985281103373,18,17,17,33008.26388888889,30020.91117647059,1.0995090620287264,2987.352712418302,70.58823529411765,0.03196842855863985,0.25856503560019845
cundinamarca,tomate,35,2007,2024,18,1,97.22222222222221,1072266.54,30636.186857142857,939.8735014005601,882.1300728291316,35.06755330209736,0.261811007271943,8020.8909400400335,0.14483118367499537,0.2378258562897233,1159.358161262103,0.5920384975823777,6.610705646459348e-08,7.010759877694833,0.07516698616238221,0.5697478991596638,1.477275091262034e-06,0.23251969797796251,0.049950133612884626,18,17,17,30882.132777777777,30375.773529411763,1.0166698388067623,506.35924836601407,52.94117647058824,0.030473902138757124,0.11898486147825811
santander,cebolla de rama,35,2007,2024,18,1,97.22222222222221,1064488.31,30413.951714285715,984.9034285714287,954.9548571428571,23.999491645128746,1.1693437958171626,35564.36574338276,0.9248794395508125,0.38783640568474237,2824.7898007206095,0.17877305448681222,0.01138998063408504,56.068231840220655,0.10735841611597434,0.2638655462184874,0.0257723599025442,0.17860208685263784,0.13211662194983537,18,17,17,52187.23944444444,7359.8823529411775,7.090770876736804,44827.35709150327,88.23529411764706,0.06652278125367107,0.28987950216277486
arauca,arroz,35,2007,2024,18,1,97.22222222222221,1036432.94,29612.369714285713,7041.428571428572,6429.685714285714,4.51121504597383,0.7416806174256081,21962.920653126806,0.6141668204059009,0.14065667419777347,2049.8928179351465,0.2468550668542608,0.002396334359292512,443.77852408700693,0.2983995946579093,0.39831932773109247,0.0007633879309194244,0.45079915018565536,0.0001410227062895037,18,17,17,34126.63666666667,24832.557647058828,1.3742699061330332,9294.079019607845,88.23529411764706,0.043839236490615725,0.1516991903190055
santander,tomate,35,2007,2024,18,1,97.22222222222221,1023568.75,29244.821428571428,973.8736887465245,899.6876887465244,32.23789926786305,0.27069356197579,7916.38488184591,0.18691079876199404,0.13108138083909837,1319.367210829886,0.7871137429402307,1.2662317739846255e-12,23.9486191117702,0.4905088244083144,0.6941176470588235,4.4861480276574534e-09,0.5025210084033613,2.1739923315681585e-05,18,17,17,30481.671111111107,27935.215882352943,1.0911557383154786,2546.4552287581646,82.35294117647058,0.03060518379823248,0.11898486147825811
choco,arroz,35,2007,2024,18,1,97.22222222222221,1012875.7,28939.305714285714,9832.394285714283,9048.999999999998,2.9964281021045918,0.816188549080938,23619.929942352555,0.3139502021061661,0.6194693069139633,3489.1567419895327,0.6183632513566486,2.1559329567972798e-08,369.1297154634285,0.40520783456394055,0.6840336134453782,7.470824316982458e-09,0.4588235294117647,0.0001057562905141885,18,17,17,29825.36611111111,28001.124117647058,1.065148884230486,1824.241993464053,76.47058823529412,0.047060871363370456,0.1516991903190055
antioquia,maiz,35,2007,2024,18,1,97.22222222222221,885950.18,25312.862285714287,16253.72914285714,15326.818571428572,1.639876194680359,0.3789808386998714,9593.089778934345,0.30321798718009785,0.08082314192384552,-1404.1695878000692,0.6071304719373066,3.508669954270407e-08,-807.3791882033721,0.7604997342403185,-0.5764705882352941,1.1098359739764944e-06,-0.7512605042016806,2.1807520988983647e-10,18,17,17,25893.081666666665,24698.51235294118,1.0483660431306598,1194.5693137254857,76.47058823529412,0.032557796071392954,0.09355481422716007
cundinamarca,cebolla de bulbo,35,2007,2024,18,1,97.22222222222221,875985.4,25028.154285714285,1302.1171428571429,1220.202857142857,20.484786619106053,0.21987219735663702,5502.995278580932,0.189909749180489,0.08124910612273438,-253.25771836958626,0.06001876058045502,0.15605980386328594,-1.125827736014113,0.0005873665054734844,-0.1092436974789916,0.3559586988465744,0.04201680672268907,0.7225627705707576,18,17,17,25337.416666666668,24700.7,1.0257772721690748,636.7166666666672,47.05882352941176,0.029913215206363114,0.32705758908039645
sucre,maiz,35,2007,2024,18,1,97.22222222222221,861958.7100000002,24627.39171428572,11825.347142857143,10470.48,2.3447674271195424,0.3928702889758126,9675.370499511964,0.34062031530632875,0.16109612205952217,-165.9246715003781,0.008333868574330041,0.6019794506100182,-248.78156813902112,0.10810043326983709,-0.02184873949579832,0.8535281829769198,-0.2168067226890756,0.06695369499580067,18,17,17,29263.582222222227,19718.484117647058,1.4840685545413088,9545.098104575169,76.47058823529412,0.032855347081337055,0.09355481422716007
valle del cauca,tomate,35,2007,2024,18,1,97.22222222222221,779676.2300000001,22276.463714285717,843.2301224489796,803.7252653061224,27.414017218586523,0.420607615165546,9369.650277187537,0.11068012960961987,0.36089835230649187,1236.5085226042736,0.493522990879195,2.5469394646891356e-06,-4.256019919466384,0.05892989732534854,0.4151260504201681,0.0004519072031468842,-0.097561010114806,0.41007245492364597,18,17,17,22725.237222222222,21801.29176470588,1.0423803078958889,923.9454575163436,70.58823529411765,0.03348160493208035,0.11898486147825811
narino,tomate,35,2007,2024,18,1,97.22222222222221,756331.25,21609.464285714286,356.7266397515528,337.15206832298134,62.85331543638046,0.3933176828596794,8499.38442069614,0.27491026104179045,0.19556556923192803,1200.2875435552985,0.5651393872789174,1.9363902604248423e-07,10.882390616703278,0.34894385778092446,0.6201680672268908,1.6029106021323694e-07,0.44873949579831934,0.00014956996681664522,18,17,17,23279.847777777777,19840.82294117647,1.1733307558258663,3439.0248366013075,58.82352941176471,0.032865109541309105,0.11898486147825811
cundinamarca,maiz,35,2007,2024,18,1,97.22222222222221,717993.27,20514.09342857143,11855.803850931676,10577.934422360247,1.9843717417820022,0.49842127569431227,10224.66061638088,0.20311628636650741,0.5309846530662958,114.55828492208254,0.003557256047780287,0.733600661926274,-393.98325555428784,0.7585146027766615,-0.22016806722689075,0.06283070797865953,-0.6907563025210084,5.321655484534884e-09,18,17,17,21223.11166666667,19763.368235294118,1.0738610652796365,1459.7434313725535,64.70588235294117,0.035466455603429675,0.09355481422716007
cundinamarca,lechuga,35,2007,2024,18,1,97.22222222222221,717049.67,20487.13342857143,1175.2517142857143,1110.7179999999998,18.28463856958004,0.2494839730213891,5111.211443579314,0.18164153810423592,0.11559589618352915,-66.54578295746035,0.0048034503575878585,0.6923923083380177,-8.836323562119127,0.04855243498817631,-0.09915966386554621,0.4020955799011128,-0.21344537815126052,0.07129688030218699,18,17,17,20823.882222222222,20130.57588235294,1.0344404623057533,693.306339869283,70.58823529411765,0.030298968648991238,0.32357480833283003
magdalena,maiz,35,2007,2024,18,1,97.22222222222221,691626.37,19760.75342857143,16189.65457142857,13162.72542857143,1.4669447259903343,0.4894683564629249,9672.263503151966,0.21751224424997612,0.3273926965569573,1163.5151143928952,0.41006031659879816,3.426966060057883e-05,-108.23646071497416,0.026770994479809074,0.42521008403361343,0.0003269398940245223,-0.15966386554621848,0.17729327255318406,18,17,17,16517.978888888887,23194.27941176471,0.7121574503629787,-6676.300522875823,11.76470588235294,0.0352209757120568,0.09355481422716007
tolima,papa,35,2007,2024,18,1,97.22222222222221,626179.45,17890.841428571428,1331.5142857142857,1250.7257142857143,14.712700176951671,0.3564096729726306,6376.468942762334,0.3747811176829767,0.18163716299279825,-444.3656146672006,0.13761960813181032,0.028239386539397084,-56.949883605414975,0.3690613280464977,-0.30084033613445377,0.011020240921748563,-0.42857142857142855,0.0002930525201924893,18,17,17,20470.58611111111,15159.347058823529,1.3503606739576666,5311.239052287583,70.58823529411765,0.032097099648659234,0.2770636521713945
antioquia,repollo,35,2007,2024,18,1,97.22222222222221,590768.33,16879.095142857142,352.4657142857143,332.54285714285714,51.89875332058711,0.4782722096145686,8072.8021302688185,0.49630241531983016,0.10929939869852347,-1195.794765357413,0.6217626123686856,1.855375617983918e-08,-28.881675637204765,0.7724638467526138,-0.6235294117647059,1.373698787656893e-07,-0.8151260504201681,5.670380006915891e-12,18,17,17,17030.07777777778,16719.231176470592,1.018592158815571,310.8466013071884,47.05882352941176,0.03492025013930324,0.32064196932695327
narino,zanahoria,35,2007,2024,18,1,97.22222222222221,574945.42,16427.012000000002,681.5028571428571,650.3637142857143,24.86732810306134,0.34427333512184466,5655.382207326565,0.26262550336731755,0.10924900301879657,57.55967053660128,0.002935435890212433,0.7572321529344326,7.4281734205180685,0.04881067736154008,0.018487394957983194,0.8758629604320756,0.1868689516788027,0.11486987100566605,18,17,17,16674.112222222222,16165.376470588237,1.0314707023718002,508.7357516339853,58.82352941176471,0.03186107787378058,0.25856503560019845
narino,arveja,35,2007,2024,18,1,97.22222222222221,485697.12,13877.060571428572,5922.286571428572,5555.599428571429,2.3551684444908014,0.5380425065223106,7466.448453013357,0.3142086053406076,0.3384481049520269,1142.234060021055,0.6631961452668015,2.655788769108366e-09,204.66126936820731,0.34278062244585195,0.6100840336134453,2.5346878171725917e-07,0.35798319327731093,0.002487112129906909,18,17,17,14102.803888888891,13638.03823529412,1.0340786296075923,464.7656535947717,58.82352941176471,0.03660624581228046,0.3037951755849065
caldas,tomate,35,2007,2024,18,1,97.22222222222221,473580.99,13530.885428571428,335.88731601731604,321.7202445887446,39.13207533714403,0.7526698711913409,10184.289792627647,0.5233655656999668,0.25425681698626157,-1525.5099518111592,0.635811701395929,9.834555957275993e-09,-27.641357752607263,0.7006178025071865,-0.6571428571428571,2.811941346133956e-08,-0.6504201680672269,3.886033566680042e-08,18,17,17,14032.84,12999.404117647058,1.0794987118640325,1033.435882352942,58.82352941176471,0.04429502513467139,0.11898486147825811
cordoba,patilla,35,2007,2024,18,1,97.22222222222221,450407.28,12868.77942857143,1029.6482857142857,910.554,14.290020772137941,0.3104494697138047,3995.1057494639194,0.3234943815628723,0.15517507740853476,-81.29453998191067,0.011733460620197648,0.5356597166183614,-13.842075975268006,0.04893854966121148,-0.07226890756302522,0.5414236472276195,-0.14802360155349878,0.21135359371939533,18,17,17,12449.387777777778,13312.841176470587,0.9351413130189749,-863.4533986928091,29.411764705882355,0.031246434032938614,0.263014574837113
valle del cauca,arroz,35,2007,2024,18,1,97.22222222222221,449933.31,12855.237428571429,2123.104,2104.7611428571427,5.983653218762246,0.34883996722385613,4484.420603237746,0.26048318147119465,0.12433019459889777,-691.372940408938,0.6735533496543442,1.5749941560338043e-09,-89.40203253117447,0.740547288192255,-0.5630252100840336,1.9602492680890815e-06,-0.6156436155520518,2.011752366643032e-07,18,17,17,12686.483333333334,13033.918235294117,0.9733437869036208,-347.43490196078346,52.94117647058824,0.03194892814115363,0.1516991903190055
cundinamarca,habichuela,35,2007,2024,18,1,97.22222222222221,442611.62,12646.046285714285,1433.6371428571429,1347.5422857142855,9.365849301742177,0.2369857183551577,2996.9323633725735,0.19229348504310761,0.11426383848344775,-72.46120190382996,0.016565979008229766,0.4612005249763309,-12.854426701066087,0.06161092344973337,-0.06554621848739495,0.5796775023571927,-0.2691338210063614,0.02305884419513907,18,17,17,12868.839999999998,12410.14705882353,1.0369611205251867,458.6929411764686,47.05882352941176,0.03013021701546657,0.26234410769035965
huila,frijol,35,2007,2024,18,1,97.22222222222221,428442.02999999997,12241.200857142856,10757.040571428573,10396.467428571428,1.2097006074170957,0.13207874181587384,1616.802407526825,0.20205138004525602,0.15438706301602872,-208.58384502468755,0.47163645544840654,5.223941470959567e-06,-340.2913503254601,0.6946283241990597,-0.4756302521008403,5.8444363787764376e-05,-0.6571428571428571,2.811941346133956e-08,18,17,17,12377.042222222222,12097.368823529412,1.023118531208939,279.6733986928102,64.70588235294117,0.029055610610080485,0.09998560464958732
narino,lechuga,34,2007,2024,18,2,94.44444444444444,420850.36,12377.951764705882,400.97058823529414,391.8176470588235,31.345690082764758,0.6870480151354208,8504.247191383156,0.6503785967262783,0.10986567263084084,1531.838778473923,0.8711773735127545,8.588627915259674e-16,48.5824057093067,0.9318644308175442,0.7718360071301248,1.371868620455324e-10,0.8395721925133691,2.9035972499794722e-12,17,17,16,12317.678823529412,12438.224705882354,0.9903084334618965,-120.5458823529425,31.25,0.0428868115729673,0.32357480833283003
santander,maiz,35,2007,2024,18,1,97.22222222222221,419372.76000000007,11982.078857142858,6348.902571428572,5853.063714285715,2.048381454060421,0.40381229602043894,4838.510774400815,0.3863305150163125,0.14397318276676388,-518.7047569058318,0.3256694044410616,0.00034401700922626435,-288.77469240692153,0.39279217910467384,-0.30756302521008405,0.009353334884500302,-0.42857142857142855,0.0002930525201924893,18,17,17,13510.354444444445,10363.904705882353,1.303596938398732,3146.4497385620925,82.35294117647058,0.033097296811582154,0.09355481422716007
huila,tomate,35,2007,2024,18,1,97.22222222222221,398207.16000000003,11377.34742857143,676.7282857142858,651.5305714285714,17.41783333239038,0.16850188306314806,1917.1044659779511,0.11306565258211933,0.08820130883961984,-75.1047954569044,0.04349143133471753,0.22927022774719916,-6.077097400768057,0.17875667637670134,-0.07563025210084033,0.5227810104666992,-0.26767714699936607,0.02391554867086488,18,17,17,11839.962222222222,10887.52,1.0874801811819608,952.442222222222,70.58823529411765,0.029359475980618867,0.11898486147825811
arauca,maiz,35,2007,2024,18,1,97.22222222222221,395742.02999999997,11306.915142857142,7826.4857142857145,7615.271428571428,1.470602915492337,0.3587569250513608,4056.4341084680964,0.30221571059072555,0.11319949389176702,-644.945431104785,0.7163363878234639,1.5076660692187478e-10,-367.9386889669796,0.6857142395910312,-0.6840336134453782,7.470824316982458e-09,-0.680672268907563,8.841323591712908e-09,18,17,17,12089.038333333334,10478.784705882354,1.1536679751180545,1610.2536274509803,76.47058823529412,0.03214369148021099,0.09355481422716007
cordoba,algodon,20,2007,2024,18,16,55.55555555555556,387741.13,19387.0565,11025.369999999999,10257.07,1.6396549724195784,0.9742160977252192,18887.182529808346,0.7455425751900349,0.37988473941309037,-3120.5085251275327,0.8765778838425601,1.3073921492232015e-09,-1355.0838048800474,0.872720509796804,-0.768421052631579,1.0352946382857873e-07,-0.7263157894736842,8.334889271753901e-07,3,17,3,5989.400000000001,21751.34882352941,0.27535763637430144,-15761.948823529408,100.0,0.09508210774068031,0.34808008457503015
tolima,frijol,35,2007,2024,18,1,97.22222222222221,364199.61000000004,10405.703142857144,7970.374285714285,7373.571428571428,1.409511271113849,0.25028279322687286,2604.3684480839356,0.2169618289749359,0.14032730107421862,73.77361594235131,0.02273825925246927,0.3872259872888256,-35.18925907803628,0.011734269807810739,0.025210084033613446,0.831310207979425,-0.1495798319327731,0.20625606734135327,18,17,17,10972.50111111111,9805.564117647058,1.1190076347942,1166.9369934640526,88.23529411764706,0.03031004914604502,0.09998560464958732
antioquia,frijol,35,2007,2024,18,1,97.22222222222221,359781.23,10279.463714285714,7546.235142857142,7211.6237142857135,1.4339822390778036,0.2916608376624997,2998.1169976298415,0.30027749172357965,0.08577354798459494,-399.6750457423306,0.5035896975383612,1.812244049439438e-06,-349.9089084115476,0.6757152112371368,-0.5563025210084034,2.593041861684119e-06,-0.626890756302521,1.1763427238981204e-07,18,17,17,10865.849444444444,9658.584705882351,1.124993958776055,1207.264738562093,82.35294117647058,0.03093244530912955,0.09998560464958732
vichada,maiz,35,2007,2024,18,1,97.22222222222221,341394.79,9754.136857142856,2089.4351428571426,2029.8971428571426,2.595061425962535,2.388168203054926,23294.51949047468,1.8180582658236017,0.5855874772890962,115.62850288391681,0.0006982038119737875,0.8802339306063254,9.236666370119964,0.00016753943730767808,-0.047098418676113245,0.6908659331698086,-0.033641727625795176,0.7763664793371188,18,17,17,7092.806666666666,12572.01588235294,0.5641741732622755,-5479.209215686274,52.94117647058824,0.18686841669127197,0.09355481422716007
antioquia,pimenton,35,2007,2024,18,1,97.22222222222221,339832.05000000005,9709.487142857144,238.95514285714287,223.5358095238095,42.66834956234859,0.43888717357345897,4261.369368976411,0.25716780894086,0.31765675249636843,482.1734027252644,0.3628006568082051,0.00012895247745496532,8.61726035318714,0.5572272915540811,0.4789915966386554,5.178789682317931e-05,0.5155871563859168,1.3804150070189633e-05,18,17,17,10174.82,9216.781764705882,1.1039449842419795,958.0382352941178,58.82352941176471,0.033917670480267906,0.20914195862847876
narino,cebolla de rama,25,2007,2024,18,11,69.44444444444444,338394.7,13535.788,900.4580000000001,858.1519999999999,14.202143567795044,0.6514628129601847,8818.062526112713,0.4009284168736531,0.38747510943991254,1171.9851509487116,0.5748718275174504,1.1284361257714899e-05,42.86530740276038,0.4588010894876565,0.4799999999999999,0.0005531229581787489,0.39333333333333326,0.005412547327037236,18,7,7,12254.816666666668,16829.714285714286,0.728165461315587,-4574.897619047619,71.42857142857143,0.05629710579212787,0.28987950216277486
narino,maiz,35,2007,2024,18,1,97.22222222222221,337511.57,9643.187714285714,6973.082571428572,6409.693428571428,1.5832300198622054,0.4362622385834482,4206.9586593146905,0.5096607318881426,0.17716980624376577,-458.4501399700489,0.33651750004308745,0.0002595567404307396,-397.9913612976885,0.35538185613963363,-0.47226890756302525,6.590568456431206e-05,-0.4991596638655462,2.4666978970391433e-05,18,17,17,12181.716111111113,6955.3341176470585,1.7514206945434425,5226.381993464054,100.0,0.033853911173608656,0.09355481422716007
cauca,maiz,35,2007,2024,18,1,97.22222222222221,327026.10000000003,9343.602857142858,5297.634285714285,4630.76,2.0185685594572864,0.38825068698394016,3627.660228190821,0.2957711691291322,0.2231064809843234,353.3385451418235,0.2688368196272891,0.0014184623172677584,108.90919665495309,0.13690313966678153,0.37142857142857144,0.0016980538458933757,0.2168067226890756,0.06695369499580067,18,17,17,9617.858888888888,9053.214117647058,1.062369536819105,564.6447712418303,70.58823529411765,0.032755193683329825,0.09355481422716007
la guajira,maiz,35,2007,2024,18,1,97.22222222222221,318821.63,9109.189428571428,6737.1957142857145,5415.604285714287,1.6038141667738695,0.6739239807280383,6138.901200908621,0.5658918911787275,0.15579556729360872,168.15973325623122,0.021262907750249808,0.40325485188880295,38.4869749269754,0.002887767391116538,0.20672268907563024,0.08067617656919543,0.16638655462184873,0.1597414156951522,18,17,17,4909.915,13555.48,0.3622088631313683,-8645.564999999999,0.0,0.041177061290784536,0.09355481422716007
antioquia,lechuga,35,2007,2024,18,1,97.22222222222221,308883.79000000004,8825.251142857143,354.74114285714285,332.86285714285714,26.294620550705904,0.43682508810121734,3855.0911079939406,0.4214822785712655,0.1070611936030889,694.42580060199,0.9194800846435401,1.2704178862263309e-19,20.339402458372263,0.5243901710274861,0.8319327731092436,2.069649255260139e-12,0.702021196847394,3.1575205700434873e-09,18,17,17,8901.269444444444,8744.761176470587,1.0178973747613567,156.50826797385707,47.05882352941176,0.03386755049650418,0.32357480833283003
tolima,tomate,35,2007,2024,18,1,97.22222222222221,299706.92,8563.054857142857,362.2214285714286,340.84285714285716,26.024667604882044,0.5284408724855195,4525.068179849937,0.25999029499315407,0.5649712347176067,458.3041258544254,0.2906813730145079,0.0008320392176590621,-9.230116542858417,0.27221480454414454,0.4205215953224397,0.0003841846128570553,-0.43266054577884955,0.0002617258792827607,18,17,17,8802.197777777777,8309.844705882353,1.0592493709956936,492.35307189542436,58.82352941176471,0.03632203403612305,0.11898486147825811
cesar,ahuyama,34,2007,2024,18,2,94.44444444444444,283039.68000000005,8324.696470588236,768.1,641.2323529411765,13.376816559404743,0.6573578227925082,5472.304347314361,0.5461793774610814,0.4415585972230059,440.8536924487921,0.18920654979024237,0.010143421184478611,47.25682971568324,0.3699224825220621,0.36039265008571336,0.0027456484658121244,0.46387172783309644,0.00011583428540564388,18,16,16,9550.233333333334,6945.9675,1.3749320499028155,2604.265833333334,81.25,0.0417473504646667,0.0821380302774234
norte de santander,maiz,35,2007,2024,18,1,97.22222222222221,282465.53,8070.443714285715,3901.280857142857,3737.511142857143,2.2563190547456347,0.40569375917727635,3274.1286486771924,0.19600501010362636,0.45626727440735126,161.80278739083383,0.06920547301565513,0.12679729002176185,-120.37175333244372,0.702199179581804,0.16638655462184873,0.1597414156951522,-0.6705882352941177,1.4585321461342364e-08,18,17,17,7920.311666666667,8229.40705882353,0.9624401381597169,-309.09539215686254,47.05882352941176,0.03313956938122714,0.09355481422716007
quindio,tomate,35,2007,2024,18,1,97.22222222222221,281242.26,8035.4931428571435,147.5409285714286,139.74235714285714,57.16411530189714,0.4996652496276267,4015.056687106797,0.3826036794235199,0.3109294903269567,-15.624914668683166,0.0004291527196989547,0.905973313274298,1.283462479427072,0.014648830981052926,0.06218487394957983,0.5992683277904803,0.1262628051883802,0.2867301136482111,18,17,17,8410.017777777779,7638.937647058824,1.10094075463698,771.0801307189549,52.94117647058824,0.03550091616106523,0.11898486147825811
boyaca,maiz,35,2007,2024,18,1,97.22222222222221,277013.58,7914.673714285715,6078.529714285713,5553.300000000001,1.4326728571341396,0.5151110807566084,4076.936130801634,0.4956987834604048,0.09338854762723207,-335.3346375457794,0.19171184101975136,0.008524199942342279,-277.27116275966375,0.23995871987382472,-0.24033613445378152,0.042274801642017606,-0.280672268907563,0.017709376776463923,18,17,17,10619.441111111111,5050.802352941176,2.1025255729769774,5568.6387581699355,82.35294117647058,0.035935951402138934,0.09355481422716007
magdalena,arroz,35,2007,2024,18,1,97.22222222222221,273857.69,7824.505428571429,1549.3714285714286,1458.0857142857142,5.3690015424371165,0.45890787762616725,3590.7271797001385,0.4326353483703687,0.09621313810534322,111.60525806977748,0.027375648581328658,0.34217845934428126,14.699212668475607,0.013626771794395611,0.1226890756302521,0.29987357569239914,0.1547519470786578,0.19132701345917202,18,17,17,8400.378888888888,7214.757058823529,1.16433288333879,1185.621830065359,52.94117647058824,0.034416554257151025,0.1516991903190055
cundinamarca,frijol,35,2007,2024,18,1,97.22222222222221,270928.47,7740.813428571428,4925.819428571428,4322.024571428572,1.8025424941106507,0.44772378520368095,3465.746288795483,0.4023370255202371,0.23526362914854532,298.6541955429029,0.21042804962359035,0.005577984303759189,119.09069643995674,0.10232426101954316,0.31092436974789917,0.008607429037984098,0.23697478991596638,0.04524152225849651,18,17,17,5952.250555555555,9634.585882352942,0.6178003526293656,-3682.335326797386,17.647058823529413,0.034135121621601476,0.09998560464958732
antioquia,remolacha,35,2007,2024,18,1,97.22222222222221,263956.55,7541.615714285714,267.78142857142853,265.0,26.972037486701637,0.5689745287869471,4290.987247327949,0.5008565863210738,0.1542360118869164,152.6127826460864,0.03584489378116043,0.27602727177447556,3.085650845899501,0.014999120745776962,-0.052365537248991324,0.6594811340114302,-0.03220454629145836,0.7870555406955099,18,17,17,7798.333333333333,7269.797058823529,1.0727030301166807,528.5362745098037,58.82352941176471,0.03755664366521074,0.5121386892145101
bolivar,ahuyama,35,2007,2024,18,1,97.22222222222221,256919.46,7340.556,850.0428571428571,711.1857142857143,9.761487570599021,0.96285403359263,7067.883953412581,0.8721894057240202,0.24104825907300828,841.6989907032605,0.4018784472041227,4.33976405551015e-05,96.5461871506309,0.48053709490948027,0.5180826054372457,1.21721044238678e-05,0.5025210084033613,2.1739923315681585e-05,18,17,17,10275.389444444445,4233.085294117647,2.4273995751333586,6042.304150326798,88.23529411764706,0.054302847559339035,0.0821380302774234
casanare,maiz,35,2007,2024,18,1,97.22222222222221,255101.56,7288.616,2393.8942857142856,2223.5514285714285,2.7256678519834754,1.4008849076032055,10210.512151715246,0.5568175744015604,0.42833679065548697,890.9885426211769,0.2157789666902978,0.0049353294854691835,105.641725605326,0.17798979057803985,0.3142857142857143,0.00791515454135814,0.23025210084033615,0.05170326494210158,18,17,17,5024.292222222222,9686.135294117648,0.5187096886075353,-4661.843071895426,70.58823529411765,0.08304022026768572,0.09355481422716007
santander,arroz,35,2007,2024,18,1,97.22222222222221,248394.21,7096.977428571428,1321.5974285714285,1224.5545714285715,5.5129315095349805,0.8322347193861613,5906.351018757064,0.6154739533638492,0.18981791424846128,660.2530407900006,0.35411329763557464,0.00016294565213129854,87.05109247809267,0.3245567516370102,0.4151260504201681,0.0004519072031468842,0.44873949579831934,0.00014956996681664522,18,17,17,6167.022777777778,8081.635294117648,0.7630909529246571,-1914.6125163398701,52.94117647058824,0.047795018250742796,0.1516991903190055
tolima,algodon,21,2007,2024,18,15,58.333333333333336,245010.25000000003,11667.154761904763,5079.362843439534,4756.963795820487,2.1613699465011607,0.868805181646085,10136.484512209654,0.6194587921608204,0.30946209366548966,-1549.037693911135,0.7602350546546137,2.618340938627369e-07,-455.0556736504377,0.680901656215545,-0.7333333333333334,2.6309911973522423e-07,-0.6857142857142857,2.402167297910013e-06,18,3,3,12875.622222222222,4416.349999999999,2.915444251977815,8459.272222222222,0.0,0.08185135798889281,0.34808008457503015
choco,maiz,35,2007,2024,18,1,97.22222222222221,244139.75,6975.421428571429,5512.338,5136.855428571428,1.447682374456921,0.6702420064595,4675.220454186307,0.40805432140032116,0.6706525241576639,3.543614607891123,1.6279786358621178e-05,0.9816474994009989,-165.06324763133318,0.15259947969128002,-0.11932773109243698,0.3133096588729015,-0.30084033613445377,0.011020240921748563,18,17,17,7344.085555555556,6585.071176470588,1.1152628967469684,759.0143790849679,64.70588235294117,0.04103969616781806,0.09355481422716007
sucre,patilla,34,2007,2024,18,2,94.44444444444444,241816.6,7112.252941176471,834.2426470588235,721.7573529411765,9.282251566727117,1.012172011597538,7198.823366461094,0.9013709426542168,0.42639822309291997,443.7640079486393,0.11078189825117102,0.054427441056831116,51.095811678385786,0.13460661709920432,0.03386809269162211,0.7782008366091302,0.06595365418894832,0.5833456068433199,18,16,16,11343.905555555555,2351.64375,4.823819745467635,8992.261805555554,81.25,0.058657648767323885,0.263014574837113
cundinamarca,arroz,35,2007,2024,18,1,97.22222222222221,235481.66999999998,6728.0477142857135,1215.7285714285715,1179.9257142857143,5.823108396206101,0.8647772406314577,5818.262537196785,0.776948749438959,0.20866292329704117,-825.3664277982892,0.5702521019662732,1.5865996222375547e-07,-142.37020150349187,0.6437839303615605,-0.6033613445378151,3.4269183831548674e-07,-0.6784521398788963,1.0384167801837348e-08,18,17,17,8457.076111111111,4897.3117647058825,1.726881300892433,3559.764346405229,82.35294117647058,0.04932779508659703,0.1516991903190055
cauca,tomate,35,2007,2024,18,1,97.22222222222221,234106.88999999998,6688.768285714285,200.11630757425235,186.58627749906438,34.2541611285798,0.7994228120619558,5347.1539521965415,0.32414282153580476,0.43759990924870684,186.36211719526128,0.034421502085599395,0.2859500904083678,2.0346557053001764,0.027880721363082568,0.21344537815126052,0.07129688030218699,0.14285714285714285,0.2273852697037324,18,17,17,7303.795,6037.563529411764,1.2097255729765555,1266.2314705882363,52.94117647058824,0.04630907126786249,0.11898486147825811
cundinamarca,repollo,35,2007,2024,18,1,97.22222222222221,230450.57,6584.302000000001,258.02428571428567,226.5837142857143,29.435436644880962,0.6301438415295344,4149.057356070597,0.6919718750672968,0.11116455912227083,-619.0342176356332,0.630798072521355,1.2368188759842991e-08,-28.34613970315674,0.7142491209836899,-0.7210084033613445,1.1122035464036927e-09,-0.8390928231378646,1.500386974033291e-12,18,17,17,6820.0199999999995,6334.718235294119,1.076609842250284,485.3017647058805,82.35294117647058,0.03959245948946805,0.32064196932695327
caldas,maiz forrajero,17,2007,2016,10,3,85.0,227808.0,13400.470588235294,269.94117647058823,235.94117647058823,55.62691990585287,0.5797177087219346,7768.490105207439,0.3813498116487202,0.504771967414815,-1545.2128793143381,0.3139688438700566,0.019310278932273522,-13.122538800092652,0.1289536190371303,-0.44781107551989907,0.013138671481419771,-0.2078876786025711,0.28087457672645255,10,7,7,13841.6,12770.285714285714,1.083891175944156,1071.3142857142866,57.14285714285714,0.07742962612073687,1.0
antioquia,cebolla de rama,25,2007,2024,18,11,69.44444444444444,225477.57,9019.1028,417.12480000000005,400.3452,22.845776973517093,0.21945185313851515,1979.258823106771,0.20413702782760354,0.18091098644069828,177.79155294117638,0.2429090397624237,0.012308496995660154,1.938930103806228,0.015609008581225842,0.39333333333333326,0.005412547327037236,0.01333333333333333,0.9447431182315829,18,7,7,9368.020555555557,8121.885714285714,1.1534292509285125,1246.1348412698426,100.0,0.04184931004848365,0.28987950216277486
cauca,arroz,35,2007,2024,18,1,97.22222222222221,223959.08000000002,6398.830857142858,1264.0,1202.942857142857,5.259386717934513,0.32990394518731486,2110.9995443577563,0.23936113511663965,0.12507555419569608,128.7689973755616,0.10544021250430034,0.05701308111860569,19.295849828744277,0.11526204615960993,0.24369747899159663,0.03947435091450274,0.20336134453781513,0.08572855119958067,18,17,17,6685.268333333334,6095.544117647059,1.0967467717900654,589.7242156862758,52.94117647058824,0.031592199872412456,0.1516991903190055
narino,cebolla de bulbo,35,2007,2024,18,1,97.22222222222221,222764.05,6364.687142857142,414.3782857142857,404.82,13.938564678904024,0.8409543259670217,5352.411186212397,0.6764319702352104,0.24347539959468606,863.1212016072834,0.7368932075010988,4.3007184198376566e-11,42.84569221416606,0.6621128565465131,0.6941176470588235,4.4861480276574534e-09,0.6492853431778469,4.198181229015892e-08,18,17,17,7090.325555555555,5596.364117647059,1.2669521508076245,1493.961437908496,64.70588235294117,0.04819995270557553,0.32705758908039645
risaralda,tomate,35,2007,2024,18,1,97.22222222222221,218062.82,6230.366285714286,124.58285714285714,120.58600000000001,50.58954740047227,0.5654648206124206,3523.0529541011024,0.4538308539289214,0.251172503587285,-134.63688581468796,0.0413856420126064,0.241143736459265,-5.8492519609151445,0.30328852020375957,-0.038655462184873944,0.7439455285232186,-0.2825905120566795,0.01702899019580365,18,17,17,6524.302777777778,5919.139411764706,1.102238403915655,605.1633660130719,70.58823529411765,0.0374461353093127,0.11898486147825811
la guajira,arroz,35,2007,2024,18,1,97.22222222222221,207225.41999999998,5920.726285714285,1079.4285714285713,1010.1485714285714,6.0014715637334755,0.24060049789124044,1424.5296922206117,0.2731157461445632,0.1432591411910055,-89.63508429340332,0.11219486335098121,0.04919623525875622,-34.046750589386605,0.37794618358506016,-0.20521453851735058,0.08314021112359173,-0.43061411361017826,0.0002769760281649482,18,17,17,5820.819444444443,6026.51,0.9658690426871346,-205.69055555555678,41.17647058823529,0.030178132559924443,0.1516991903190055
valle del cauca,melon,35,2007,2024,18,1,97.22222222222221,203782.00000000003,5822.342857142858,198.1045714285714,192.98171428571428,29.996144157278554,0.6721643232902141,3913.571146535041,0.6774924316612075,0.10651165075341064,-676.028980027579,0.8455593256780535,6.139739802714328e-15,-22.159139124890654,0.772445417143285,-0.7949579831932774,1.8515134657569044e-11,-0.7861964003063142,3.280262793577779e-11,18,17,17,6310.194444444444,5305.794117647059,1.189302544449803,1004.4003267973858,70.58823529411765,0.04111131904909592,0.11954846649300852
atlantico,maiz,35,2007,2024,18,1,97.22222222222221,194894.75,5568.421428571429,4818.185714285714,3787.8785714285714,1.444251625059563,0.4959618941152887,2761.7248389464476,0.2720071327807223,0.36108891144235133,327.6838337559125,0.39894143303224744,4.720288892591286e-05,-3.7738164079296537,0.0002349599297311537,0.41848739495798315,0.00040599397964709066,-0.015126050420168069,0.898297050215243,18,17,17,6097.263333333333,5008.471176470588,1.2173901213563547,1088.7921568627453,76.47058823529412,0.035398578623747304,0.09355481422716007
narino,frijol,35,2007,2024,18,1,97.22222222222221,189685.38,5419.582285714286,5518.6254285714285,4987.143142857143,1.1146667875321261,0.3083315244418482,1671.0280679923217,0.29708486975886145,0.21179642077003086,-15.441722788132214,0.0024198248769731856,0.7789997034205789,-167.1044182494848,0.2943831072873568,-0.038655462184873944,0.7439455285232186,-0.42521008403361343,0.0003269398940245223,18,17,17,6002.111666666667,4802.786470588235,1.2497144529374717,1199.3251960784319,82.35294117647058,0.03121005974269188,0.09998560464958732
norte de santander,frijol,35,2007,2024,18,1,97.22222222222221,186029.55,5315.13,3018.228571428571,2961.944285714286,1.8086972332599722,0.12751250165758607,677.7455229352854,0.11710706049913433,0.13211854893864636,32.571334311937505,0.06544820030665334,0.13798224745341361,-40.676682531915844,0.3753017275071273,0.146218487394958,0.21663533120013578,-0.39831932773109247,0.0007633879309194244,18,17,17,5266.281111111111,5366.852352941176,0.9812606654299053,-100.57124183006454,52.94117647058824,0.029022710934436886,0.09998560464958732
cundinamarca,arveja,35,2007,2024,18,1,97.22222222222221,183626.96,5246.484571428571,3108.9357142857148,2910.793714285714,1.8076354634379395,0.23734058495849586,1245.2037171585805,0.18704433009682012,0.18591201155131548,27.62066604391859,0.013942716607976496,0.4993163670366392,-69.80357412926472,0.40832189111039446,-0.055462184873949584,0.6393217922234354,-0.39360821322180356,0.0008890490306585474,18,17,17,5403.276666666667,5080.469411764706,1.0635388639786798,322.80725490196073,70.58823529411765,0.030134888825409788,0.3037951755849065
caqueta,maiz,35,2007,2024,18,1,97.22222222222221,182993.91999999998,5228.397714285714,4393.957142857143,3980.7085714285713,1.3662423185615027,0.4537721054525667,2372.5010389548156,0.5016863676200176,0.24615951391580312,99.12682502261171,0.049468585582458376,0.19907337955347554,-50.06634491348252,0.014617579475704887,0.1226890756302521,0.29987357569239914,-0.1764705882352941,0.1359220216538575,18,17,17,6422.522222222223,3964.0305882352945,1.6201999654804375,2458.4916339869283,82.35294117647058,0.034286457310492326,0.09355481422716007
valle del cauca,pimenton,35,2007,2024,18,1,97.22222222222221,182126.83999999997,5203.623999999999,316.12428571428575,301.2607142857143,17.19982230196071,0.27718168358026624,1442.349261038679,0.24961766607130112,0.05755567821882145,196.71278294263305,0.5270893187823682,7.97583348092479e-07,9.392535177853892,0.40147566425813125,0.46554621848739497,8.36145204950467e-05,0.36532038301171343,0.0020538530661537015,18,17,17,5154.629999999999,5255.5,0.9808067738559603,-100.8700000000008,41.17647058823529,0.030703844338139837,0.20914195862847876
cesar,patilla,35,2007,2024,18,1,97.22222222222221,181714.9,5191.854285714286,505.7865714285714,446.82,11.804883864415615,0.5431786817848112,2820.1045669331083,0.5137250469947056,0.18136282191810763,234.60469878267577,0.1961114324166067,0.007719596663200935,12.705400708746653,0.06775488085990387,0.280672268907563,0.017709376776463923,0.15811611984123733,0.18185368310857764,18,17,17,6459.272222222222,3849.8823529411766,1.6777843139252195,2609.3898692810453,94.11764705882352,0.03676037937285429,0.263014574837113
risaralda,cebolla de rama,30,2007,2024,18,6,83.33333333333334,178638.48999999996,5954.6163333333325,177.34633333333335,175.30633333333336,33.41874246368281,0.8196247828716255,4880.551119292168,0.8025294419037188,0.2138450168121656,-247.07292376643684,0.06966952227872955,0.15871059462004106,-11.640151367806853,0.18183653017886783,0.0920598998491251,0.47537878657305,0.027746128276254577,0.8303420157660484,18,12,12,6937.571111111111,4480.184166666667,1.5485013233892977,2457.3869444444445,41.66666666666667,0.05497973195135938,0.28987950216277486
la guajira,ahuyama,35,2007,2024,18,1,97.22222222222221,178395.94999999998,5097.027142857142,792.2114285714287,658.0857142857143,7.323751773903543,0.8941623303426292,4557.569667876775,0.6972982018266275,0.2585838662513603,676.4636893376633,0.6242840955025553,1.6584306022846126e-08,84.31919102056554,0.6602273156040489,0.6504201680672269,3.886033566680042e-08,0.6560136887030059,3.040003413570393e-08,18,17,17,3537.327777777778,6748.4735294117645,0.5241670968050921,-3211.1457516339865,5.88235294117647,0.05076236186296154,0.0821380302774234
santander,ahuyama,35,2007,2024,18,1,97.22222222222221,166311.48000000004,4751.756571428573,258.95057142857144,233.23342857142856,21.396558981390726,0.5033805586528203,2391.941877507925,0.4266118960984868,0.30022593960835137,107.9501244013464,0.0577171625920516,0.16448583273472434,12.840294174339817,0.38283373450585567,0.1899159663865546,0.10854623090377957,0.3633306583585879,0.0021562739687063597,18,17,17,5042.179999999999,4444.249411764707,1.1345402862972689,597.9305882352928,70.58823529411765,0.03560434902221,0.0821380302774234
magdalena,aji,35,2007,2024,18,1,97.22222222222221,162607.18000000002,4645.919428571429,689.3594285714287,564.2099999999999,7.8904084783754005,0.5303983155518653,2464.187839103971,0.2889243425477621,0.2305064893480499,190.49091440179117,0.16934049946479734,0.014048457982105847,4.69183962753733,0.01572485081948726,0.24033613445378152,0.042274801642017606,0.031932773109243695,0.7872931892354373,18,17,17,4769.197777777777,4515.389411764706,1.0562096295286918,253.80836601307146,64.70588235294117,0.03637955974430098,0.20793444438942935
magdalena,ahuyama,33,2007,2024,18,3,91.66666666666666,160956.11,4877.457878787878,584.9881818181818,491.2121212121212,11.444486645494969,0.702521186115612,3426.5174942349972,0.693184434658496,0.3872669093052244,416.25646127695757,0.3946403284840176,9.068062143120183e-05,65.62411558482953,0.7003587084253932,0.47727272727272724,5.3948948132773416e-05,0.6502372589283282,1.0652759258375093e-07,17,16,15,5345.906470588236,4379.731250000001,1.2206014856706642,966.1752205882349,60.0,0.04480546606255387,0.0821380302774234
huila,melon,35,2007,2024,18,1,97.22222222222221,160107.41000000003,4574.49742857143,244.7105714285714,240.3162857142857,18.26868062804519,0.7570021264788594,3462.9042810006467,0.7013433756722449,0.09544059367498181,614.9337000133451,0.8935843151704042,1.2821910141772845e-17,30.495342882137518,0.8946642917160319,0.8016806722689076,1.2519770958201836e-11,0.7962974247213847,1.8343787835216465e-11,18,17,17,4815.006111111111,4319.841176470589,1.1146257268294024,495.164934640522,58.82352941176471,0.04447655139818735,0.11954846649300852
cesar,melon,33,2007,2024,18,3,91.66666666666666,158077.32,4790.221818181818,330.69393939393944,298.0284848484848,13.663172149572777,1.3551641754842705,6491.537000623126,0.7264218746624219,0.7296396166756389,212.83436628884436,0.02815484500246499,0.35062493815949547,13.652405228049247,0.08459656858860559,0.33554517443240256,0.006091029839723182,0.2201142482679994,0.07221131834403942,18,15,15,5530.095555555556,3902.3733333333334,1.4171108408102646,1627.7222222222222,80.0,0.08426725267264533,0.11954846649300852
caldas,papa,35,2007,2024,18,1,97.22222222222221,154402.0,4411.4857142857145,338.37142857142857,311.48571428571427,14.332332982448529,0.5013238855812927,2211.583159472079,0.4541103371279342,0.17944144774971899,14.01742211941939,0.0011383863468976184,0.8474180973585504,-3.0101863796094492,0.01087518240577139,0.02857142857142857,0.8092262462292724,-0.1092436974789916,0.3559586988465744,18,17,17,5938.833333333333,2794.294117647059,2.125342960795458,3144.539215686274,94.11764705882352,0.03554699730665066,0.2770636521713945
putumayo,maiz,35,2007,2024,18,1,97.22222222222221,154177.71,4405.077428571429,3686.758,3410.941142857143,1.2792535865464334,0.4263867468489622,1878.2666343863632,0.3811626183617823,0.1958519888908927,17.996076390433416,0.0026013637963859196,0.7710726415537777,-59.17083403763179,0.05024182878220269,0.055462184873949584,0.6393217922234354,-0.1361344537815126,0.25001374482882743,18,17,17,5118.693333333333,3649.484117647059,1.4025799724903367,1469.2092156862736,88.23529411764706,0.03361746315772,0.09355481422716007
santander,frijol,35,2007,2024,18,1,97.22222222222221,153961.91,4398.911714285714,3888.0985714285716,3564.4614285714283,1.2576842862359314,0.19152772061304005,842.5135338151433,0.21948144754192267,0.15198182361674148,-30.308034488382795,0.03667091081917306,0.2704608838217359,-99.97921429948255,0.3889638115027686,-0.08907563025210083,0.4516446963045264,-0.4319327731092437,0.0002624772272640319,18,17,17,4678.948333333334,4102.402352941176,1.1405386236625008,576.5459803921576,82.35294117647058,0.029589565309346696,0.09998560464958732
guaviare,arroz,33,2007,2024,18,3,91.66666666666666,152585.80000000002,4623.812121212121,1506.060606060606,1367.121212121212,3.5291691854656486,0.7725190014215452,3571.9827226396246,0.7748755617206686,0.21930462018928362,217.92857366313143,0.1025338021491708,0.06926238655821527,64.44282104611786,0.08399581919020094,0.3052134072520724,0.01259926513237619,0.2938389945594486,0.016309171877754974,18,15,15,5201.1161111111105,3931.047333333333,1.323086615367926,1270.0687777777775,73.33333333333333,0.04783943015779147,0.1516991903190055
valle del cauca,cebolla de rama,25,2007,2024,18,11,69.44444444444444,151578.04,6063.1216,344.61680088008796,336.840800880088,18.472577182476655,0.6208729402296949,3764.428134762172,0.48978196755176184,0.6820379670088573,124.60356166625748,0.03346867852136279,0.3814037126718216,-6.900565498620953,0.05105832487175671,0.15999999999999995,0.27546798247377474,-0.13689501547530641,0.3381560745567471,18,7,7,6958.385555555556,3761.014285714286,1.8501353695959253,3197.3712698412696,85.71428571428571,0.0548025551837235,0.28987950216277486
cundinamarca,cilantro,35,2007,2024,18,1,97.22222222222221,147268.61,4207.674571428571,379.8691428571429,351.954,11.672850768841629,0.4898572255038128,2061.159791382944,0.29267382275172926,0.2881104748418924,273.51649956259365,0.4990035775915159,2.1178766122529113e-06,13.759697225805501,0.43405212284479777,0.6470588235294117,4.5629507146046444e-08,0.5260504201680672,8.787215107542536e-06,18,17,17,4458.352222222222,3942.2511764705887,1.1309153127613971,516.1010457516331,58.82352941176471,0.035231545670907735,0.18391479166505917
cesar,tomate,35,2007,2024,18,1,97.22222222222221,146034.4,4172.411428571429,261.5837142857143,234.4414285714286,19.506089423431824,0.42159827506313186,1759.081461139412,0.4272399680967386,0.3348957235500091,181.92519905698154,0.3030914864339795,0.0006108574525691893,15.607928028112637,0.5526946727880881,0.3848739495798319,0.0011454445000980693,0.5618168513507794,2.09790809231201e-06,18,17,17,4474.844444444444,3852.1882352941175,1.1616370154099664,622.6562091503265,76.47058823529412,0.033504762112841695,0.11898486147825811
valle del cauca,ahuyama,35,2007,2024,18,1,97.22222222222221,145361.66999999998,4153.190571428571,257.9894285714286,240.10800000000003,17.230877687761012,0.19878181523853403,825.5787608201358,0.14994054013739128,0.09204978568144918,75.10017362810078,0.23449024600266313,0.0032023619960828064,-0.0859979538276759,0.00014005357410011785,0.3042016806722689,0.010156378915370136,0.020185036575477107,0.8646685425149012,18,17,17,4125.268333333333,4182.755294117647,0.9862561979503893,-57.48696078431385,58.82352941176471,0.029668149503970544,0.0821380302774234
santander,pimenton,35,2007,2024,18,1,97.22222222222221,143610.96000000002,4103.170285714286,246.23714285714283,223.42857142857144,19.177496426039518,0.4821344162907318,1978.2796106443327,0.37457450385317215,0.3496171703371452,-109.87477529172786,0.08741391537343576,0.08463499903969161,4.160971487033496,0.057672111267965114,-0.09243697478991597,0.43475617175843195,0.18534178824330344,0.1181395711400141,18,17,17,4580.029444444444,3598.260588235294,1.2728454018641941,981.7688562091503,94.11764705882352,0.03502320183073318,0.20914195862847876
boyaca,arveja,35,2007,2024,18,1,97.22222222222221,143314.46,4094.698857142857,3129.5917142857143,2891.1465714285714,1.3958391490381699,0.41142558212658914,1684.6638609330791,0.33388496954982516,0.1481198620434309,-163.32793944516115,0.2663510236242274,0.0015060245289795638,-102.70604540130186,0.2737680948507942,-0.3142857142857143,0.00791515454135814,-0.28403361344537814,0.016393190067244108,18,17,17,4099.818888888889,4089.2776470588246,1.0025777760132395,10.541241830064337,47.05882352941176,0.03326956271621134,0.3037951755849065
atlantico,melon,34,2007,2024,18,2,94.44444444444444,139251.6,4095.6352941176474,351.6754010695187,282.44010695187166,13.241256237243059,0.7251478158258847,2969.940987948817,0.5710583787338084,0.4709306058753871,393.47173341485774,0.5117043679966922,1.990278296096826e-06,12.170054751118641,0.10706012656049152,0.5329768270944742,9.314300612403643e-06,0.24420677361853835,0.042260195248074485,18,16,16,4932.394444444444,3154.28125,1.5637142199810001,1778.1131944444442,93.75,0.04442274974766669,0.11954846649300852
magdalena,patilla,34,2007,2024,18,2,94.44444444444444,134180.22999999998,3946.477352941176,530.0470588235294,442.10588235294114,8.805454187022551,0.6261703716013652,2471.1671906075485,0.47439250959985363,0.21182455564986608,288.1513393457657,0.39639184743091804,6.626100179482339e-05,31.514206664628535,0.45792667259408487,0.42105279911004134,0.00046708870164760915,0.5388048530984427,7.553145668903199e-06,18,16,16,4739.23,3054.630625,1.5514903704600944,1684.5993749999998,87.5,0.04060462632435635,0.263014574837113
valle del cauca,papa,28,2007,2024,18,8,77.77777777777779,131855.5,4709.125,263.44642857142856,259.75,18.255264696644236,0.2910652685043239,1370.6627325454242,0.21491962374664636,0.20920320922023303,-151.39348811160318,0.31695308348154105,0.0018145283382515712,-2.997021536581639,0.07279218465776392,-0.27814593934131077,0.03800141126091333,-0.19973811527658486,0.13802474404086554,18,10,10,4954.055555555556,4268.25,1.1606760512049565,685.8055555555557,30.0,0.03863190401058207,0.2770636521713945
magdalena,tomate,35,2007,2024,18,1,97.22222222222221,131309.76,3751.707428571429,324.98085714285713,264.0437142857143,14.196087718363001,0.47406999963331253,1778.571939287153,0.389753678016868,0.18805297881507674,-120.0406323858666,0.1290843524186474,0.034030787279026614,-14.286168468187958,0.3604918524772453,-0.2168067226890756,0.06695369499580067,-0.39831932773109247,0.0007633879309194244,18,17,17,4354.439444444444,3113.5205882352943,1.3985581020077622,1240.91885620915,70.58823529411765,0.034809175832472804,0.11898486147825811
norte de santander,cebolla de rama,27,2007,2024,18,9,75.0,130198.12,4822.152592592593,326.98148148148147,319.1785185185185,14.694998150028162,0.7010239536569239,3380.4444755962454,0.6740656573304568,0.11646494859746473,574.8875057939739,0.7732745514708614,1.56174812869814e-09,38.02365539838565,0.7957425948701302,0.8045657259205162,4.10002653509962e-09,0.7954293573868896,6.6623023373760004e-09,18,9,9,4114.737777777777,6236.982222222223,0.6597321639168799,-2122.2444444444454,33.33333333333333,0.05456419639728452,0.28987950216277486
narino,repollo,35,2007,2024,18,1,97.22222222222221,129456.43000000001,3698.7551428571433,156.25,151.22857142857146,24.478181577495846,0.6804858165085897,2516.9504134524886,0.6539873032046885,0.1499591741159918,-367.9366355292618,0.6055592880038592,3.751951348896203e-08,-13.878382485951105,0.5227077537741297,-0.5058823529411764,1.914540705938678e-05,-0.33641727625795176,0.004503258340328473,18,17,17,4071.929444444445,3303.629411764706,1.2325624145201366,768.3000326797387,64.70588235294117,0.0414237323918027,0.32064196932695327
caqueta,arroz,35,2007,2024,18,1,97.22222222222221,129039.18000000001,3686.8337142857144,1299.857142857143,1206.6,2.836297449022926,0.7021659864032558,2588.769231696208,0.523551116905043,0.27958072691394625,44.29605429770327,0.008296660756424207,0.6027948401867087,16.13369808579097,0.015926426571467485,0.09915966386554621,0.4020955799011128,0.09419683735222649,0.4264038863339936,18,17,17,4480.160555555555,2846.8405882352945,1.5737307435021244,1633.3199673202607,76.47058823529412,0.04225572282750722,0.1516991903190055
santander,melon,34,2007,2024,18,2,94.44444444444444,128755.67,3786.9314705882352,161.6529411764706,153.09058823529412,25.007935181986944,0.33761548472548064,1278.5267040648243,0.38121596135372215,0.15122118126598696,-97.47528217670431,0.16945605146425377,0.015568945748440706,-6.366264139406906,0.31113410651100826,-0.36898395721925137,0.0021502131954729263,-0.47185156168882686,9.042526927393102e-05,18,16,16,3967.480555555556,3583.81375,1.1070554533018229,383.66680555555604,68.75,0.03266563937056393,0.11954846649300852
tolima,sorgo,34,2007,2024,18,2,94.44444444444444,125207.0,3682.5588235294117,1296.6470588235295,1210.0882352941176,3.138620860563742,1.3694616486009665,5043.123077540624,1.3196709939678977,0.21054121575973184,-689.0784281550591,0.5323745075484552,9.786451129141514e-07,-244.65408628112857,0.582920225243601,-0.7611408199643495,2.451019426526581e-10,-0.7743089610752455,1.238678156369715e-10,17,17,16,4138.117647058823,3227.0,1.282342004046738,911.1176470588234,37.5,0.08294898947286587,0.20991452471081812
valle del cauca,repollo,35,2007,2024,18,1,97.22222222222221,124895.65,3568.447142857143,151.558,144.96085714285715,25.05456429962977,0.26232047850247675,936.0767620250817,0.22900443789496286,0.22800776792285884,31.770627789392535,0.032642889006372286,0.2989731140497814,-4.608619278501846,0.4996386879846651,0.07899159663865546,0.5044736861420589,-0.5054776042999184,2.0286035898819316e-05,18,17,17,3436.6972222222225,3707.9470588235295,0.9268463566771177,-271.2498366013069,35.294117647058826,0.030481313581240916,0.32064196932695327
guaviare,maiz,33,2007,2024,18,3,91.66666666666666,120466.71,3650.506363636364,2620.2727272727275,2375.090909090909,1.6922202412901346,0.5776278464357857,2108.634129227404,0.6430207613606098,0.31648182626616955,-102.0028427739545,0.06906755337670088,0.13951071735266776,-121.90947591318158,0.15451972573969935,-0.10826254763665606,0.37696632169746624,-0.19183363704039055,0.11746582436343501,18,15,15,4073.109444444444,3143.3826666666664,1.2957726997851289,929.7267777777774,60.0,0.04010736981386354,0.09355481422716007
risaralda,maiz,35,2007,2024,18,1,97.22222222222221,118386.46,3382.470285714286,878.1094285714286,823.4042857142856,4.089552149774362,0.3577034413968494,1209.9212616225846,0.30019736520870327,0.12751599653368834,-40.679376213988114,0.032032753791257654,0.30360946511052156,-23.953259938021745,0.23397968128755567,-0.02184873949579832,0.8535281829769198,-0.3310924369747899,0.005147074191523642,18,17,17,3960.362777777778,2770.5841176470585,1.4294324263798743,1189.7786601307193,82.35294117647058,0.03212274250413312,0.09355481422716007
huila,ahuyama,35,2007,2024,18,1,97.22222222222221,117128.04000000001,3346.515428571429,262.4225714285715,248.12571428571428,14.125516247170001,0.3655971829310189,1223.4766133209057,0.41474652407757534,0.15612964395474732,117.87370549945886,0.2630282838537769,0.0016311661732633085,15.913611049330548,0.6058003474217669,0.23212792061798673,0.049996342046944794,0.49663370040762883,2.7862561626189943e-05,18,17,17,3421.187777777778,3267.450588235294,1.0470511138243457,153.73718954248397,64.70588235294117,0.03228121159647452,0.0821380302774234
la guajira,patilla,35,2007,2024,18,1,97.22222222222221,115805.3,3308.7228571428573,492.3457142857142,364.0542857142857,9.17986005762676,0.8446059932890991,2794.567155275489,0.73123274091518,0.24228325542832815,-112.01410227896157,0.0455277541736382,0.21842897123703403,-23.318983437866056,0.11888513906013669,-0.02857142857142857,0.8092262462292724,-0.13949579831932774,0.2385101430505585,18,17,17,4893.138888888889,1631.105882352941,2.9998904067652084,3262.0330065359476,94.11764705882352,0.048370788287833005,0.263014574837113
valle del cauca,habichuela,35,2007,2024,18,1,97.22222222222221,115008.09000000001,3285.9454285714287,407.58933333333334,388.7410476190476,8.452554301340825,0.15956793487669196,524.3315261546494,0.14403248423778717,0.060694285536064756,18.537988671915546,0.03542201038533781,0.2789308022687955,-1.277063643867168,0.01340968213418594,0.058823529411764705,0.6191537066890378,-0.14309784588016425,0.22729151168371498,18,17,17,3359.779444444445,3207.7682352941174,1.0473884638789652,152.01120915032743,70.58823529411765,0.029278126921296006,0.26234410769035965
valle del cauca,soya,35,2007,2024,18,1,97.22222222222221,113524.2,3243.5485714285714,1270.3528571428571,1261.152857142857,2.7424238242859116,0.6085682239588531,1973.920593438561,0.6616817422486199,0.17056601820978357,-228.06524398380864,0.37828470265548675,8.437775167418537e-05,-114.46135180819361,0.5254490662365382,-0.411764705882353,0.0005026300645801935,-0.4857142857142857,4.056920451811786e-05,18,17,17,3340.0716666666667,3141.3476470588234,1.0632607536430756,198.72401960784327,64.70588235294117,0.038850677248345074,0.8801723533870649
cundinamarca,brocoli,35,2007,2024,18,1,97.22222222222221,111007.77,3171.6505714285718,174.50314285714288,163.35047619047617,19.446879363547964,0.25274996371679187,801.6345668509138,0.2780990109919563,0.10647471286756491,8.098866598460928,0.0028923812826868243,0.7589660306067549,-2.2904818884094724,0.06312599727862356,-0.10252100840336134,0.38633259888632054,-0.19696997609387312,0.09653227375621859,18,17,17,3086.397777777778,3261.9182352941175,0.9461910309040861,-175.52045751633932,52.94117647058824,0.03034449510318412,0.28815083691932863
cauca,frijol,35,2007,2024,18,1,97.22222222222221,110745.07999999999,3164.1451428571427,2202.367142857143,1959.7114285714288,1.562340956280319,0.4901446344243367,1550.8887643112548,0.20698101504167685,0.29644915790420723,181.21809735628614,0.38690269661205845,6.636197075940033e-05,23.359075812167315,0.07440990883321992,0.47226890756302525,6.590568456431206e-05,0.17830115641671443,0.13219464675725895,18,17,17,3215.168888888889,3110.12,1.0337764745054496,105.048888888889,58.82352941176471,0.03523936320838276,0.09998560464958732
santander,habichuela,35,2007,2024,18,1,97.22222222222221,109411.28000000001,3126.0365714285717,358.22,330.16542857142855,9.595720945482327,0.26019480830104713,813.3784864449199,0.2794934370207205,0.16430139385675321,-46.70518304345894,0.09343395177093963,0.0741467826688098,2.100404786263959,0.012471624714255086,-0.2571428571428571,0.029793934910438233,0.09419683735222649,0.4264038863339936,18,17,17,3313.2877777777776,2927.7705882352943,1.1316760237607457,385.51718954248327,82.35294117647058,0.03045048612332394,0.26234410769035965
cundinamarca,espinaca,35,2007,2024,18,1,97.22222222222221,107088.58,3059.673714285714,151.86400000000003,140.83038095238095,21.538412202594206,0.3275734819383096,1002.267972183692,0.2096013040009498,0.18103992932582552,-38.5619035333541,0.0419477958668338,0.23790518423869034,-0.48043355129516857,0.006455486114003689,-0.13949579831932774,0.2385101430505585,-0.2265466541299079,0.056849673725699344,18,17,17,2865.2544444444447,3265.529411764706,0.8774241732816147,-400.2749673202611,17.647058823529413,0.031549672756206036,0.7827435010492556
narino,trigo,35,2007,2024,18,1,97.22222222222221,105920.74,3026.306857142857,1653.3600000000001,1514.337142857143,1.8456476182914319,1.8778511935077513,5682.953943606406,1.5110087386899334,0.21205882959765776,-586.2790990910843,0.3015924561178757,0.0006342415691918034,-282.8636656139259,0.3632833121183485,-0.4554621848739496,0.00011880057882565788,-0.46554621848739497,8.36145204950467e-05,18,17,17,5254.013333333332,667.5588235294117,7.870487435931326,4586.454509803921,82.35294117647058,0.12644494168864365,0.510900993894951
bolivar,aji,34,2007,2024,18,2,94.44444444444444,104714.70000000001,3079.844117647059,533.3117647058823,456.6470588235294,6.734210635722216,0.6815439372416379,2099.049086031675,0.5035742078454106,0.26733820305142875,135.2022271299262,0.1188768021235206,0.04583249400065898,29.140103891256324,0.3373397497934802,0.16934046345811055,0.15903570985034532,0.41532976827094475,0.0005521422366911854,18,16,16,3373.366666666667,2749.63125,1.226843296411716,623.7354166666669,81.25,0.04267177384679715,0.20793444438942935
valle del cauca,pepino cohombro,35,2007,2024,18,1,97.22222222222221,104166.63,2976.189428571429,155.15371428571427,149.74285542891423,19.78869619545769,0.29784964303566236,886.456958906512,0.26020501330517914,0.09520402650113086,47.84253280548019,0.08254161131352943,0.09423774162788968,3.491216879438934,0.21191315017980117,0.16302521008403362,0.1683456938502612,0.2811451795527933,0.017686459874905816,18,17,17,2848.5522222222226,3111.334705882353,0.9155402717800472,-262.7824836601303,11.76470588235294,0.031033706069485738,0.15017408413556602
tolima,ahuyama,35,2007,2024,18,1,97.22222222222221,102508.5,2928.8142857142857,237.42857142857142,218.4857142857143,13.650278339967091,0.342099740116656,1001.9466059928066,0.2869384368923703,0.12676903238968892,73.87568761769198,0.15405430490021152,0.019691242855629364,7.692162270361641,0.3612545974769937,0.29747899159663865,0.011948777586844326,0.41245849694870873,0.0005013150070162807,18,17,17,2828.3333333333335,3035.205882352941,0.9318423339179758,-206.8725490196075,41.17647058823529,0.031819670117867786,0.0821380302774234
bolivar,patilla,33,2007,2024,18,3,91.66666666666666,99933.3,3028.2818181818184,242.08333333333334,208.38484848484848,11.742141553936289,1.168787519366888,3539.4179942165765,0.80996247120836,0.39077288579825376,412.17956303829516,0.39588541329196136,8.771184078061105e-05,25.751325969539206,0.5035005136532268,0.551659015592255,6.500650252996515e-06,0.5289101902070075,1.5360089173081905e-05,18,15,15,4140.277777777777,1693.8866666666668,2.444247221052438,2446.3911111111106,93.33333333333333,0.07044449632111084,0.263014574837113
boyaca,frijol,35,2007,2024,18,1,97.22222222222221,98808.18000000001,2823.090857142857,2664.5145714285713,2460.309714285714,1.1598804957042452,0.2859325817430689,807.2136572781104,0.2898525419813669,0.19606264804217444,15.40437984668535,0.010319801865343859,0.5614612204837263,-72.57319247364441,0.25021996162198246,0.018487394957983194,0.8758629604320756,-0.30756302521008405,0.009353334884500302,18,17,17,2746.887222222222,2903.7770588235294,0.9459704263023307,-156.88983660130725,47.05882352941176,0.030840614697368755,0.09998560464958732
meta,ahuyama,24,2012,2024,13,2,92.3076923076923,98249.1,4093.7125,315.36041666666665,303.2895833333333,13.021952399427988,0.7660357418651744,3135.930091920238,0.7523286643926796,0.35055047116653615,501.78357181043435,0.36873513864450186,0.0016509078654643292,38.00762602597566,0.36959518297187244,0.4565217391304348,0.0014288748272159712,0.4420289855072464,0.002081735749030536,13,11,11,3295.27,5037.326363636364,0.6541704392607983,-1742.0563636363636,36.36363636363637,0.06509834623219331,0.0821380302774234
norte de santander,pimenton,35,2007,2024,18,1,97.22222222222221,98234.5,2806.7,168.98084565401638,164.51766929379968,16.960576560673093,0.4116962579271202,1155.5078871240482,0.40805197788053993,0.11970003442627336,159.9186757706508,0.5427657875073548,4.512913358849585e-07,11.738544395080917,0.8212634288110529,0.5630252100840336,1.9602492680890815e-06,0.8107656357816637,7.60599663781003e-12,18,17,17,2849.1583333333333,2761.7441176470584,1.0316518156507382,87.41421568627493,64.70588235294117,0.03327574652971477,0.20914195862847876
cundinamarca,apio,35,2007,2024,18,1,97.22222222222221,95770.35,2736.2957142857144,128.38371428571432,119.42942857142856,22.068514669486806,0.6525362530393659,1785.5321526076755,0.5152189638092208,0.15324330017752905,-118.14753495544394,0.12407203426894213,0.037965635944994566,-3.266430318935991,0.06910399692252582,-0.13816387850864437,0.24407166760523513,-0.2438682159926664,0.04061722151861869,18,17,17,2710.588888888889,2763.514705882353,0.9808483678842717,-52.925816993464196,29.411764705882355,0.040389649871054915,0.41547690060674053
bolivar,melon,34,2007,2024,18,2,94.44444444444444,93962.0,2763.5882352941176,386.9264705882353,354.44117647058823,8.675339277280003,0.6946000196132287,1919.5884424381823,0.7724801330346761,0.3064052645850029,-27.996955059614756,0.006201446975193732,0.6579853557670634,-10.537542036074589,0.036235545684480217,-0.03386809269162211,0.7782008366091302,-0.12845678616916517,0.28575639388856666,18,16,16,3289.288888888889,2172.175,1.5142835585939847,1117.1138888888886,75.0,0.04318467403039881,0.11954846649300852
caldas,maiz,35,2007,2024,18,1,97.22222222222221,90648.5,2589.957142857143,957.1142857142859,907.5759999999999,2.7244937721323335,0.767847691563438,1988.6926133910947,0.6392760341432095,0.15304579911926997,-271.9168520083627,0.5297815742729496,7.242119732536559e-07,-86.22570244502768,0.5627674387399008,-0.6638655462184874,2.0283503167073148e-08,-0.707563025210084,2.2478334102851786e-09,18,17,17,2882.9527777777776,2279.7264705882353,1.2646046861200382,603.2263071895422,64.70588235294117,0.04493556133300916,0.09355481422716007
norte de santander,zanahoria,35,2007,2024,18,1,97.22222222222221,89516.22,2557.6062857142856,137.0,132.0257142857143,19.787872453882695,0.2479863735285207,634.2515077080353,0.3089269180583505,0.10375863884453865,70.97117803181949,0.35481415294156715,0.00015991528361226115,5.775988612606202,0.5277885230231111,0.3922564481185679,0.0009342897863662922,0.4911234905407864,3.748871693546483e-05,18,17,17,2458.9955555555553,2662.0176470588235,0.9237337544596743,-203.02209150326826,29.411764705882355,0.030278290783263773,0.25856503560019845
cesar,frijol,35,2007,2024,18,1,97.22222222222221,89209.88999999998,2548.8539999999994,3290.5685714285714,2745.0319999999997,0.8952763408044783,0.48929665494738656,1247.1457361492658,0.14444709869836336,0.32477713632011396,199.3114692406922,0.7237525251341654,9.691697849390983e-11,32.21119241433507,0.13014095527406208,0.6470588235294117,4.5629507146046444e-08,0.23212792061798673,0.049996342046944794,18,17,17,2253.6499999999996,2861.422941176471,0.787597655547353,-607.7729411764712,11.76470588235294,0.03521631131628725,0.09998560464958732
magdalena,melon,34,2007,2024,18,2,94.44444444444444,88909.28,2614.978823529412,377.45911764705886,319.47588235294126,8.055461250350618,0.5286471582540777,1382.401123953415,0.4290842598218518,0.16668874812769177,118.42526719657589,0.21394802278969208,0.005880911652608934,14.038493121369603,0.2190300319546677,0.25490196078431376,0.03401486782556621,0.31550802139037437,0.008692254877280606,18,16,16,2957.6605555555557,2229.461875,1.3266253120186484,728.1986805555557,75.0,0.03738965224194956,0.11954846649300852
cundinamarca,ahuyama,35,2007,2024,18,1,97.22222222222221,86779.62000000001,2479.4177142857147,322.15428571428566,285.05285714285714,9.03845959221334,0.47025939599415795,1165.969476737216,0.4531716555418907,0.21492896523364585,60.105091855344526,0.07530227391091188,0.11064892401578684,5.779750307667214,0.04441449962499983,0.24033613445378152,0.042274801642017606,0.15294117647058825,0.19624277735153173,18,17,17,2450.413888888889,2510.1276470588236,0.9762108679055016,-59.71375816993486,41.17647058823529,0.03470930006833213,0.0821380302774234
cesar,cebolla de bulbo,35,2007,2024,18,1,97.22222222222221,83028.72,2372.249142857143,146.37428571428572,139.61714285714288,16.384310941360336,0.770766015310922,1828.4490191647503,0.6011070455670052,0.15920548339865104,-137.731172842252,0.16078987701483938,0.016974454751111902,-5.473380484260782,0.10965741091417175,-0.06890756302521009,0.5603924302324661,-0.06391928248901084,0.5893978391407426,18,17,17,2328.5461111111113,2418.5229411764703,0.96279678454421,-89.97683006535908,47.05882352941176,0.04506018654055624,0.32705758908039645
cesar,algodon,20,2007,2024,18,16,55.55555555555556,78626.34999999999,3931.3174999999997,1767.0,1690.675,1.867591928854419,1.3547017222161708,5325.762587828571,1.2154993352032128,0.46139069003079075,-698.5711806764867,0.552499440053393,0.00017299606569842442,-282.27284833336745,0.554663743180707,-0.6068622707420824,0.0001891690342886856,-0.6421052631578947,2.506940245978939e-05,3,17,3,702.1166666666668,4501.176470588235,0.155985145495731,-3799.0598039215683,100.0,0.13717279591833434,0.34808008457503015
valle del cauca,cilantro,35,2007,2024,18,1,97.22222222222221,78072.33,2230.638,265.90126530612247,259.4914693877551,8.510853773839926,0.3261789101397915,727.5870717564042,0.28614380761438724,0.07558564983767053,80.14834660379877,0.34385798293747527,0.00021402277876519224,8.020826751055392,0.31491161786130106,0.4151260504201681,0.0004519072031468842,0.38823529411764707,0.001036119499378297,18,17,17,2282.512222222222,2175.7123529411765,1.0490873111680739,106.79986928104563,52.94117647058824,0.031524368300636235,0.18391479166505917
huila,habichuela,35,2007,2024,18,1,97.22222222222221,75513.34999999999,2157.5242857142853,344.51,328.8662857142857,6.522131832590479,0.24330341639975614,524.9330296797292,0.17377701111769356,0.10009898052728892,-54.70232344350045,0.30772562972735373,0.0005436488376204863,-4.704508992779089,0.1749847565411841,-0.4050420168067227,0.0006203779967807202,-0.3181822690747182,0.0072614017563918205,18,17,17,2283.3644444444444,2024.2817647058823,1.1279874591846681,259.0826797385621,82.35294117647058,0.03021443492463753,0.26234410769035965
norte de santander,pepino cohombro,25,2012,2024,13,1,96.15384615384616,74857.37999999999,2994.2951999999996,141.26,136.316,21.724274852418272,0.5551702420526429,1662.3435909610664,0.5129766569073203,0.055033788046414636,338.4182317540212,0.6312673739656136,2.1075581450504786e-06,16.261872196082717,0.7671051606195869,0.6399999999999998,1.4546883279041998e-06,0.7045084942753576,8.254891548751714e-07,13,12,12,3464.946153846154,2484.4233333333336,1.394668174041523,980.5228205128205,83.33333333333334,0.05183541751017435,0.15017408413556602
narino,coliflor,35,2007,2024,18,1,97.22222222222221,73817.2,2109.062857142857,110.32571428571428,108.94571428571427,20.572301271318484,0.3716618239039065,783.8581482136984,0.4767792742221048,0.15821436704090736,-99.25984757498928,0.4543935696096014,9.02266916319532e-06,-7.568677253384341,0.5866940227485284,-0.6067226890756303,2.9483823487628704e-07,-0.6503811841992284,4.172001609024916e-08,18,17,17,2277.2722222222224,1930.958823529412,1.1793478941512683,346.3133986928103,64.70588235294117,0.032405310519034836,0.2897697174055221
santander,cebolla de bulbo,35,2007,2024,18,1,97.22222222222221,71228.76,2035.1074285714285,185.15857142857143,172.4442857142857,12.416584161041916,0.43786655355046644,891.1054758535234,0.4802697736915032,0.2795544391107502,33.425340361490456,0.03987065542246421,0.2501328382089762,7.06154678765773,0.17869049548310248,0.0957983193277311,0.4182381669289249,0.29941137586957706,0.011467846380004986,18,17,17,2251.9727777777784,1805.485294117647,1.247294998809909,446.4874836601314,76.47058823529412,0.033892834315442905,0.32705758908039645
boyaca,remolacha,35,2007,2024,18,1,97.22222222222221,70188.14000000001,2005.375428571429,93.51428571428572,92.42285714285715,22.8761132463358,1.1605660455575115,2327.370630995343,1.258544887707216,0.3421084620330116,-210.594078406951,0.23201770921254067,0.0033921452140658107,-10.902591818276177,0.24317901071083992,-0.24705882352941178,0.0368329830460166,-0.20556089241530015,0.08307805839154567,18,17,17,1733.2927777777777,2293.462941176471,0.7557535579313331,-560.1701633986931,29.411764705882355,0.06595515148361959,0.5121386892145101
santander,tabaco,35,2007,2024,18,1,97.22222222222221,69526.59999999999,1986.4742857142855,1359.2628571428572,1250.9602857142856,1.6539620834451896,0.7094657008101555,1409.3353712556386,0.7382228293113371,0.14237348075648587,-131.4153299823555,0.24639011443463493,0.002422756416862626,-97.06209169224385,0.26514129510665646,-0.3310924369747899,0.005147074191523642,-0.3397814490205313,0.0041179966276771295,18,17,17,2821.817777777778,1101.9929411764706,2.5606495943297505,1719.8248366013072,100.0,0.04254172550309024,0.2568290616704286
cundinamarca,pimenton,34,2007,2024,18,2,94.44444444444444,68652.62000000001,2019.1947058823532,109.53529411764707,105.53823529411764,19.827461931951927,0.573207094826203,1157.4167312472732,0.37710277129580766,0.424248675091828,-54.332644122650535,0.05916902160054969,0.1656762331078238,0.07199037384340891,8.155929649314668e-05,-0.18554869113323857,0.1230950904684772,-0.046387172783309644,0.6998833875377377,17,17,16,2211.1570588235295,1827.2323529411763,1.210112690520379,383.92470588235324,62.5,0.03879125460852089,0.20914195862847876
narino,arroz,35,2007,2024,18,1,97.22222222222221,66649.64,1904.2754285714286,867.0357142857143,793.8714285714286,2.0397550417633057,1.763173028201312,3357.567073923637,0.8573159743270474,0.579083537373994,12.203810180448693,0.0003743703251073644,0.9121546746079581,-42.9226161351067,0.09448796292111636,0.14285714285714285,0.2273852697037324,-0.4474349774230758,0.00015811705123021418,18,17,17,1964.4538888888892,1840.5570588235294,1.0673148542021043,123.89683006535984,52.94117647058824,0.1148559104741256,0.1516991903190055
santander,pepino cohombro,35,2007,2024,18,1,97.22222222222221,66259.4,1893.1257142857141,89.13428571428571,82.95285714285714,23.203354937144038,0.3782036842733315,715.9871199354394,0.25368371786193217,0.35269713982044215,-90.91436620553657,0.4568930319525535,8.343934375012514e-06,0.559481339798052,0.01734827791555738,-0.492436974789916,3.168299025878385e-05,0.03565550028869954,0.7651748524243118,18,17,17,2034.5833333333333,1743.3470588235296,1.1670558211778783,291.2362745098037,64.70588235294117,0.03254146360092192,0.15017408413556602
antioquia,brocoli,35,2007,2024,18,1,97.22222222222221,64957.64000000001,1855.9325714285717,86.70771428571429,84.38885714285713,21.792819781447992,0.32902582900295413,610.6497528878701,0.2840586216707255,0.1446605646535106,-61.25325949320169,0.28512412122909003,0.000954154174840667,-0.8256770902836471,0.031845565541662894,-0.5422366921589101,5.07344825012075e-06,-0.17022663741204885,0.15477326546880324,18,17,17,1987.3644444444446,1716.7694117647059,1.1576187406563752,270.5950326797388,35.294117647058826,0.031576140301336125,0.28815083691932863
cesar,cilantro,34,2007,2024,18,2,94.44444444444444,63634.100000000006,1871.5911764705884,241.61764705882354,223.52941176470588,5.6283881898066115,1.7131342483277994,3206.286943279883,1.4506129140140482,0.4482306878947865,463.3911538940295,0.5608450918914956,3.4988324863851835e-07,52.913704825525926,0.6119672472352384,0.8242643779188098,7.40332116297303e-12,0.8829343616450017,2.376721213603812e-13,17,17,16,1754.9058823529413,1988.276470588235,0.8826266911632009,-233.37058823529378,43.75,0.11319148394653167,0.18391479166505917
valle del cauca,aji,24,2007,2024,18,12,66.66666666666666,61982.99,2582.6245833333332,165.04291666666668,157.7179166666667,17.051207016507874,0.5068825108413423,1309.0872333605753,0.5099963044740087,0.2664189892289404,49.58483353010623,0.044028599606625515,0.32507143903041325,2.5525029515938584,0.028221428700894828,0.10144927536231883,0.5071416902683175,0.1705991920305475,0.24354744006410667,18,6,6,2919.666111111111,1571.5,1.8578848941209742,1348.1661111111111,100.0,0.05192601950577594,0.20793444438942935
valle del cauca,sorgo,30,2007,2024,18,6,83.33333333333334,61889.02,2062.967333333333,468.094,457.1273333333333,5.286971690317342,1.3312157910260742,2746.254690504284,1.2858764941595946,0.9212747437305207,-396.40416763112586,0.615598254419493,2.872044822973781e-07,-88.21259976074924,0.6345986718135866,-0.7655172413793103,1.05385620614663e-11,-0.7963181336949322,6.659222064296747e-10,17,13,13,1933.2952941176468,2232.5384615384614,0.8659628165086107,-299.24316742081464,46.15384615384615,0.09043547665115348,0.20991452471081812
atlantico,ahuyama,35,2007,2024,18,1,97.22222222222221,59991.399999999994,1714.0399999999997,231.22142857142856,188.18571428571428,9.008790838679024,0.4448955902261997,762.5688374713152,0.34986578016985415,0.2531066029718315,92.38728555965781,0.4159357311492155,2.8870761667078085e-05,6.169924973681483,0.1648392369199646,0.47226890756302525,6.590568456431206e-05,0.24369747899159663,0.03947435091450274,18,17,17,1696.6611111111113,1732.4411764705883,0.9793470243922683,-35.78006535947702,47.05882352941176,0.03406505382113668,0.0821380302774234
santander,patilla,34,2007,2024,18,2,94.44444444444444,57776.9,1699.320588235294,85.44117647058823,82.42352941176469,21.131986689362535,0.7590330014809158,1289.8404065665507,0.642237336532697,0.4120753518309819,-24.176841944359538,0.010242709936224342,0.5690025089756028,-0.6928767960868228,0.004648086302863036,-0.18716577540106952,0.11957343098865397,-0.04647022956026325,0.6998206017574842,18,16,16,2190.8,1146.40625,1.911015401390214,1044.3937500000002,81.25,0.045858413678309014,0.263014574837113
narino,haba,35,2007,2024,18,1,97.22222222222221,57048.8,1629.9657142857143,342.7102857142857,331.0185714285714,5.253663003664408,0.5580508923790367,909.6038214043768,0.32157845379475697,0.5194706523230099,-40.91683792239374,0.05734023895014119,0.1659125784085833,-10.310208917159677,0.24800857148622169,-0.23025210084033615,0.05170326494210158,-0.24747509816922522,0.036794978015669895,18,17,17,1871.668888888889,1374.0447058823531,1.3621601108582435,497.62418300653576,70.58823529411765,0.03721494461101333,0.5676735391369351
huila,cebolla de rama,23,2007,2024,18,13,63.888888888888886,56550.700000000004,2458.726086956522,284.69739130434783,267.6434782608696,9.380022286655288,0.4977258858250626,1223.7716196316248,0.4520425037125443,0.19307859845597894,-121.36401780340226,0.3067834550060078,0.0061042376146433425,-13.72661260176766,0.35485753632421235,-0.35968379446640314,0.016209240286328468,-0.3754940711462451,0.011846735739671552,18,5,5,2880.2861111111115,941.11,3.060520142290605,1939.1761111111114,100.0,0.053780875733927314,0.28987950216277486
magdalena,cilantro,35,2007,2024,18,1,97.22222222222221,54735.14,1563.8611428571428,365.7394285714285,319.28399999999993,4.438416100997647,1.0457416495538183,1635.3947312045482,0.812081685888582,0.156885429055379,198.70595273045393,0.4183468373765954,2.689715769070218e-05,38.22875005560251,0.4694584096856769,0.36470588235294116,0.0020581472145547804,0.3518523504582862,0.002990642740770576,18,17,17,1696.0905555555555,1423.8535294117648,1.1911973531829918,272.2370261437907,76.47058823529412,0.05892373087248359,0.18391479166505917
huila,tabaco,35,2007,2024,18,1,97.22222222222221,54335.12,1552.432,663.2288571428571,657.5342857142857,2.329236832886651,0.7258403070576616,1126.8177195661397,0.7213969476926535,0.04671380927705997,-151.060200317305,0.5092754019827352,1.4909894889037227e-06,-64.7362612873093,0.5187758158795068,-0.5685451968759385,1.5821612264187462e-06,-0.5865546218487395,7.184833105565924e-07,18,17,17,2022.0694444444443,1055.1688235294118,1.916346843608274,966.9006209150325,88.23529411764706,0.04319404175174289,0.2568290616704286
magdalena,berenjena,32,2007,2024,18,4,88.88888888888889,53958.5,1686.203125,166.71875,150.421875,10.202839009534468,1.0815330863533639,1823.6844699999372,0.9105001866241641,0.22389557331529653,261.7129741134308,0.5387318005966442,1.747459467940925e-06,21.636181466102755,0.5314394224329282,0.5443548387096775,4.216256127383665e-06,0.46845606187376754,0.00018769552286156184,17,15,14,1817.5294117647059,1537.3666666666666,1.1822354752269286,280.1627450980393,71.42857142857143,0.06666125812811331,0.2698952625015421
narino,ajo,31,2009,2024,16,1,96.875,53777.58,1734.7606451612903,70.91612903225807,67.70645161290322,24.822591711967302,0.6162635742563901,1069.069795666418,0.5188393245499674,0.1611256362049068,-69.32383672305642,0.0951477245673505,0.09135197599992284,-1.291760121649876,0.027890305877005465,-0.24301075268817204,0.05647718404429137,-0.1965461101840943,0.1217262637322165,16,15,15,1810.3775,1654.1026666666667,1.09447710621751,156.2748333333334,53.333333333333336,0.044113864504326576,0.30550591179593234
atlantico,patilla,33,2007,2024,18,3,91.66666666666666,52790.0,1599.6969696969697,212.93333333333334,152.5681818181818,10.877534085031662,0.6142041543229415,982.5405244456995,0.6434491200193841,0.34204526539817104,76.88600322237842,0.1691535149276025,0.017414108268163715,-4.938819375407084,0.035893677591616165,0.2765151515151515,0.023819568789772635,-0.1156398623750088,0.34451969773228586,17,16,15,2232.4470588235295,927.4,2.407210544342818,1305.0470588235294,86.66666666666667,0.04138833405142508,0.263014574837113
atlantico,sorgo,34,2007,2024,18,2,94.44444444444444,51955.2,1528.0941176470587,979.1323529411765,777.6470588235294,2.118822801022814,0.817285628749971,1248.8893617303086,0.9696600054089844,0.306337477498489,-164.2903696942036,0.4646527374940808,9.054843822824384e-06,-134.31577942823952,0.5373837430052817,-0.5472370766488415,5.336513485787645e-06,-0.6648841354723708,3.2111302497211145e-08,17,17,16,1187.3323529411766,1868.855882352941,0.6353257970038292,-681.5235294117645,50.0,0.048479707063772304,0.20991452471081812
la guajira,tomate,35,2007,2024,18,1,97.22222222222221,51933.46,1483.8131428571428,140.42571428571426,115.74742857142859,13.087121180150016,0.27479365163877123,407.74243187531596,0.21492957971442178,0.23820511364855354,-43.33043785122252,0.3200178924706633,0.00039778863179862497,0.3112139139717985,0.0030129524110196764,-0.3888894399802111,0.0010336912381267362,0.04725780464326392,0.6907278465701816,18,17,17,1337.5533333333333,1638.6764705882354,0.8162400311107122,-301.1231372549021,35.294117647058826,0.030667259374165704,0.11898486147825811
atlantico,arroz,35,2007,2024,18,1,97.22222222222221,51684.950000000004,1476.7128571428573,266.8285714285714,261.7057142857143,5.426676788299521,0.8742979365099218,1291.087003817671,0.6798020979271306,0.25057894149990906,106.03691487626593,0.19114505685046465,0.008633578119863818,10.04962709250775,0.08698215313185305,0.36470588235294116,0.0020581472145547804,0.24262925006396088,0.04079326474916413,18,17,17,1467.9672222222223,1485.9729411764706,0.9878828756195299,-18.005718954248323,29.411764705882355,0.049787342025067134,0.1516991903190055
quindio,maiz,35,2007,2024,18,1,97.22222222222221,50854.560000000005,1452.9874285714286,620.5831428571429,593.8385714285714,2.3260616540735675,0.6372461785204944,925.9106862954626,0.384606788309658,0.39190017886918316,112.02087807481877,0.4147817842190422,2.9863090288729647e-05,7.487561051554651,0.027887323640046716,0.38823529411764707,0.001036119499378297,0.16148029260381686,0.1727328654631718,18,17,17,1465.0844444444444,1440.1788235294118,1.0172934225306807,24.905620915032614,52.94117647058824,0.03984229512597967,0.09355481422716007
casanare,patilla,28,2007,2024,18,8,77.77777777777779,50669.5,1809.625,109.42857142857143,101.96428571428571,18.430398058340266,0.6971537233943799,1261.5868066975547,0.6246191243758004,0.26410011842903464,-56.44623395380215,0.06967020656864717,0.17470707902954025,-4.991799929686538,0.18562384317678055,-0.2357617962035872,0.07863298245804372,-0.2864731563356536,0.03279881386554563,13,15,13,1952.2307692307693,1686.0333333333333,1.157883851187661,266.197435897436,69.23076923076923,0.05245233351932587,0.263014574837113
cauca,ulluco,35,2007,2024,18,1,97.22222222222221,49749.6,1421.4171428571428,113.31428571428572,101.4,13.173932998736317,0.8532069627439777,1212.7630032493655,0.6062038995165987,0.44832333423418574,77.48210785403973,0.11566737974798547,0.045606560449005656,0.9692703468113826,0.005642128768207517,0.31481526093636136,0.007902589783372075,0.07251305997324708,0.5412604588359827,18,17,17,1966.1666666666667,844.6235294117647,2.3278615835341423,1121.543137254902,82.35294117647058,0.04877609152925984,0.5608108454732106
la guajira,melon,35,2007,2024,18,1,97.22222222222221,49723.729999999996,1420.6779999999999,184.95,151.35,9.64276870898203,0.7805737688174182,1108.943980735992,0.7653966329875079,0.3424894532283839,168.2733365953472,0.6524861833869197,4.4849655875032456e-09,14.721297984965085,0.30645757769099047,0.653781512605042,3.3069432032387624e-08,0.4823529411764706,4.585425238199963e-05,18,17,17,1591.9833333333333,1239.2958823529411,1.2845869626475124,352.6874509803922,58.82352941176471,0.045482484809174016,0.11954846649300852
huila,arveja,35,2007,2024,18,1,97.22222222222221,49524.55,1414.987142857143,750.5654285714286,716.9285714285714,1.9771058760127411,0.25880127251985796,366.20047317066667,0.23097743327970063,0.12780122774156466,-47.53861038210045,0.47754586196195586,4.315019747529803e-06,-27.660438889136024,0.7213762527253774,-0.5058823529411764,1.914540705938678e-05,-0.6067226890756303,2.9483823487628704e-07,18,17,17,1442.3111111111111,1386.055882352941,1.0405865517216177,56.25522875817023,58.82352941176471,0.030430412534178386,0.3037951755849065
boyaca,ahuyama,33,2007,2024,18,3,91.66666666666666,49011.11,1485.1851515151516,111.70757575757575,101.01212121212123,13.653426298773946,1.3466818160522767,2000.0718370163,1.0808858023125518,0.30628656635973894,-29.16278178301387,0.006297217688347819,0.6606788968635424,1.059829435554773,0.002282070598438354,0.056818181818181816,0.6556644947844955,0.2104266348135406,0.08541675614036782,18,15,15,2077.4399999999996,774.4793333333332,2.6823698329802643,1302.9606666666664,66.66666666666666,0.08359381197240355,0.0821380302774234
bolivar,frijol,35,2007,2024,18,1,97.22222222222221,48973.94000000001,1399.2554285714289,1782.6914285714286,1573.9685714285713,0.9023291558407206,0.34673765933500966,485.174552114663,0.19349507259041276,0.29791790961123427,50.71722521240161,0.3096526961475924,0.000517826973593478,-14.236331420607037,0.04826851414184575,0.3848739495798319,0.0011454445000980693,-0.18655462184873947,0.11494310136854001,18,17,17,1363.458888888889,1437.1576470588238,0.9487190856752834,-73.69875816993476,47.05882352941176,0.03190834134664335,0.09998560464958732
cesar,cebolla de rama,31,2008,2024,17,3,91.17647058823529,48937.82,1578.6393548387098,109.14032258064515,99.08387096774192,15.114370798810082,0.9130458967647133,1441.370185406778,0.7806507868093535,0.38544605919999664,129.57876503972759,0.19140336675319392,0.013845167764276361,8.435960272417704,0.23217633454330744,0.40732853218128806,0.0013124145914771889,0.5150874031287187,4.838012444342578e-05,16,15,15,1934.9825,1198.54,1.6144496637575718,736.4425000000001,53.333333333333336,0.05828260591879957,0.28987950216277486
cundinamarca,pepino guiso,35,2007,2024,18,1,97.22222222222221,48651.15,1390.0328571428572,133.29285714285714,123.0042857142857,11.551261223420884,0.46173957421206124,641.8331795979178,0.3935196435618156,0.2420902931782623,-43.65902391649246,0.13111839932735173,0.032552028838882176,-3.9610745370164446,0.1615992593826789,-0.15294117647058825,0.19624277735153173,-0.1347940278133116,0.2557327791795776,18,17,17,1224.3583333333333,1565.4529411764706,0.782111235112058,-341.0946078431373,17.647058823529413,0.03448891164847364,0.503984235695357
boyaca,trigo,35,2007,2024,18,1,97.22222222222221,48297.44,1379.9268571428572,957.398,903.7351428571428,1.5189718955587392,0.9252439506607095,1276.7689769256738,0.8389279543710143,0.20702270169733228,-161.80634580312264,0.45512048132857874,8.820076615018664e-06,-113.87884969529831,0.5696547233594847,-0.39495798319327735,0.0008458546226604492,-0.5025210084033613,2.1739923315681585e-05,18,17,17,1418.3077777777778,1339.2882352941178,1.0590011473268162,79.01954248365996,64.70588235294117,0.052331915526501294,0.510900993894951
huila,sorgo,35,2007,2024,18,1,97.22222222222221,47422.26,1354.9217142857144,339.92857142857144,336.8085714285714,4.288930141613288,1.0223066640216234,1385.1454977418878,1.0669580549357713,0.09694615307856394,-211.8516172175022,0.6628766193656072,2.698265911709306e-09,-55.968521566359755,0.6748038661043502,-0.6672268907563025,1.720679496627679e-08,-0.6941176470588235,4.4861480276574534e-09,18,17,17,1463.9499999999998,1239.4799999999998,1.1811001387678703,224.47000000000003,64.70588235294117,0.057578588669634855,0.20991452471081812
caldas,cebolla de rama,34,2007,2024,18,2,94.44444444444444,46954.17999999999,1381.0052941176468,57.820686274509804,55.00974789915966,24.3574850668948,0.43081067322418226,594.9518204849833,0.40293391889961333,0.25691894243774527,21.26064667641294,0.03659013034125414,0.27849686724731937,1.8309611496469553,0.17696962507972538,0.1556360587463354,0.19691582792353834,0.2921189172307231,0.015599373579248472,18,16,16,1414.0916666666667,1343.783125,1.0523213458769,70.30854166666677,37.5,0.034709972831667664,0.28987950216277486
putumayo,arroz,35,2007,2024,18,1,97.22222222222221,45828.92999999999,1309.398,766.1285714285714,711.0714285714286,1.9422512022886769,0.3465856722882579,453.81858612290023,0.32197806704095344,0.3356036989103165,58.36354388149994,0.46868243316183866,5.743406055200112e-06,-2.402273030559142,0.002687501771271512,0.5618168513507794,2.09790809231201e-06,0.07899159663865546,0.5044736861420589,18,17,17,1330.0505555555555,1287.530588235294,1.0330244327465181,42.51996732026146,35.294117647058826,0.03190541662041399,0.1516991903190055
huila,patilla,35,2007,2024,18,1,97.22222222222221,45399.80999999999,1297.1374285714282,90.37142857142857,87.52,15.267050424845213,0.2908889228399132,377.32290937247757,0.3640328910338074,0.17141320891937634,-3.780132408107585,0.00284411792188734,0.7609264773519311,-1.3431416158830427,0.04723457256416422,0.02691338210063614,0.8202325929363365,0.040438208343993476,0.7331506141121467,18,17,17,1337.4827777777778,1254.4188235294116,1.0662170821182824,83.06395424836614,52.94117647058824,0.030919964428288017,0.263014574837113
tolima,habichuela,35,2007,2024,18,1,97.22222222222221,45029.2,1286.5485714285714,232.59,212.63285714285712,6.608437115558524,0.4345287225236723,559.0423072075127,0.4924728128084432,0.43714202277396996,-5.788408730335241,0.003038008269503445,0.753156547821018,-13.600834037631785,0.3995254121749673,-0.058823529411764705,0.6191537066890378,-0.46503939595592503,8.826224926771572e-05,18,17,17,1303.2305555555556,1268.885294117647,1.027067270459456,34.345261437908675,58.82352941176471,0.03381201401121132,0.26234410769035965
caldas,ahuyama,34,2007,2024,18,2,94.44444444444444,44137.0,1298.1470588235295,64.92669683257918,62.83846153846154,14.706589203295039,2.2612965282894946,2935.4954373268656,2.1432986543176495,0.40263579616843703,-75.45869629532231,0.017915808224446515,0.45043785046486207,-3.489838244330207,0.017052153162264275,0.25360737719421,0.0363621514195786,0.1976908226819926,0.10732652409417529,18,16,16,984.2777777777778,1651.25,0.5960804104634536,-666.9722222222222,43.75,0.17538429552957266,0.0821380302774234
huila,algodon,21,2007,2024,18,15,58.333333333333336,44130.56,2101.455238095238,811.7047619047619,788.3,2.4480626974988304,0.996232984896571,2093.5390244741534,0.8460410824209269,0.2947248071536103,-295.53827317608324,0.6487300015129763,1.0563272756845285e-05,-88.19956116291826,0.5369729371420253,-0.6857142857142857,2.402167297910013e-06,-0.5645997642338276,0.00036179404478606697,18,3,3,2415.986666666666,214.26666666666665,11.275606720597386,2201.7199999999993,33.33333333333333,0.09262948572317152,0.34808008457503015
valle del cauca,frijol,35,2007,2024,18,1,97.22222222222221,42496.37,1214.182,1103.6097142857143,1050.5954285714288,1.188151439059031,0.12080455094095138,146.67871127058623,0.23096267015103072,0.16096049901915616,-12.027826312589898,0.19054609297531988,0.00875064308367493,-43.82240825586054,0.8376021655681293,-0.3047142365212909,0.010141183637729492,-0.7411764705882352,3.7804898054814804e-10,18,17,17,1205.293888888889,1223.5929411764705,0.9850448203223636,-18.299052287581617,58.82352941176471,0.028976479301186544,0.09998560464958732
cordoba,ahuyama,34,2007,2024,18,2,94.44444444444444,41540.64,1221.7835294117647,120.06,109.47882352941176,12.479193371320228,1.5221242631864051,1859.7063544791679,1.0250214240902005,0.4319511534975025,119.92804727519604,0.12011170873917977,0.04464659132583012,14.062382583472209,0.37712717313898036,0.4740638571009067,8.477168975356677e-05,0.5169979422723096,1.8154065997998034e-05,18,16,16,1671.0277777777778,716.38375,2.332587496265483,954.6440277777779,62.5,0.095550566604814,0.0821380302774234
tolima,zanahoria,35,2007,2024,18,1,97.22222222222221,41457.5,1184.5,54.4,48.96,21.90179518535002,1.004913013953207,1190.3194650275736,0.6962663669568874,0.4552598721283074,-143.98356389840313,0.4146280605610739,2.999769472227943e-05,-4.15622080868289,0.34119960077185313,-0.4894558338052335,3.776071138474478e-05,-0.3757966949416111,0.001731140622837414,18,17,17,1144.5277777777778,1226.8235294117646,0.9329196500873717,-82.29575163398681,64.70588235294117,0.05659992296393929,0.25856503560019845
cauca,ahuyama,35,2007,2024,18,1,97.22222222222221,39251.98,1121.485142857143,113.87142857142857,101.17714285714285,10.922151981700976,0.49228372502570045,552.0888836866942,0.40090856948803905,0.3206995733469998,1.3947576471983731,0.0001808587064638235,0.9388816749525699,-4.028379520483966,0.22064823864192898,0.001680672268907563,0.9886692774919685,-0.3086020924442841,0.009320042128715303,18,17,17,1107.971111111111,1135.7941176470588,0.9755034771675111,-27.823006535947798,58.82352941176471,0.035297690646086614,0.0821380302774234
tolima,arveja,35,2007,2024,18,1,97.22222222222221,38623.450000000004,1103.527142857143,903.3,808.08,1.3455607568763657,0.726043973272652,801.2092314142176,0.5905603694159317,0.27257211458480923,-106.81500748780454,0.5036543447985992,1.8082494878695748e-06,-81.99988879498245,0.6695666755352525,-0.5798319327731093,9.60837563899264e-07,-0.6302521008403361,1.0065521335096143e-07,18,17,17,1117.967222222222,1088.2376470588233,1.0273190100009395,29.72957516339875,58.82352941176471,0.04320224892919864,0.3037951755849065
antioquia,apio,35,2007,2024,18,1,97.22222222222221,38508.14000000001,1100.2325714285716,52.74285714285714,51.23714285714286,21.464143072369364,0.25888151077715205,284.82987029765945,0.2428638284155163,0.024163200881886882,15.331139184199998,0.08209897063057647,0.09516433646125444,0.8257046691280043,0.11774878264824358,0.1211747016996465,0.31177586587452266,0.1600969265508223,0.19112171425280589,18,17,17,1124.8744444444446,1074.1411764705883,1.0472314711373003,50.7332679738563,47.05882352941176,0.030431565424617838,0.41547690060674053
caldas,frijol,35,2007,2024,18,1,97.22222222222221,38364.30000000001,1096.1228571428574,747.0937142857142,704.5948571428571,1.6127709944901034,0.5174895723754216,567.2321486137826,0.5879399289124669,0.15854194335520702,-73.32914090417094,0.4735779171689458,4.907060687446691e-06,-60.95362098364547,0.5456860703105657,-0.5529411764705882,2.9788734984320717e-06,-0.7266613167171758,8.481842198434311e-10,18,17,17,1213.535,971.8041176470588,1.2487444516475423,241.7308823529413,88.23529411764706,0.03600411882088821,0.09998560464958732
cundinamarca,sorgo,34,2007,2024,18,2,94.44444444444444,38078.700000000004,1119.9617647058824,442.20588235294116,439.20882352941175,2.379550405460266,1.424988497964213,1595.9326328655845,1.402379454308627,0.29361276683103654,-229.9669846925619,0.5920807599268711,1.0484607441862237e-07,-89.29070692390034,0.5911687765032835,-0.7290552584670232,1.334417860812313e-09,-0.7421947645329543,6.931402825559354e-10,17,17,16,954.1205882352941,1285.8029411764705,0.7420426238582896,-331.6823529411764,43.75,0.08737849761064014,0.20991452471081812
vichada,arroz,28,2007,2024,18,8,77.77777777777779,37862.85,1352.2446428571427,384.35714285714283,356.7142857142857,2.674467485886777,1.514661094433617,2048.192350691995,1.3485828658878127,0.4572556255148142,39.640501842926,0.012232592609328094,0.5752838488441119,18.37879217465268,0.04105730605213618,0.36074397464489716,0.007189517250165056,0.437086476107774,0.0011123083533451784,18,10,10,1509.5,1069.185,1.4118230240790883,440.31500000000005,40.0,0.11472366356728665,0.1516991903190055
boyaca,habichuela,35,2007,2024,18,1,97.22222222222221,37254.45,1064.412857142857,102.95142857142858,98.31142857142858,10.488423474234946,0.41171690159133684,438.2367635568394,0.29325728795789446,0.19570421390843787,-69.60697033050133,0.7149040720334906,1.6398293403801387e-10,-4.055240721794702,0.511247055166756,-0.6369747899159663,7.352259896723218e-08,-0.5202027573761265,1.1380618033912804e-05,18,17,17,1098.0277777777778,1028.820588235294,1.067268472592673,69.20718954248377,64.70588235294117,0.03327621831828817,0.26234410769035965
narino,brocoli,34,2007,2024,18,2,94.44444444444444,37168.95,1093.2044117647058,54.8235294117647,53.170588235294126,19.802109003003757,0.41768963056699093,456.6201468842046,0.3387823955218616,0.1666009274015986,46.34497074810175,0.27659689767769685,0.0014006136062027215,1.8400531098294683,0.26353438253705236,0.2762923351158646,0.021573817362857652,0.25223775038199187,0.036513200596047866,17,17,16,1138.6735294117645,1047.735294117647,1.0867950481430535,90.93823529411748,50.0,0.0343921563208869,0.28815083691932863
norte de santander,cilantro,35,2007,2024,18,1,97.22222222222221,36473.84,1042.1097142857143,106.94857142857146,106.096,9.810378799407706,0.40138058937410404,418.28261131247916,0.34183460695077333,0.04368079623595765,43.50050294322615,0.30648474192661035,0.0005609201358638283,4.7975564550805885,0.4879980418953409,0.34650979454569036,0.0034358271863296915,0.4523247015855261,0.00014014952911263053,18,17,17,1108.3811111111108,971.9399999999999,1.1403801789319412,136.4411111111109,70.58823529411765,0.0330429525190974,0.18391479166505917
santander,ajo,34,2007,2024,18,2,94.44444444444444,36283.6,1067.1647058823528,122.69117647058823,111.39117647058823,9.2478674580783,1.0446145337759412,1114.7757616974334,0.94315346992313,0.2779081470432052,89.94639168863387,0.18709491372044662,0.010621638383635572,10.738409055667539,0.24749020515790252,0.16413922677171103,0.17256798332968348,0.17871462772600166,0.1414471820724838,18,16,16,1338.0055555555555,762.46875,1.7548333037328487,575.5368055555555,62.5,0.06056249506730586,0.30550591179593234
valle del cauca,lechuga,35,2007,2024,18,1,97.22222222222221,36212.69,1034.6482857142857,62.760571428571424,58.791999999999994,16.842359387401704,0.5508177412121833,569.9026316862005,0.3881586776048391,0.16929482465356374,87.78554067879547,0.6723641901676931,1.6737397637533926e-09,3.4271245347923447,0.5608249392499823,0.5663865546218487,1.7023754991189844e-06,0.5321014268849118,7.5997475619032695e-06,18,17,17,1066.2633333333333,1001.1735294117648,1.0650135086569976,65.08980392156855,52.94117647058824,0.03699233163849723,0.32357480833283003
cundinamarca,coliflor,35,2007,2024,18,1,97.22222222222221,35895.99,1025.5997142857143,51.51199999999999,45.924571428571426,21.443014321187462,0.6668106318354272,683.8807934930908,0.5523037974217512,0.21257842734558427,-65.76946799519595,0.2620883804878403,0.0016683312234179871,-2.164046528179352,0.1639533250451405,-0.43061411361017826,0.0002769760281649482,-0.34966665195294205,0.003264426544914306,18,17,17,1149.9116666666666,893.975294117647,1.2862902076076148,255.93637254901967,70.58823529411765,0.040912357744308486,0.2897697174055221
boyaca,pepino guiso,35,2007,2024,18,1,97.22222222222221,34983.3,999.5228571428572,86.32857142857142,82.04857142857144,12.043684489705129,0.25362211745506524,253.50110347330812,0.19227250115665223,0.1455395747079443,-8.505843452989938,0.03190325431582292,0.30460505083887984,0.4395860207879247,0.019874866000276947,-0.18319327731092439,0.12163286793321139,0.06599135921198046,0.5792691659100566,18,17,17,1045.8111111111111,950.5117647058823,1.100261090860582,95.29934640522879,47.05882352941176,0.0303567527083439,0.503984235695357
boyaca,cebada,35,2007,2024,18,1,97.22222222222221,34982.65,999.5042857142857,644.7834285714285,561.6954285714285,1.819611795524057,0.4142527479458447,414.04739694079154,0.4524327988568488,0.26429862153808326,-2.1319113918419976,0.0007512735630467956,0.8757996081149642,-28.179943656124443,0.2644260679389963,-0.031932773109243695,0.7872931892354373,-0.32632475797021326,0.0058628362442532675,18,17,17,1147.7377777777776,842.5511764705883,1.362217287008729,305.18660130718933,82.35294117647058,0.03333435227113734,0.4604828939274232
cundinamarca,girasol,20,2007,2018,12,4,83.33333333333334,34347.0,1717.35,129.85,129.5,13.939698934969908,0.17429832745445217,299.33123265390344,0.24981317609071735,0.22713350303207894,38.903035795197084,0.19620571335306272,0.05047080964451452,6.75079293158133,0.5030877196137075,0.28599070545310673,0.08782509563019496,0.6233305484932347,0.0002898093716556408,10,10,9,1751.4,1683.3,1.0404562466583498,68.10000000000014,22.22222222222222,0.05144304558028742,1.0
la guajira,frijol,35,2007,2024,18,1,97.22222222222221,34289.02,979.6862857142856,1117.8714285714286,939.9985714285714,0.9984523583266701,0.5156608970091741,505.18590887901456,0.2740605541579941,0.1923578864821994,63.665995136633924,0.4500621910742446,1.0324038143953121e-05,34.23495025428882,0.35385272950321295,0.4151260504201681,0.0004519072031468842,0.4319327731092437,0.0002624772272640319,18,17,17,1027.286111111111,929.2864705882354,1.105456867849203,97.99964052287567,35.294117647058826,0.035951681195058295,0.09998560464958732
valle del cauca,zanahoria,35,2007,2024,18,1,97.22222222222221,33451.560000000005,955.7588571428573,79.0977636820494,76.24062082490654,12.546059847950549,0.6181943225910237,590.8446992517996,0.5324048956618445,0.22992814472588965,-30.68982874427295,0.07645434395004494,0.10784920599363106,-3.8669566202727554,0.2389384450506477,-0.33641727625795176,0.004503258340328473,-0.40572448067199507,0.0006188041979866329,18,17,17,1013.9311111111112,894.1647058823529,1.1339422194153526,119.76640522875834,64.70588235294117,0.039178435507304765,0.25856503560019845
sucre,melon,26,2007,2024,18,10,72.22222222222221,33203.05,1277.0403846153847,139.6153846153846,109.3076923076923,9.461548090675317,1.405042530721755,1794.2960538338834,0.9549822541005688,0.6581507746372571,162.88935596035077,0.2443110039937587,0.010268590840326955,10.027868597228707,0.16768952402369974,0.3574734597895921,0.010544538206314123,0.2941232854930985,0.03605336422448925,18,8,8,1620.9777777777776,503.18125,3.221459022524742,1117.7965277777776,87.5,0.11146984146216693,0.11954846649300852
norte de santander,lechuga,35,2007,2024,18,1,97.22222222222221,33184.0,948.1142857142858,45.08571428571429,43.92857142857143,19.860996019568116,0.6271156929042543,594.5773472381364,0.3053212178588284,0.40304398119754503,83.63228207523393,0.5606490625520476,2.3023945184894687e-07,1.8277508414513004,0.49957653012661063,0.6424994383676079,6.200193472960015e-08,0.5785665334673262,1.3977345332405861e-06,18,17,17,1002.6666666666666,890.3529411764706,1.1261451726568006,112.31372549019602,47.05882352941176,0.03948679113285764,0.32357480833283003
huila,pimenton,35,2007,2024,18,1,97.22222222222221,32976.38,942.1822857142856,124.17314285714286,120.03085714285714,7.76093721387887,0.4181144849233548,393.9400610953376,0.3605958898168669,0.1471467649327939,-10.003839686846673,0.018273977017253928,0.43877541360867056,-3.2241992497368157,0.14692874779114676,0.07064762801416988,0.5508276950439983,0.031986577314389655,0.7872513090571576,18,17,17,1003.3288888888887,877.4388235294118,1.1434744645251693,125.89006535947692,70.58823529411765,0.03342356780823883,0.20914195862847876
norte de santander,ahuyama,35,2007,2024,18,1,97.22222222222221,32057.26,915.9217142857142,50.96588513602313,48.86017085030884,18.12632376754679,0.698426506242356,639.7040029000808,0.7170206793463847,0.15806670811075058,108.99240662485361,0.822610542518132,6.115991924723195e-14,6.278815972726215,0.8365519723972231,0.7716958092312088,7.706306116927288e-11,0.8142848054862153,8.781444723747328e-12,18,17,17,993.9444444444445,833.3094117647058,1.192767572778952,160.63503267973863,41.17647058823529,0.04211035581807734,0.0821380302774234
antioquia,ahuyama,35,2007,2024,18,1,97.22222222222221,31528.829999999998,900.8237142857142,81.33,80.62400000000001,11.053764245971877,0.5896595882085303,531.179340414193,0.5959539924214879,0.15531163543317106,44.73699108877127,0.20100696894495898,0.006910608111247384,4.11070311225776,0.2038286064217859,0.38007244777493704,0.0013863763181007698,0.36289571378192187,0.0024290084119855224,18,17,17,983.4405555555555,813.3470588235294,1.209127819283024,170.0934967320261,52.94117647058824,0.03822183397457357,0.0821380302774234
narino,pepino cohombro,34,2007,2024,18,2,94.44444444444444,31180.969999999998,917.0873529411764,37.1614705882353,35.68382352941177,23.60103213451851,1.0456294304694909,958.9335265466552,0.7451398652527623,0.39732577943621555,31.025609725737535,0.028107088650125633,0.3432645412615918,1.9367048670179667,0.13134626419764575,0.15864527629233513,0.1870436230806085,0.2808604738295938,0.019887624495216673,17,17,16,879.3788235294118,954.7958823529412,0.9210123752967218,-75.41705882352949,25.0,0.06062305354109898,0.15017408413556602
cundinamarca,remolacha,35,2007,2024,18,1,97.22222222222221,31066.6,887.6171428571428,40.79857142857143,36.53057142857143,23.02361139542752,1.0192175537292687,904.6749729910198,0.7122495764656154,0.382386511520381,35.803757246860314,0.04438456612438243,0.2244404997357628,-0.38565381136663557,0.004991152812019819,-0.10092518287738554,0.39411871221154826,-0.24641569563987617,0.038024095082536846,18,17,17,1204.8666666666666,551.7058823529412,2.1838930945019013,653.1607843137253,76.47058823529412,0.05740355129976795,0.5121386892145101
cundinamarca,pepino cohombro,35,2007,2024,18,1,97.22222222222221,31004.440000000002,885.8411428571429,74.32857142857142,69.26914285714285,12.474556720677024,0.4451016846359682,394.2893850055657,0.28327705361156874,0.23331276379684057,17.8550319529084,0.058110018846705434,0.163013081388184,0.8518971575997527,0.046387385635231516,0.2257799965872969,0.05694979910382256,0.08791362697578517,0.4598790344258247,18,17,17,920.9688888888891,848.6470588235294,1.0852201504894374,72.32183006535968,64.70588235294117,0.03407014475807054,0.15017408413556602
la guajira,aji,35,2007,2024,18,1,97.22222222222221,30741.300000000003,878.3228571428572,185.88285714285712,148.62571428571428,6.0834580242015,0.2945750880804057,258.73203300589074,0.3139684984339929,0.13769616890982594,9.94340628382486,0.04185331778785747,0.23844589232837593,2.417251605059084,0.04861304302445472,0.19663865546218487,0.09659951430381246,0.19882119102463458,0.09368411088549547,18,17,17,786.5416666666666,975.5029411764706,0.8062934856127507,-188.96127450980396,11.76470588235294,0.030979863188242994,0.20793444438942935
boyaca,avena,35,2007,2024,18,1,97.22222222222221,30691.820000000003,876.9091428571429,379.70685714285713,370.1857142857143,2.2256874549896515,0.7239916256097558,634.8748758492005,0.6563805824380995,0.20009078162533375,52.06492237889775,0.19057858231698765,0.008744253940289257,13.886201977966582,0.08796675039358892,0.25904130271862286,0.02872492733161902,0.17493698365413493,0.13964939861042938,18,17,17,1071.111111111111,671.2835294117647,1.5956165527399564,399.8275816993464,94.11764705882352,0.04311965037910524,0.5499585277603037
boyaca,lechuga,35,2007,2024,18,1,97.22222222222221,30237.629999999997,863.9322857142856,69.84028571428573,65.54342857142858,13.857476980972782,0.9784625541466109,845.3253908897195,0.9585404690448689,0.29200577937948385,133.18475512655135,0.7034303922059553,3.1679707270946056e-10,9.280019127263023,0.5445336776987492,0.7232971439545962,1.0137404344708985e-09,0.6919201724323236,5.2841906412402e-09,18,17,17,745.4822222222223,989.35,0.7535070725448246,-243.86777777777775,47.05882352941176,0.05514385712284224,0.32357480833283003
cordoba,berenjena,35,2007,2024,18,1,97.22222222222221,29806.559999999998,851.616,102.50857142857141,94.81142857142856,7.73445713221613,0.987576485795758,841.0359365274402,0.5953613723984099,0.500132309766904,90.49739454057504,0.3280975359290221,0.0003231041555856861,7.8478492949601915,0.4685754839608861,0.4629636190240608,9.376601805161269e-05,0.47177909734659057,6.961304256778393e-05,18,17,17,1134.8755555555554,551.6941176470588,2.05707387346403,583.1814379084966,94.11764705882352,0.05564118262864307,0.2698952625015421
antioquia,arveja,35,2007,2024,18,1,97.22222222222221,29652.940000000002,847.2268571428572,396.36028571428574,374.9468571428572,2.2245980417884166,0.3904247525746903,330.7783360746325,0.2655287518036117,0.20893802820883756,34.19885414349898,0.30290672590874845,0.0006136946069800012,8.74658867488101,0.19571943651905246,0.3411764705882353,0.003940441330985823,0.29941137586957706,0.011467846380004986,18,17,17,860.2577777777777,833.429411764706,1.0321903278602387,26.828366013071786,64.70588235294117,0.03280218005908757,0.3037951755849065
norte de santander,habichuela,35,2007,2024,18,1,97.22222222222221,29599.25,845.6928571428572,85.77142857142857,83.27742857142857,10.52818562428924,0.2822942689973331,238.73424690340894,0.3957501913452169,0.15965869662639132,7.562588407988971,0.028436189835639454,0.3328658467953467,3.493172011921179,0.30010436537819546,0.24033613445378152,0.042274801642017606,0.4410709363050333,0.00021797146254428067,18,17,17,792.8283333333334,901.6670588235294,0.8792916693305778,-108.838725490196,35.294117647058826,0.03078323416040581,0.26234410769035965
valle del cauca,cebolla de bulbo,35,2007,2024,18,1,97.22222222222221,29180.05,833.7157142857143,58.44542857142858,55.816389610389606,15.121002777786394,0.28717763446974565,239.42450664882574,0.22211925515666772,0.21818614281928095,5.98785344661418,0.01772413485290765,0.44581008600978655,0.27045164064469224,0.01229888248484376,0.07413671529732138,0.5319368444553125,0.07137223803014145,0.5502641119259442,18,17,17,845.1011111111112,821.6605882352942,1.0285282307700323,23.44052287581701,58.82352941176471,0.030860419418079772,0.32705758908039645
cundinamarca,ajo,35,2007,2024,18,1,97.22222222222221,29115.5,831.8714285714286,59.932571428571435,56.63714285714286,13.317391616765253,0.8462359610069683,703.9595177913825,0.49864355639691854,0.35160723203140765,87.83267351689577,0.4411403238658741,1.3584303360521957e-05,3.1205435701258852,0.30896848172206093,0.36669483112116746,0.0019600195220921355,0.3071757301812155,0.009710684417273473,18,17,17,874.088888888889,787.1705882352941,1.110418633460952,86.91830065359488,76.47058823529412,0.04844728184314054,0.30550591179593234
antioquia,habichuela,35,2007,2024,18,1,97.22222222222221,27982.600000000002,799.5028571428572,147.53190476190477,139.89476190476185,5.743636867129681,0.4005443560716095,320.23635709169776,0.36245976011716446,0.16029082082777574,-21.084244473110623,0.12283856554841933,0.039001403037429876,-4.705051920387092,0.21938011876921298,-0.15294117647058825,0.19624277735153173,-0.23549209338056623,0.04676735739759988,18,17,17,821.7944444444445,775.9,1.0591499477309505,45.8944444444445,82.35294117647058,0.03302434004910032,0.26234410769035965
cauca,cebolla de rama,35,2007,2024,18,1,97.22222222222221,27607.600000000002,788.7885714285715,111.58114285714286,101.90885714285716,7.812557833412953,0.3598889245348472,283.8762706568071,0.26967353537083255,0.2697953543889405,-5.879630947615024,0.012156313042117063,0.5283549663924558,1.8865511617217505,0.11138810872654006,-0.055462184873949584,0.6393217922234354,0.23400706561579798,0.04833658563116046,18,17,17,876.3805555555557,696.0441176470587,1.2590876545557415,180.33643790849703,70.58823529411765,0.032166270442528046,0.28987950216277486
sucre,tabaco,22,2009,2024,16,10,68.75,27129.7,1233.168181818182,462.53409090909093,373.6363636363636,2.929469635170574,1.0104315439843627,1246.032029946935,0.7084885843743208,0.5606519251114527,-24.203217568947913,0.008794703420090998,0.6780624577327046,-21.752808988764045,0.10270956372744847,-0.19956663004330114,0.19441768590147612,-0.29004329004329005,0.06215800261753044,16,6,6,1327.528125,981.5416666666666,1.3524928895869595,345.9864583333334,66.66666666666666,0.0897529132368824,0.2568290616704286
tolima,repollo,31,2009,2024,16,1,96.875,27117.3,874.7516129032258,25.20967741935484,24.374193548387098,25.094825929771822,1.9097238011832676,1670.5339752847426,1.4737064940917635,0.5453865535736754,-168.06821421782914,0.22903712852919678,0.006460205394300391,-3.4769055312678168,0.19818672210724717,-0.5086687329389822,6.387735163420184e-05,0.07746567469923145,0.5499227926276274,16,15,15,834.5,917.6866666666666,0.9093517758421539,-83.18666666666661,20.0,0.14610962529050578,0.32064196932695327
narino,mani,35,2007,2024,18,1,97.22222222222221,27082.800000000003,773.7942857142858,608.6191428571428,546.922,1.3806683969316256,0.495772750454127,383.62612131425806,0.376485569649934,0.29933678223641685,10.97440875998992,0.0231902721809746,0.3824931384853206,-13.243033969426039,0.09465575497120474,0.10588235294117647,0.3709527086192641,-0.19663865546218487,0.09659951430381246,18,17,17,799.3861111111111,746.6970588235295,1.0705628228542867,52.6890522875816,52.94117647058824,0.03539337231278114,0.36331028907717094
cundinamarca,acelga,35,2007,2024,18,1,97.22222222222221,26887.390000000003,768.2111428571429,43.31371428571428,39.428,19.237576908013498,0.5765203802064574,442.8893801588372,0.541732647220961,0.14469551720413143,47.229405868659484,0.32225106001415393,0.000375649808674748,2.2693072668772154,0.2650486877182216,0.4756302521008403,5.8444363787764376e-05,0.45622960274734725,0.00011842466890072927,18,17,17,799.4500000000002,735.1347058823529,1.0874877673479613,64.31529411764723,64.70588235294117,0.03779655139508207,0.4325045587847745
tolima,patilla,34,2007,2024,18,2,94.44444444444444,26866.0,790.1764705882352,52.470588235294116,48.794117647058826,19.591629246587505,1.477886273685209,1167.790959671377,1.5524739993751233,0.33407912816010643,-141.15741363497395,0.42595611191609506,2.8745226921072695e-05,-10.193809232650562,0.4565413873691969,-0.5071757888116235,2.688145009372943e-05,-0.6780402679726142,2.0424548623801005e-08,18,16,16,878.9444444444445,690.3125,1.2732558724410241,188.63194444444446,56.25,0.09176200575454674,0.263014574837113
magdalena,frijol,35,2007,2024,18,1,97.22222222222221,25028.170000000002,715.0905714285715,1221.5617142857143,973.4928571428571,0.7847505319949666,0.3658452937498919,261.6125201620638,0.4012942391840021,0.4015074792924239,15.221023827528436,0.09592473453319102,0.07020598802504849,-57.764707530803804,0.39348520256575503,0.2085787112799301,0.07821214190884772,-0.4890756302521009,3.586565198169301e-05,18,17,17,655.7827777777778,777.8870588235294,0.8430308363396337,-122.10428104575158,29.411764705882355,0.0322862485588605,0.09998560464958732
meta,frijol,32,2007,2024,18,4,88.88888888888889,24932.56,779.1425,700.7859375,659.9265625,1.1444118865648611,1.0087434937141169,785.9549275511514,0.8372609740896423,0.37592835104167377,42.78128254923693,0.07343776224603851,0.1335582910699057,12.770067411617575,0.011740890625801699,0.1392533504127388,0.2631049790414154,0.13737401770055682,0.2700232946524249,15,17,14,291.01666666666665,1209.8417647058825,0.24054109814717298,-918.8250980392158,21.428571428571427,0.06205514308537836,0.09998560464958732
huila,pepino cohombro,35,2007,2024,18,1,97.22222222222221,24855.39,710.154,63.254571428571424,60.10457142857144,11.808671387882795,0.6705044751673236,476.1614350579755,0.6361312320388757,0.16672687635491565,78.18898803434016,0.7640867541557476,6.9900538110275885e-12,6.403949705677389,0.7177587174352167,0.7310924369747899,6.507389884072058e-10,0.7312576008872154,7.035545126083863e-10,18,17,17,675.55,746.7935294117647,0.9046007676741898,-71.24352941176471,52.94117647058824,0.04104946329915092,0.15017408413556602
narino,ulluco,35,2007,2024,18,1,97.22222222222221,24022.200000000004,686.3485714285715,143.74380952380955,135.55238095238096,5.701434664523336,0.5689532713828114,390.500265023205,0.6469959751875213,0.34399526423622706,10.42823717806148,0.02020873168005273,0.41528949179052077,-2.3691200964765318,0.018388767332025963,0.1899159663865546,0.10854623090377957,-0.04201680672268907,0.7225627705707576,18,17,17,725.4666666666667,644.9294117647058,1.1248776275865424,80.53725490196086,64.70588235294117,0.037555972286191744,0.5608108454732106
cordoba,frijol,35,2007,2024,18,1,97.22222222222221,23509.559999999998,671.7017142857143,667.24,575.417142857143,1.0705010975243536,0.9882879791152758,663.834729779695,0.8388301265603064,0.3204028212760096,56.55804427442435,0.20569737577926941,0.006212731504202625,52.011723974319075,0.24470916469332143,0.28403361344537814,0.016393190067244108,0.24369747899159663,0.03947435091450274,18,17,17,373.48777777777775,987.4576470588237,0.3782316931670172,-613.9698692810459,11.76470588235294,0.0556802011498512,0.09998560464958732
antioquia,cilantro,35,2007,2024,18,1,97.22222222222221,23168.940000000002,661.9697142857143,102.646,98.33428571428571,6.54879329477133,0.4588939136528872,303.773872908255,0.38399966922730383,0.11460671068854036,53.87668505256293,0.891375760039425,1.8015838523586405e-17,6.5958717732010745,0.7935212674751151,0.8097654572748118,8.358315862389036e-12,0.668351115463826,1.7093535446776274e-08,18,17,17,671.1672222222221,652.2311764705883,1.0290327209657506,18.936045751633856,58.82352941176471,0.034416198543331056,0.18391479166505917
bolivar,sorgo,35,2007,2024,18,1,97.22222222222221,23143.5,661.2428571428571,464.14285714285717,402.74285714285713,1.195373133474608,1.7839266779353466,1179.6087734513342,1.473033076502206,0.48721928288970046,-140.59727473570277,0.4025666008151462,4.254904922838116e-05,-84.7060480702223,0.43497112070782584,-0.5000179555779061,2.7279132844707434e-05,-0.4551632686715572,0.00014958656535920192,18,17,17,361.94444444444446,978.1470588235294,0.37003070364467966,-616.2026143790849,0.0,0.11689910966243353,0.20991452471081812
boyaca,repollo,35,2007,2024,18,1,97.22222222222221,22828.4,652.24,38.48571428571429,34.04571428571428,19.47479883432097,0.6627742696553539,432.2878896400081,0.728159849719144,0.37164736579759367,21.421403259048386,0.06958403661134681,0.1257252281710401,-0.04583870824251584,7.581796167419574e-05,0.2605042016806723,0.02772031386394524,0.1055405151954703,0.3776791307436542,18,17,17,762.3277777777778,535.6764705882352,1.423112306838217,226.65130718954254,76.47058823529412,0.0407634048208852,0.32064196932695327
quindio,ahuyama,34,2007,2024,18,2,94.44444444444444,22371.760000000002,657.9929411764706,44.33235294117647,43.85882352941176,14.094082285308241,0.792721651871124,521.605251248951,0.6324430399481492,0.33908710321408536,-71.37184639824036,0.5462307882612892,5.978364385463034e-07,-2.948759699395125,0.32270120474828695,-0.5828877005347595,1.2496847432445087e-06,-0.41964352621789025,0.0004930389728456578,18,16,16,713.4255555555557,595.6312499999999,1.1977638103366064,117.79430555555575,62.5,0.04735073648130998,0.0821380302774234
antioquia,coliflor,35,2007,2024,18,1,97.22222222222221,22268.0,636.2285714285714,30.45,28.63142857142857,22.438934029883626,0.464722819845206,295.6699357803728,0.4707040125132339,0.04416933411496133,24.181442106667866,0.18954397489302974,0.008949948922655817,1.2236221698323038,0.20653050285724198,0.31055128765573436,0.008934300110836445,0.3070976506249798,0.010757723453011545,18,17,17,660.6111111111111,610.4117647058823,1.082238497531935,50.199346405228766,29.411764705882355,0.034565623000559924,0.2897697174055221
cauca,habichuela,35,2007,2024,18,1,97.22222222222221,22002.35,628.6385714285714,95.30857142857144,84.5482857142857,7.278536629419602,0.5185191514516491,325.9611386269197,0.44926328593742987,0.22536760033538658,33.27714514478893,0.2953387230948793,0.0007413220331142599,4.835222335898463,0.3613491541956758,0.4050420168067227,0.0006203779967807202,0.43397828637275776,0.00024797816551616137,18,17,17,598.6066666666667,660.4370588235295,0.9063795840484717,-61.830392156862786,47.05882352941176,0.03603372388110425,0.26234410769035965
antioquia,pepino cohombro,35,2007,2024,18,1,97.22222222222221,21627.16,617.9188571428572,30.367999999999995,28.29085714285714,20.932136441339434,0.761794362059283,470.7271015815441,0.732361882043489,0.3686979482473701,65.53577509897248,0.5492605376600368,3.544879825314499e-07,3.1875797339975995,0.5821007939784196,0.5123208567850771,1.7352100158315218e-05,0.6593523829430085,3.852518236559938e-08,18,17,17,639.7933333333334,594.7576470588235,1.0757210714266876,45.035686274509885,47.05882352941176,0.044678564981404524,0.15017408413556602
caldas,patilla,24,2007,2024,18,12,66.66666666666666,21299.6,887.4833333333332,43.041666666666664,42.541666666666664,14.744907407407405,4.523508397480625,4014.5383109574295,4.241148914409946,0.7139704940468287,-135.39598907047483,0.02997761903771358,0.4184756199523536,-5.798937980100016,0.026595519416388356,-0.2647345100372679,0.07334183311792497,0.1208588838002806,0.4233241615420891,13,11,10,57.61538461538461,1868.2363636363634,0.030839451440309813,-1810.620979020979,0.0,0.8587308144232424,0.263014574837113
norte de santander,arveja,35,2007,2024,18,1,97.22222222222221,20870.91,596.3117142857143,303.1028571428571,292.46000000000004,2.053305976943769,0.5295422876918956,315.77226936033315,0.4962592259125085,0.1656684643851185,15.846369971679795,0.07136274211524954,0.12081542245666298,9.820423172160199,0.12078780248343357,0.34650979454569036,0.0034358271863296915,0.5584526785882,2.4129446325063206e-06,18,17,17,637.3605555555555,552.8482352941177,1.1528671249470064,84.51232026143782,47.05882352941176,0.036354376466477434,0.3037951755849065
norte de santander,repollo,35,2007,2024,18,1,97.22222222222221,20846.75,595.6214285714286,42.91428571428571,40.68571428571428,15.126504726465695,0.35126115018669113,209.21866807584013,0.40115108049828,0.1466682104237641,16.171051851192864,0.16929167291091723,0.014063678846565168,2.176778909597735,0.4530737031371942,0.30756302521008405,0.009353334884500302,0.5320251856575409,8.997562662436685e-06,18,17,17,656.1972222222222,531.4823529411765,1.23465476998603,124.71486928104571,47.05882352941176,0.03199597506239692,0.32064196932695327
bolivar,ajonjoli,35,2007,2024,18,1,97.22222222222221,20773.65,593.5328571428572,936.3714285714286,796.0828571428572,0.7757384808697689,0.6047179475938629,358.91997120095004,0.5849753343317348,0.16974639180479034,3.9487448660350237,0.0034299107813556893,0.7382424534055845,7.611820352000957,0.005472245428794983,-0.01345669105031807,0.9095367216432657,-0.006728345525159035,0.954695387014737,18,17,17,520.2055555555556,671.1735294117648,0.775068641356399,-150.96797385620914,35.294117647058826,0.038721019648026565,0.2887752369291305
tolima,cebolla de rama,34,2007,2024,18,2,94.44444444444444,20763.5,610.6911764705883,75.83823529411765,70.82352941176471,8.981826909040725,0.5923045615430921,361.71516951764687,0.46366051742573916,0.47444986630598274,40.381782020684156,0.3490759630055805,0.00023424567970141015,1.1576133651551315,0.030355180908499153,0.2976827094474154,0.013298195121687346,0.19857014391773825,0.09971498761964913,18,16,16,637.5277777777778,580.5,1.0982390659393244,57.02777777777783,56.25,0.03942665647890736,0.28987950216277486
norte de santander,apio,35,2007,2024,18,1,97.22222222222221,19965.0,570.4285714285714,42.51428571428571,42.34285714285714,13.794642857142858,0.2555907194851974,145.79624898634188,0.31923312168917983,0.08894424146312398,20.71823614014798,0.5722328417390902,1.4678401358672336e-07,1.9864774698634406,0.6070738803342318,0.6259024075937806,2.690827390541999e-07,0.6386637053837023,1.4745214395942425e-07,18,17,17,604.6666666666666,534.1764705882352,1.1319605036156077,70.49019607843138,35.294117647058826,0.03038457546135238,0.41547690060674053
cauca,patilla,35,2007,2024,18,1,97.22222222222221,19964.9,570.4257142857143,56.457142857142856,47.94285714285714,11.293799599079728,0.9615643549752991,548.5010340184672,0.578330100406165,0.34803439881594833,77.08801061637236,0.5597301465978027,2.3849259822420503e-07,5.402606645611851,0.7758490542773956,0.5740748875898354,1.2746558150286833e-06,0.6616092650056951,2.55075301115081e-08,18,17,17,592.4166666666666,547.1411764705882,1.082749191877925,45.27549019607841,58.82352941176471,0.054233962692088286,0.263014574837113
cordoba,aji,30,2009,2024,16,2,93.75,19702.35,656.745,102.61833333333333,87.59833333333333,7.116404201626727,0.7442751545390494,488.798986367748,0.525936783867654,0.31567444930177496,-13.040445605244916,0.015348325517732544,0.5142390504674967,1.9675283833484352,0.02865904648544943,-0.05287356321839081,0.6971651256176505,0.14763640862887104,0.25329961430664916,16,14,14,798.149375,495.14,1.6119670699196187,303.009375,85.71428571428571,0.05118268851584407,0.20793444438942935
putumayo,frijol,27,2007,2024,18,9,75.0,19512.9,722.7,494.4962962962963,399.3111111111111,1.7408886601383269,0.8217645010325949,593.8892048962564,0.5690064993663035,0.37837187320111315,33.29854042165598,0.10078836108695424,0.10660686644177578,10.938327816408595,0.0484520525915568,0.2282455960058202,0.09529283802345664,0.21683331620552923,0.1130323417882313,14,13,10,532.0571428571428,928.0076923076923,0.5733326859975345,-395.9505494505495,50.0,0.061121699964459666,0.09998560464958732
boyaca,melon,32,2007,2024,18,4,88.88888888888889,19004.35,593.8859375,33.3375,32.153125,18.650463569227146,0.7564917777171402,449.2698286205854,0.6640279836313109,0.5042627942884444,-51.82618890714805,0.40202724675393503,9.761145306674022e-05,-3.097636783756955,0.5915529336373545,-0.32896081329386123,0.008202238662774744,-0.41464785031074125,0.0009265382981174126,17,15,15,610.2470588235294,575.3433333333334,1.0606659075859564,34.90372549019605,73.33333333333333,0.04857487705308869,0.11954846649300852
norte de santander,melon,35,2007,2024,18,1,97.22222222222221,18708.5,534.5285714285715,28.114285714285714,27.53142857142857,20.629222152654688,0.2913927076239234,155.75772773091919,0.43149155413942797,0.25421991464336935,7.602797918242071,0.06751614105110385,0.13170143386893057,1.6532034458728118,0.5262763087997101,0.11794477433664764,0.320027624919741,0.4868481829984598,4.729843434176387e-05,18,17,17,515.3055555555555,554.8823529411765,0.9286753359953827,-39.57679738562092,35.294117647058826,0.030928106238300123,0.11954846649300852
norte de santander,brocoli,35,2007,2024,18,1,97.22222222222221,18302.0,522.9142857142857,38.68571428571428,38.27142857142857,14.358132673251271,0.17210382000818683,89.995546108281,0.27937629153050825,0.22786193142163158,6.687291490592058,0.15646542994624707,0.018673062128800228,1.4021025161988645,0.47691295983136106,0.33986780014353074,0.004449506372540162,0.47724039621252035,8.7415906664333e-05,18,17,17,534.2777777777778,510.88235294117646,1.0457941533934627,23.395424836601364,35.294117647058826,0.02939352705737792,0.28815083691932863
boyaca,pimenton,34,2007,2024,18,2,94.44444444444444,18103.670000000002,532.4608823529412,42.71411764705882,41.1185294117647,13.581539784390216,0.4893621171481096,260.56618468678585,0.5374628605670329,0.20310655621909313,22.85007793084406,0.22339360833756788,0.0047623523195521765,2.6172761022305417,0.3775641592767569,0.24264059609731195,0.043763822110406095,0.3788248491948973,0.0017411109738228803,18,16,16,543.4283333333334,520.1225,1.044808354442143,23.305833333333453,56.25,0.03624799679592512,0.20914195862847876
caqueta,patilla,32,2007,2024,18,4,88.88888888888889,17768.1,555.253125,70.140625,61.421875,12.627682811533967,0.6684085185519346,371.13591870258216,1.082117531327806,0.6361195986260685,33.88883125482838,0.22847196683327867,0.0056594035147462494,5.379998528492072,0.13767715966506325,0.3531787872786854,0.004536128106787826,0.4924075341482502,8.040445190730996e-05,16,16,15,656.296875,454.209375,1.4449214638073025,202.08749999999998,80.0,0.04477526208775054,0.263014574837113
atlantico,aji,35,2007,2024,18,1,97.22222222222221,17723.399999999998,506.38285714285706,93.08285714285714,71.54285714285716,7.109793816902995,0.8570147204883675,433.97756277438657,0.6608343997093209,0.5095414386064668,37.106137034236326,0.20716522620512234,0.006008675229603988,-0.934793825897425,0.006544355744235066,0.20336134453781513,0.08572855119958067,-0.040438208343993476,0.7331506141121467,18,17,17,708.6666666666666,292.2,2.4252794889345197,416.46666666666664,94.11764705882352,0.048956835802896045,0.20793444438942935
norte de santander,coliflor,32,2007,2024,18,4,88.88888888888889,17640.0,551.25,35.25,35.125,16.530682954829615,0.2365759581449405,130.41249692739845,0.3226504075877877,0.19771593770702914,7.389705882352941,0.098603229866193,0.08008006912356977,1.3224789915966386,0.4152122320249796,0.24101865543834813,0.05960180589962372,0.41817217783009175,0.0011642281519628423,16,16,16,550.375,552.125,0.9968304278922345,-1.75,43.75,0.032944349319470795,0.2897697174055221
la guajira,algodon,18,2007,2024,18,18,50.0,17296.5,960.9166666666666,612.3888888888889,529.2222222222222,1.4099431796478243,1.2911071196153192,1240.6463496903539,0.8396138030889552,0.48905051715187836,-115.90127657671756,0.31892473679585476,0.014613407504831272,-39.09977866708399,0.21132098434284124,-0.3541002639140852,0.040671369157608335,-0.1836075442517479,0.28853665794721306,5,13,5,589.44,1103.7923076923075,0.5340135058853046,-514.3523076923075,60.0,0.1430193799489606,0.34808008457503015
valle del cauca,berenjena,34,2007,2024,18,2,94.44444444444444,16970.4,499.12941176470594,18.975882352941177,18.108235294117648,24.673213197767197,0.9972349061955693,497.7492721206262,0.7566797142624903,0.3391900849503995,-13.733947644650298,0.02117067595444988,0.41161172738074725,0.6910842060560414,0.06441677999456177,0.269643287059155,0.02515701943715187,0.3815950860887233,0.0017193941945611033,17,17,16,506.4588235294118,491.8,1.0298064732196255,14.65882352941179,56.25,0.05780082709208583,0.2698952625015421
choco,cebolla de rama,34,2007,2024,18,2,94.44444444444444,16741.539999999997,492.39823529411757,31.08823529411765,27.45294117647059,17.585063235935472,0.637539467337021,313.9233086471009,0.4910558527692617,0.3226295016968242,-12.98534252916128,0.04941880786377396,0.20635991196324927,-0.29145837190643725,0.01052765673999006,-0.173776222559058,0.1534984884368536,0.005445542997467751,0.9644175375055037,18,16,16,518.6716666666666,462.84062500000005,1.120626925665107,55.83104166666658,68.75,0.041014763745335914,0.28987950216277486
boyaca,pepino cohombro,35,2007,2024,18,1,97.22222222222221,16551.65,472.9042857142858,42.472857142857144,40.744285714285716,11.985681858998614,0.5697319088438579,269.42866140044123,0.587311187150597,0.23365458681717638,-16.709344186943053,0.10899112773954937,0.05275928730395565,-1.1254222083833758,0.05768081454520618,-0.23361344537815124,0.04838185040483917,-0.19611501402290535,0.0992211648436176,18,17,17,604.3888888888889,333.68529411764706,1.8112541953251322,270.70359477124185,94.11764705882352,0.03758058059629832,0.15017408413556602
cesar,aji,31,2007,2024,18,5,86.11111111111111,16400.309999999998,529.0422580645161,95.46935483870968,89.80225806451612,6.707328943188538,0.9654174856414308,510.7466465787101,0.6005061681087407,0.49631403092292015,10.370746694176125,0.011818040530600451,0.5604774574393542,0.6998452593078872,0.0042714723438031146,0.08611415107403705,0.496533019405085,0.11447191032699996,0.36741235632415004,18,13,13,610.4988888888888,416.25615384615384,1.466642314469004,194.24273504273498,46.15384615384615,0.061353722838154726,0.20793444438942935
cauca,brocoli,35,2007,2024,18,1,97.22222222222221,16150.749999999998,461.44999999999993,23.782857142857143,23.025714285714287,16.9744413401865,0.9790473793024477,451.7814131791144,0.8096180188387604,0.35290299619344223,76.72212460892906,0.8172302729842719,1.0044003602061389e-13,3.1774713461738067,0.771675699198603,0.8487834579729959,2.013681389187034e-12,0.8711726704283475,1.0261071910145444e-12,18,17,17,456.4416666666667,466.7529411764706,0.9779084959083196,-10.311274509803866,29.411764705882355,0.05517563119285362,0.28815083691932863
huila,cebolla de bulbo,35,2007,2024,18,1,97.22222222222221,16054.970000000001,458.7134285714286,47.64457142857142,44.16457142857142,10.619894895204403,0.5247823136825019,240.72469436294742,0.4435985377613884,0.24059804790391395,-16.377237667363556,0.1311595561973661,0.0325227749392844,0.13289192355025717,0.0011203405037543033,-0.3042016806722689,0.010156378915370136,-0.055462184873949584,0.6393217922234354,18,17,17,457.8166666666667,459.66294117647055,0.9959834166637875,-1.846274509803834,64.70588235294117,0.036215085885416026,0.32705758908039645
cundinamarca,avena,20,2007,2024,18,16,55.55555555555556,15948.86,797.443,279.5,265.6,2.615529674401187,1.084761580619607,865.0355291340411,0.8570792198338291,0.3395289199217662,42.57884473603014,0.0981542029944573,0.1786119365805762,9.804316406567175,0.06786066719182197,-0.06896770088839914,0.6727015236412293,-0.15140665972204503,0.3602531208258344,11,9,9,845.9090909090909,738.2066666666667,1.145897387690562,107.70242424242417,66.66666666666666,0.10589361512244652,0.5499585277603037
magdalena,ajonjoli,34,2007,2024,18,2,94.44444444444444,15762.63,463.6067647058823,582.3264705882352,532.5058823529412,0.8166048752266538,1.0667957458791866,494.5737243490483,0.6611717812337833,0.15383970666404886,46.02912626032117,0.232571022322622,0.0038732335006516805,34.29903655449983,0.2130857352679706,0.27475479263960323,0.022417696970109115,0.29411764705882354,0.014443772012067382,17,17,16,233.07294117647058,694.1405882352941,0.33577195329984855,-461.0676470588235,12.5,0.06189944151648417,0.2887752369291305
tolima,pimenton,20,2007,2024,18,16,55.55555555555556,15724.0,786.2,44.25,38.1,21.22956915888885,0.670513204926618,527.1574817133071,0.7845584333035005,0.2362709103410643,-52.1426322234533,0.4415301416598851,0.0013946068580782003,-3.9976091900402384,0.598382292433779,-0.190855469631952,0.2511793340087052,-0.32810897944485534,0.04904697684314675,10,10,10,725.9,846.5,0.8575310100413467,-120.60000000000002,10.0,0.07135542800409582,0.20914195862847876
santander,arveja,35,2007,2024,18,1,97.22222222222221,15716.050000000001,449.03000000000003,331.85914285714284,316.5182857142857,1.4389145612433518,0.22947112515252138,103.03941932723669,0.2209212483455815,0.15416503332866882,3.4437606571475188,0.031653303249859696,0.30653825913127336,4.18148896104859,0.09218054702439275,0.08410431906448794,0.4776153287710161,0.12605042016806722,0.28682732924443755,18,17,17,488.5838888888889,407.14941176470586,1.2000112852213687,81.43447712418305,76.47058823529412,0.03003292890406365,0.3037951755849065
valle del cauca,cimarron,31,2007,2024,18,5,86.11111111111111,14792.45,477.1758064516129,59.90112201963534,58.61079943899018,7.536818979225929,0.7374101860322492,351.8743002055724,0.6136769286363633,0.2564494963897517,-35.57928341248305,0.32408865424790817,0.0008307000564067435,-4.0602106807857945,0.3867160190152709,-0.33730222505024027,0.007963489206549997,-0.4265811576481578,0.0008461239525811691,16,15,15,547.996875,401.6333333333333,1.3644208025562288,146.36354166666672,73.33333333333333,0.04923331266797449,0.6848780795985364
atlantico,tomate,35,2007,2024,18,1,97.22222222222221,14784.0,422.4,43.53142857142857,36.43714285714285,13.19055283706632,1.0200738224485548,430.87918260226957,1.00751486201441,0.6306836858875938,4.2354655042035505,0.0027381119259984733,0.7652969148965565,-3.8189389558590237,0.21485061165711905,0.038655462184873944,0.7439455285232186,-0.23330924082035295,0.04984234453421616,18,17,17,217.64999999999998,639.1941176470588,0.3405068882692361,-421.5441176470588,17.647058823529413,0.057452016743121136,0.11898486147825811
caldas,repollo,30,2007,2024,18,6,83.33333333333334,14398.469999999998,479.9489999999999,24.800759259259266,23.637795458354287,20.32959489576887,0.9194980184170813,441.3121544412597,0.6510604692542363,0.41813240032522764,-3.5196313480256243,0.001449720021737397,0.8416705445996187,0.2641879458256988,0.006101476587648615,0.1012658898340376,0.4323771593734742,-0.17951680470579395,0.16397632258323158,16,14,14,460.05375000000004,502.68642857142856,0.9151903131887105,-42.63267857142853,57.14285714285714,0.06057646841146137,0.32064196932695327
norte de santander,remolacha,35,2007,2024,18,1,97.22222222222221,14392.800000000001,411.22285714285715,25.485714285714284,24.65142857142857,16.75891939821856,0.1724208577830203,70.90339776855585,0.17060130971596227,0.07660852330100167,2.6021662737422715,0.038167693469226306,0.2607151817166866,0.29226161351066837,0.12803984405913899,0.1440729702512611,0.22685358828401203,0.22949754945105288,0.05933346675499405,18,17,17,409.95000000000005,412.57058823529417,0.9936481457718466,-2.6205882352941217,41.17647058823529,0.02939655867326816,0.5121386892145101
cesar,pimenton,30,2007,2024,18,6,83.33333333333334,14365.65,478.85499999999996,99.55,87.695,5.864216293853743,0.7953542381331243,380.85935370123724,0.6452775794673355,0.5416813421316641,39.37908481472834,0.27632430146844345,0.0028522601578214106,7.776773504986159,0.37882646960792976,0.3977011494252874,0.0017234661675702629,0.4050635593361504,0.0016864743520894187,17,13,13,456.19117647058823,508.49230769230775,0.8971446953463703,-52.301131221719515,61.53846153846154,0.0537167361770815,0.20914195862847876
tolima,cilantro,35,2007,2024,18,1,97.22222222222221,14246.949999999999,407.05571428571426,84.92285714285715,77.13,3.7826137571735003,1.6173531237027663,658.3528310210608,1.4984500820399382,0.5070378330447622,-67.14569562445325,0.29476700127490074,0.0007519277980399459,-11.511692836914138,0.23190203259064457,-0.16723187702097228,0.15946063268527277,-0.133237010024753,0.2666802673670875,18,17,17,413.08611111111105,400.6705882352941,1.0309868586324233,12.415522875816976,52.94117647058824,0.1011740884159488,0.18391479166505917
atlantico,frijol,35,2007,2024,18,1,97.22222222222221,13909.92,397.4262857142857,476.8671428571428,380.00857142857143,0.9494374986405737,0.8965477452818332,356.3116403728765,0.5167556847964097,0.2981614571893568,42.129772696944094,0.3961668515997551,5.108619881478493e-05,17.974764616046148,0.1507721131715715,0.5092436974789916,1.684750517899537e-05,0.16302521008403362,0.1683456938502612,18,17,17,419.7244444444445,373.81647058823535,1.122808858004487,45.90797385620914,58.82352941176471,0.05088092018398198,0.09998560464958732
tolima,mani,27,2007,2024,18,9,75.0,13811.0,511.51851851851853,348.44444444444446,333.9259259259259,1.494615365494268,1.3691607650503872,700.3510861522554,1.3075387512974501,0.1829103720694709,-67.65695230396122,0.3288939094576706,0.0017642722730427884,-46.04466451091353,0.3599523243283444,-0.33143412503291564,0.016262485930833105,-0.3500807438017759,0.010882151744542658,16,11,11,633.75,333.72727272727275,1.899005720512122,300.02272727272725,54.54545454545454,0.103895241720696,0.36331028907717094
cauca,mani,35,2007,2024,18,1,97.22222222222221,13720.09,392.00257142857146,295.24285714285713,267.2228571428571,1.4182417125359572,0.9882830081755712,387.4094805039878,0.5623003590904385,0.5602712131815716,25.96279851133551,0.1272689439463008,0.035406784861156226,5.911999762762629,0.03593628828667099,0.35126050420168065,0.0029964751101979616,0.273420155436027,0.021338117987782037,18,17,17,494.2055555555556,283.78764705882355,1.7414625360811302,210.41790849673203,41.17647058823529,0.05567992844444973,0.36331028907717094
antioquia,cebolla de bulbo,35,2007,2024,18,1,97.22222222222221,13671.289999999999,390.60828571428567,14.582857142857142,13.57857142857143,16.3794967681525,2.0195567672035124,788.8556067400486,1.0642305036432007,0.7171938213881818,33.68142979997928,0.0516589921194261,0.18915873215062795,0.21532849962190292,0.005455145060150953,-0.3141762510586134,0.009380122809423862,-0.2210628378550836,0.07079772261893806,18,17,17,351.20500000000004,432.3294117647059,0.8123550941547839,-81.12441176470588,23.52941176470588,0.1417736524265755,0.32705758908039645
sucre,berenjena,29,2007,2024,18,7,80.55555555555556,13229.6,456.19310344827585,68.77586206896552,62.210344827586205,8.250588036066741,0.7081622882984628,323.0587520439084,0.8096467285631495,0.3301845783222889,20.14823933126378,0.1280760209824291,0.056633282844566556,3.5662658488237255,0.13505816970633278,0.18226600985221672,0.1723937936829294,0.2645259226329628,0.04459988656274251,17,12,11,535.6676470588236,343.6041666666667,1.558967262403658,192.06348039215692,81.81818181818183,0.05117934262057934,0.2698952625015421
meta,tomate,23,2012,2024,13,3,88.46153846153845,12648.6,549.9391304347827,24.655652173913044,24.04869565217392,20.27265534296799,0.7704584421515149,423.7052457129414,0.6682837191798037,0.3174684779710764,33.8590283427809,0.0946209399134898,0.15333574103376885,1.4483661220406807,0.11449009671970584,0.2015810276679842,0.1888380829020091,0.1150802711697233,0.4434157166602566,13,10,10,489.7823076923077,628.143,0.7797305831511419,-138.36069230769232,50.0,0.0681650976253608,0.11898486147825811
boyaca,haba,31,2007,2024,18,5,86.11111111111111,12488.4,402.85161290322577,324.9645161290323,299.38387096774204,1.4353159541710871,0.7266303937396087,292.7242261025074,0.7109008563330728,0.1744391814329753,-31.436170288500882,0.3483893195192754,0.00047374376814555096,-26.440932956021832,0.3957186256618015,-0.38494623655913984,0.0020361273500724524,-0.44516129032258067,0.0003084321604958889,18,13,13,537.4966666666667,216.42000000000002,2.4835813079505895,321.07666666666665,76.92307692307693,0.04874063670466739,0.5676735391369351
valle del cauca,algodon,20,2007,2024,18,16,55.55555555555556,12372.08,618.604,224.48450000000003,212.3895,2.7806356581050258,1.2776975976759362,790.3888447127249,1.0577843281785064,0.47393756744748344,-82.84776911567842,0.3671689598482875,0.004628652809364326,-25.96006063469565,0.3994205043073112,-0.5608544113873728,0.0005758953366110975,-0.44033224413362526,0.006973911584798659,16,4,3,742.290625,123.8575,5.993101951839816,618.433125,0.0,0.12754427967757576,0.34808008457503015
tolima,melon,28,2007,2024,18,8,77.77777777777779,12329.6,440.34285714285716,20.607142857142858,20.035714285714285,17.85156103516922,0.9570238630162224,421.4186221944577,0.6280210345516023,0.5665747402528831,14.74899024576318,0.03716593677833859,0.3256704879829234,0.4003051604817177,0.029029956611647142,0.1220163443651858,0.36326840504902125,0.0778608366062411,0.5657491710344722,17,11,11,433.2529411764706,451.3,0.9600109487623988,-18.047058823529426,63.63636363636363,0.06725657679633587,0.11954846649300852
narino,habichuela,34,2007,2024,18,2,94.44444444444444,12092.65,355.6661764705882,59.09058823529411,57.5435294117647,7.985658621382951,0.866556989497724,308.20501114851913,0.9540436726272996,0.5172738830664637,20.011897431641845,0.1132007655811731,0.051702098506695236,2.3642776648271853,0.047225442944350035,0.30438979977506975,0.01167806175379485,0.23403487379448668,0.05357957450631699,17,17,16,356.77941176470586,354.5529411764706,1.0062796562365197,2.2264705882352587,25.0,0.05084809128854917,0.26234410769035965
casanare,soya,19,2007,2024,18,17,52.77777777777778,12040.0,633.6842105263158,404.1578947368421,325.2105263157895,1.860918945836206,0.7071460091761215,448.1072605516054,0.5272380660603861,0.24469590427971186,-14.036102348405198,0.03273895011488462,0.45850940778835114,7.689011566771823,0.04344712419803126,-0.2018026281087994,0.23280433193453265,0.20302940310500528,0.23203618328973752,4,15,3,1146.0,497.06666666666666,2.3055257510729614,648.9333333333334,100.0,0.07756509310051765,0.8801723533870649
magdalena,col,35,2007,2024,18,1,97.22222222222221,11815.109999999999,337.5745714285714,70.03314285714286,56.28371428571429,4.864713710967182,1.7015693310849944,574.4065376970179,1.1497412070537574,0.854283250750306,-75.23248773037975,0.4861071630951724,3.2593374790741687e-06,-11.885582195335328,0.6174380875996669,-0.5388582704009107,5.781640372866927e-06,-0.5702330270368569,1.6592006591135154e-06,18,17,17,300.375,376.9623529411765,0.7968302342565023,-76.5873529411765,52.94117647058824,0.10893183543561404,0.6284993945258104
bolivar,tabaco,18,2010,2024,15,12,60.0,11721.3,651.1833333333333,525.1666666666666,451.27777777777777,1.3169880261594895,0.9390630283518874,611.5021930122765,0.7759862329434614,0.2762835101079989,-73.15491776846177,0.32632764969697187,0.013273206616859674,-40.29474363108675,0.22292424967917499,-0.46711537223915417,0.007077330327820986,-0.4144826542403762,0.016860936866693415,15,3,3,703.1533333333334,391.3333333333333,1.7968143100511076,311.8200000000001,0.0,0.10182490527992624,0.2568290616704286
norte de santander,patilla,29,2010,2024,15,1,96.66666666666667,11568.5,398.91379310344826,14.275862068965518,14.086206896551724,32.814516129032256,0.8141637180937757,324.78113699199463,1.5480853544417204,0.1380113884402569,-15.35314663794429,0.0447140199726732,0.2708311033956494,-1.4549623018925986,0.08672404131031956,0.3102322557741846,0.029769817523480454,0.02865341275306264,0.8479391422905198,15,14,14,476.06666666666666,316.25,1.5053491436100133,159.81666666666666,64.28571428571429,0.05655190448999749,0.263014574837113
cauca,coliflor,35,2007,2024,18,1,97.22222222222221,11560.3,330.2942857142857,13.314285714285715,12.542857142857143,26.701807925603003,0.7668869056219193,253.29836271603068,0.7960646935174845,0.1568766138515974,40.455049449164505,0.7228374261743238,1.0241235736468892e-10,1.5149533680292993,0.5789299036221895,0.719994208630634,3.141519781159451e-09,0.662263354363692,7.359028222935269e-08,18,17,17,353.57222222222225,305.6470588235294,1.1567990334445302,47.92516339869286,41.17647058823529,0.044894635007745584,0.2897697174055221
narino,pimenton,34,2007,2024,18,2,94.44444444444444,11382.58,334.7817647058823,51.364411764705885,49.135,6.947811334256958,0.7832373002969852,262.2135655768958,0.4247389006342893,0.6213372099935367,13.303051989544006,0.06911057134094735,0.13306624903222208,0.31575635865731777,0.005624549121774512,0.12845678616916517,0.28575639388856666,0.0738781912062295,0.542697219339557,17,17,16,307.56470588235294,361.99882352941177,0.8496290205688026,-54.43411764705883,50.0,0.046924050227530115,0.20914195862847876
sucre,aji,28,2007,2024,18,8,77.77777777777779,11318.669999999998,404.2382142857142,94.98392857142858,82.55714285714285,4.665886791850991,0.8787810087257171,355.2368657154825,0.6721107687920869,0.4974150784878577,-23.015449390416784,0.1370833040121725,0.05245261930849256,0.8584207541820248,0.005904731555234376,-0.12698412698412698,0.35644974225618214,0.07936507936507936,0.5700272398217049,18,10,10,550.928888888889,140.195,3.929732792816356,410.733888888889,90.0,0.06230983884568713,0.20793444438942935
risaralda,frijol,35,2007,2024,18,1,97.22222222222221,10591.049999999997,302.60142857142847,276.72628571428567,248.53485714285713,1.2635722994983574,0.34630960813626116,104.79378215004421,0.39459449937371527,0.1827687796311153,-12.532233145026174,0.40527127706035826,3.936359786549302e-05,-14.490733508295904,0.4990427847590815,-0.4789915966386554,5.178789682317931e-05,-0.5079900871495072,1.7926535298572457e-05,18,17,17,312.0877777777777,292.55705882352936,1.066758665925847,19.530718954248357,64.70588235294117,0.03190010752602016,0.09998560464958732
cauca,melon,35,2007,2024,18,1,97.22222222222221,10580.7,302.3057142857143,24.571428571428573,22.34285714285714,14.935471569690188,0.7800494031739683,235.81339200465163,0.6777243385080249,0.3929297916134147,28.75442373559896,0.42133964920327566,2.462475405552248e-05,2.5414053348753773,0.6599952642388479,0.5244549221320894,9.942141214089483e-06,0.5497550640713409,4.819081894435526e-06,18,17,17,330.03333333333336,272.94705882352946,1.2091477913550712,57.0862745098039,41.17647058823529,0.04545977177741239,0.11954846649300852
cundinamarca,cebada,35,2007,2024,18,1,97.22222222222221,10232.7,292.36285714285714,130.0857142857143,124.68571428571428,2.6254691209120478,0.7051269613689042,206.15293307427388,0.8214612528369056,0.32067590531346657,-3.2063505478700565,0.0068549278854461845,0.6363250715178621,-9.268582358436014,0.21318329556836862,0.015126050420168069,0.898297050215243,-0.1761270448835924,0.13930321804949994,18,17,17,323.48333333333335,259.4117647058824,1.2469879062736204,64.07156862745097,70.58823529411765,0.04237137720496138,0.4604828939274232
cundinamarca,cebolla de rama,33,2007,2024,18,3,91.66666666666666,10173.8,308.29696969696965,25.78484848484849,24.07121212121212,14.04815405858884,0.5277732538544552,162.71089485043805,0.46957059540759816,0.45561601621868886,9.344513313829518,0.09448192787290867,0.0818447922224587,0.03709277532602755,0.0002688539011269066,0.27540472644412506,0.024608132426790563,-0.036295514811049,0.7681955272371916,18,15,15,262.44444444444446,363.32,0.7223506673027756,-100.87555555555554,33.33333333333333,0.038487995812205515,0.28987950216277486
norte de santander,tabaco,35,2007,2024,18,1,97.22222222222221,10013.81,286.1088571428571,176.51085714285713,175.33942857142856,1.6812664861609903,0.8493692532939519,243.0120663522145,0.8001956446921712,0.14470062232058553,-34.72645078065923,0.5786621065001641,1.1375053737417414e-07,-19.460914550064505,0.5379615056290844,-0.5446911249153211,4.455581091796172e-06,-0.4199012077520587,0.0004038060346325932,18,17,17,321.9144444444444,248.19705882352943,1.297011519678518,73.717385620915,64.70588235294117,0.04859473989142716,0.2568290616704286
norte de santander,aji,25,2012,2024,13,1,96.15384615384616,10002.99,400.1196,76.48,74.4376,5.170629541349944,0.6185858077088717,247.50830594615067,0.4665061430168358,0.14291200308320698,50.70752379910275,0.6393117374004157,1.626220745769279e-06,8.027738264580368,0.7711224430571187,0.6232890249579993,2.0732371472368935e-05,0.7063942282857325,1.4040108002372891e-06,13,12,12,407.00076923076927,392.665,1.0365089051246463,14.335769230769245,50.0,0.05469369861755535,0.20793444438942935
cauca,lechuga,35,2007,2024,18,1,97.22222222222221,9795.24,279.864,21.93142857142857,19.865714285714283,11.961405601478855,0.8786658894814378,245.90695049383308,0.6388423963102831,0.6208201013820552,28.337099773141773,0.37629557699507793,8.914949997782404e-05,2.2762080571742076,0.7479327191362083,0.4192803748075908,0.00042285441475597855,0.7012248390110909,4.2671662943666026e-09,18,17,17,328.95,227.8905882352941,1.4434558379408076,101.05941176470589,64.70588235294117,0.049999859054284904,0.32357480833283003
valle del cauca,patilla,26,2010,2024,15,4,86.66666666666667,9665.9,371.7653846153846,17.681153846153848,17.051538461538463,24.73476113515748,0.5899980905077894,219.34086703997082,0.7374850308695167,0.22385444832174714,37.06522302256357,0.4833506154337049,8.074551549921752e-05,2.532335204162786,0.6383853501598542,0.45230769230769236,0.0009273588869346637,0.5519545689219777,8.536802063766905e-05,13,13,12,412.5,331.0307692307692,1.2461077287725986,81.46923076923082,66.66666666666666,0.05133497584330022,0.263014574837113
narino,cebada,35,2007,2024,18,1,97.22222222222221,9580.380000000001,273.7251428571429,169.57142857142858,147.31142857142856,2.011256341363665,0.814088720590036,222.8365513418963,0.7376012806965216,0.46888113204860193,-5.992477499518115,0.020492733397498412,0.4119971336458782,-9.22256572216539,0.1540688208546409,-0.005042016806722689,0.9660169707693316,-0.18534178824330344,0.11811483241793615,18,17,17,350.18666666666667,192.76588235294116,1.8166423559616156,157.4207843137255,76.47058823529412,0.04696585724875538,0.4604828939274232
santander,apio,26,2009,2024,16,6,81.25,9533.75,366.6826923076923,42.07538461538461,40.20615384615385,8.846431515349757,1.0969232683999697,402.2227773118543,1.065644096547423,0.29687759430905275,-9.921224165341805,0.012363851707838408,0.5886648615837746,-1.3392035733212195,0.018128807042148608,0.027692307692307693,0.8614563711385228,0.0031057248569224863,0.9823862681032951,16,10,10,507.875,140.775,3.6077073343988633,367.1,90.0,0.08296008345995828,0.41547690060674053
boyaca,tabaco,35,2007,2024,18,1,97.22222222222221,9508.6,271.6742857142857,190.22857142857143,184.54285714285714,1.4279791974655507,0.8628026008199614,234.40128029019098,0.7806688127696125,0.23507470734549898,-29.26609433150959,0.4417428212925445,1.3336581338626566e-05,-18.905460907729502,0.45925015337245984,-0.5033677166843424,2.1656998197239754e-05,-0.5075914198127296,1.8973179596998754e-05,18,17,17,369.22222222222223,168.38823529411764,2.192684195408991,200.8339869281046,82.35294117647058,0.04923311277663465,0.2568290616704286
caqueta,frijol,32,2007,2024,18,4,88.88888888888889,9054.130000000001,282.94156250000003,226.765625,203.546875,1.134991975065304,1.5786004570330774,446.6516798761531,0.5636758859421148,1.0252340342023265,16.4493112722457,0.04181269455305544,0.2616017075872238,-3.0094010316610396,0.017088244048660387,-0.040322580645161296,0.759913005591003,-0.103344791117534,0.40790648981555133,15,17,15,105.68599999999999,439.34352941176473,0.2405543564998045,-333.65752941176476,26.666666666666668,0.10669078270634401,0.09998560464958732
boyaca,patilla,27,2008,2024,17,7,79.41176470588235,8718.09,322.89222222222224,10.4,9.703703703703704,33.07037037037038,0.8658408972371103,279.5732913997733,0.7149436749509003,0.46017178599692377,-26.886861023357614,0.2648247642692392,0.006024901879148764,-0.356028457003557,0.06564910918784543,-0.36025448373143,0.009003406049655981,-0.0761641759923664,0.5858712776894863,14,13,11,335.69,309.11,1.0859888065737116,26.579999999999984,27.27272727272727,0.0637746117181584,0.263014574837113
antioquia,espinaca,29,2007,2021,15,1,96.66666666666667,8709.0,300.3103448275862,20.275862068965516,19.03448275862069,16.052846794306195,0.24095489710078014,72.36124823623084,0.29559425074655976,0.08017883110643317,-7.0425329312807525,0.18375498607491372,0.020330958083737978,-0.4949055705443583,0.1322779699658467,-0.16166771678224037,0.22763482074074037,-0.046069719270300215,0.7334857009063651,15,14,14,299.73333333333335,300.92857142857144,0.9960281667853469,-1.1952380952380963,28.57142857142857,0.036415766169122156,0.7827435010492556
sucre,ahuyama,24,2007,2024,18,12,66.66666666666666,8604.2,358.5083333333334,68.35416666666667,50.6625,6.900613243471824,0.943365674470203,338.2044556781884,0.5396303303406323,0.5890934105322518,34.6015170670038,0.3149838822359636,0.0043254675900201815,1.006953223767383,0.022426040631572965,0.41016401488195464,0.005051045850566088,0.16393687387049033,0.26379798735450566,18,6,6,325.84444444444443,456.5,0.7137884872824631,-130.65555555555557,66.66666666666666,0.07720241719214979,0.0821380302774234
narino,patilla,32,2007,2024,18,4,88.88888888888889,8453.5,264.171875,17.078125,16.40625,14.99960431929182,1.0971515985039324,289.836594936031,0.5438311846896845,0.5916307294437853,-9.930409663865547,0.03604982384004001,0.29795516948135936,-0.8920693277310925,0.28331128758025087,0.1071794617523674,0.389893100232802,-0.34624954513573897,0.006504954780440715,16,16,16,311.15625,217.1875,1.4326618705035972,93.96875,75.0,0.06769139700497241,0.263014574837113
cauca,pimenton,34,2007,2024,18,2,94.44444444444444,8370.1,246.1794117647059,13.435294117647059,11.571568627450981,17.834021204979127,0.9699669922075708,238.78590357284082,0.5711701653092952,0.562369733245318,-5.31072237666487,0.013281344630150018,0.5163259861500837,0.18704950002074616,0.01595291081271355,-0.051785796852420504,0.6671931926203365,0.0360053651991518,0.7665660012227253,17,17,16,229.80588235294115,262.55294117647054,0.8752744544517633,-32.747058823529386,31.25,0.05626953882100575,0.20914195862847876
amazonas,maiz,33,2007,2024,18,3,91.66666666666666,8354.259999999998,253.15939393939388,156.93636363636364,146.1060606060606,1.5118265723059434,1.1172633144781718,282.8457035640124,0.7930045795491311,0.351490856204657,-37.08936135554507,0.48481137829709847,6.79810724391908e-06,-15.189633572915957,0.42001935044348365,-0.42045454545454547,0.0004389055813102024,-0.3069658431307141,0.012528449907661077,16,17,15,232.34937499999998,272.74529411764706,0.8518914166848189,-40.39591911764708,53.333333333333336,0.06698335541241508,0.09355481422716007
cordoba,pepino cohombro,35,2007,2024,18,1,97.22222222222221,8277.099999999999,236.4885714285714,35.99628571428571,33.633428571428574,7.433211428021376,0.5642417936856827,133.43673572902182,0.6411506913453443,0.21869558119134083,6.913934730068355,0.07607809957965928,0.10875526957870564,1.9232145663745681,0.19677947258844727,0.12111021945286266,0.30649406148847547,0.2637408809273555,0.02662385102445576,18,17,17,312.7033333333333,155.79058823529408,2.007202982384599,156.91274509803924,76.47058823529412,0.03740778715038012,0.15017408413556602
vichada,patilla,28,2007,2024,18,8,77.77777777777779,8120.0,290.0,61.107142857142854,48.80357142857143,6.236451598978929,1.0885836269056173,315.68925180262903,1.0680310873870444,0.44623342915828673,-22.46384942539136,0.1665371271803528,0.031098642923317973,-5.0232357051649394,0.19483979826555461,-0.17748359938921732,0.18552124106170353,-0.19920476822239894,0.13817878892902072,11,17,11,206.27272727272728,344.1764705882353,0.5993225711222635,-137.90374331550802,27.27272727272727,0.07652472760804678,0.263014574837113
casanare,ahuyama,24,2010,2024,15,6,80.0,8112.0,338.0,25.109166666666667,23.359166666666667,14.765485684414282,0.7462009424274517,252.2159185404787,0.6439308234691166,0.34269749812097816,16.864509605662285,0.09612600803803754,0.14036836842222383,0.7492821031344795,0.04617279359414769,0.20289855072463767,0.17433102126494238,0.07299464530922296,0.6194008806434698,14,10,10,364.7857142857143,300.5,1.2139291656762539,64.28571428571428,70.0,0.06390063275873471,0.0821380302774234
sucre,batata,27,2007,2024,18,9,75.0,7965.1,295.0037037037037,21.962962962962962,20.64074074074074,13.082538943094896,0.9078884103732924,267.8304436097893,0.6665703506418624,0.3184463234991009,16.620199724668385,0.12551625553082174,0.06981303056060306,1.0713895505102367,0.17456949238323663,0.1945654543248507,0.1560404930402832,0.24173888049848974,0.07946304321872263,18,9,9,295.9777777777778,293.05555555555554,1.009971563981043,2.922222222222274,66.66666666666666,0.06643456173929181,0.40401323907620723
tolima,pepino cohombro,30,2007,2024,18,6,83.33333333333334,7962.5,265.4166666666667,21.463333333333335,20.780000000000005,13.64133685050771,0.3952410990751208,104.90357504618831,0.4187025343889996,0.355381861430874,-6.038734948498479,0.07876288922452943,0.13303788454072954,-0.7992456114899178,0.1880032171905284,-0.1497306466866339,0.2518846204641618,-0.21891734986033307,0.09806115738815584,16,14,14,304.03125,221.28571428571428,1.3739307617817949,82.74553571428572,57.14285714285714,0.03836694473949464,0.15017408413556602
bolivar,berenjena,35,2007,2024,18,1,97.22222222222221,7922.8,226.3657142857143,45.17142857142857,25.942857142857143,8.530487468791023,1.2683101591338954,287.1019351081722,0.8131229456807902,0.2697550766222445,30.199759797162063,0.31354123252441346,0.00046923308387907453,2.7608202482096,0.16010175835520654,0.2594785035406248,0.0286927408966105,0.2953469812003209,0.014207356070918989,18,17,17,211.58888888888887,242.01176470588234,0.8742917483620415,-30.422875816993468,64.70588235294117,0.07321858157707463,0.2698952625015421
atlantico,cebolla de rama,35,2007,2024,18,1,97.22222222222221,7855.2,224.43428571428572,20.11,19.152857142857144,11.762761762577933,0.6014824378062411,134.993281298731,0.4292061932888156,0.3947534180030294,12.384974719392677,0.23852058415330527,0.002914666369456294,0.16283824859510998,0.01008594666720627,0.3310924369747899,0.005147074191523642,0.09907367412097018,0.40903096598044186,18,17,17,257.4861111111111,189.43823529411765,1.3592087717209982,68.04787581699344,70.58823529411765,0.03861270055643879,0.28987950216277486
santander,zanahoria,31,2007,2024,18,5,86.11111111111111,7803.7,251.73225806451612,14.64516129032258,12.629032258064516,21.71821963742335,0.4790704597543143,120.59748860595943,0.7389078327278369,0.22729422648926947,9.282521435974747,0.16902487295714685,0.021582063514693467,0.7259210402336759,0.12838229478101035,0.20950519437205656,0.09902358969907608,0.30322278382270595,0.019164884052505275,14,17,13,265.35714285714283,240.51176470588237,1.1033021323578223,24.845378151260462,61.53846153846154,0.03942274210434579,0.25856503560019845
caldas,esparrago,27,2007,2024,18,9,75.0,7785.5,288.35185185185185,56.48148148148148,53.74074074074074,4.565184059024689,0.9960499944968189,287.21286045018456,0.5293141961869091,0.409305179537879,-34.029840616516324,0.4567021140697514,0.00010947010502158311,-2.427686312286538,0.2145195380244015,-0.02938254918599695,0.8338033812022096,-0.03515269661186142,0.8014589168406728,16,11,11,232.3125,369.8636363636364,0.6281031092540248,-137.55113636363637,27.27272727272727,0.0724211322084567,1.0
cundinamarca,haba,35,2007,2024,18,1,97.22222222222221,7342.91,209.79742857142855,53.779999999999994,48.559999999999995,4.388898438967745,0.7095215150722984,148.8557893782723,0.5170082834533855,0.4410281894682982,-9.990565662856046,0.12764641445589464,0.03511620236298773,1.511949349821331,0.0837910841977301,-0.33165030162814535,0.005138088027843865,0.16357597249778993,0.16817399269020417,18,17,17,267.09,149.1347058823529,1.790931214969491,117.95529411764707,76.47058823529412,0.042543923699523804,0.5676735391369351
narino,quinua,30,2007,2024,18,6,83.33333333333334,7322.179999999999,244.07266666666663,114.44500000000001,107.03500000000001,2.2857617634228475,1.2094061925472679,295.18299449819176,1.1221839133279983,0.21099924279256044,-5.049803090386985,0.007380126309796133,0.6517171993430732,-3.7722480514152887,0.021755864076560612,-0.06666666666666667,0.6203016304141579,-0.18620689655172415,0.15468841862660812,18,12,12,290.67499999999995,174.16916666666668,1.668923412582594,116.50583333333327,75.0,0.08046359646508747,0.3476355085293409
cauca,arveja,35,2007,2024,18,1,97.22222222222221,7112.240000000002,203.2068571428572,169.66,150.39000000000001,1.375430955972035,0.4325828173328788,87.90379476421698,0.6136931011484732,0.263854549375319,-0.675003039603813,0.0016709218292617256,0.8156482568146609,-0.42052103257565676,0.000462246849523138,-0.008403361344537815,0.9433920568226559,0.173109243697479,0.14353648315260364,18,17,17,223.16722222222222,182.0723529411765,1.2257062569753385,41.09486928104573,88.23529411764706,0.033765182359964174,0.3037951755849065
sucre,ajonjoli,24,2007,2024,18,12,66.66666666666666,6903.700000000001,287.6541666666667,380.55,347.4791666666667,0.839787120093268,0.6866169369234288,197.50822280992818,0.6670903172191038,0.3007963966871804,7.496658618595488,0.044049458952050626,0.32495422722226297,1.10456666321044,0.0005788507614090877,0.10869565217391304,0.4760860141131976,0.03623188405797101,0.8252716626005498,7,17,7,83.05714285714285,371.90000000000003,0.2233319248645949,-288.84285714285716,0.0,0.06049164030488293,0.2887752369291305
guainia,maiz,35,2007,2024,18,1,97.22222222222221,6680.84,190.88114285714286,115.85142857142857,114.7657142857143,1.6667689305516178,0.8719071212143563,166.43062776267772,0.8053313510651854,0.30085923639146345,-23.68366739320612,0.5738406732405813,1.3776539485797089e-07,-12.909369393413701,0.542522781780562,-0.6279470178035442,1.1694803132837869e-07,-0.5704692131936859,1.566920637069295e-06,18,17,17,239.49666666666664,139.40588235294118,1.7179810681182046,100.09078431372546,82.35294117647058,0.04967146853291951,0.09355481422716007
vichada,tomate,16,2007,2022,16,16,50.0,6611.5,413.21875,107.59375,104.53125,3.9027777777777777,1.136043085758975,469.43430384346647,1.0871181695791623,0.9381932726089096,63.26521739130435,0.2523858258951455,0.04734976475701843,14.674512743628187,0.2187179257028516,0.5066664725973855,0.007302126657258203,0.4721615273786164,0.014601652627401856,8,8,5,518.8125,307.625,1.6865095489638358,211.1875,40.0,0.13812073590043594,0.11898486147825811
cauca,aji,22,2007,2024,18,14,61.111111111111114,6476.150000000001,294.37045454545455,21.310606060606062,18.924242424242426,11.25473718574287,1.3300052699235163,391.5142558552355,0.923458555961698,0.7275845117117419,40.35918151239564,0.18462938674421808,0.04595527556710399,3.1784394335783377,0.45322384094559,0.4357391546800018,0.00475525174434996,0.563340262428451,0.00026812006457131347,12,10,10,293.27500000000003,295.68500000000006,0.9918494343642728,-2.410000000000025,30.0,0.12220494706303887,0.20793444438942935
norte de santander,ajo,35,2007,2024,18,1,97.22222222222221,6408.900000000001,183.11142857142858,19.185714285714287,17.765714285714285,10.019687744548452,0.5561982245073522,101.84625145843343,0.49009486573452093,0.16892368902127314,10.500292098512821,0.3012122194802637,0.0006403072560249641,1.103183428969649,0.39006692938604526,0.3686873911500702,0.0018661850638278198,0.42483475017941347,0.0003772598328699481,18,17,17,173.99333333333334,192.76588235294116,0.9026147739918179,-18.772549019607823,47.05882352941176,0.0371576488229669,0.30550591179593234
valle del cauca,arveja,35,2007,2024,18,1,97.22222222222221,6399.84,182.85257142857142,108.794,101.27114285714285,1.7756896517472553,0.3554751678519564,64.99954852073327,0.20821051465016205,0.19758970556672248,-5.0673743753984875,0.17222858162935045,0.013176135674063477,-1.7290642468454844,0.1651075678679263,-0.3599664855960084,0.002370396789909037,-0.24936895145462645,0.03551404372033694,18,17,17,200.3438888888889,164.33235294117645,1.2191384429370578,36.011535947712446,76.47058823529412,0.03207863528866842,0.3037951755849065
boyaca,cilantro,35,2007,2024,18,1,97.22222222222221,6306.38,180.1822857142857,23.22714285714286,21.865714285714283,7.751519738542436,0.9832627790319551,177.1665349837583,0.8818854089151036,0.34500338755181503,21.7547668401465,0.427272957391593,2.0645722463516888e-05,2.5000348442388396,0.42212021468540617,0.4987379029092529,2.6120206382084847e-05,0.5549388379632793,3.513721165469574e-06,18,17,17,239.84666666666666,117.00823529411765,2.0498272285175165,122.83843137254901,100.0,0.05540521922400644,0.18391479166505917
boyaca,acelga,23,2007,2024,18,13,63.888888888888886,6261.539999999999,272.24086956521734,17.526086956521738,17.113043478260867,4.498290173594521,4.133339350806054,1125.2638990715711,3.5427796235526063,1.1173856714532073,-60.48128913443829,0.07130343555694242,0.21805445387367475,-3.1153775322283614,0.062135574076766065,0.2691110309052909,0.07585023368327559,0.4560038470305007,0.003268646280578206,11,12,10,68.47272727272727,459.02833333333336,0.14916884710688286,-390.5556060606061,40.0,0.7539865258152739,0.4325045587847745
boyaca,brocoli,35,2007,2024,18,1,97.22222222222221,6191.12,176.88914285714284,13.089142857142857,11.627443609022556,15.813525446310571,0.7466641644306752,132.0767840482869,0.7784889465305597,0.17985285714243737,0.9742895482110823,0.001541995261529371,0.8227858675049706,0.1986204646887,0.01076664996713181,0.1345669105031807,0.2558606748117961,0.23061484189788897,0.05744160067562423,18,17,17,173.57944444444445,180.39352941176472,0.9622265555225847,-6.8140849673202695,64.70588235294117,0.04404510263765598,0.28815083691932863
quindio,frijol,35,2007,2024,18,1,97.22222222222221,6162.169999999999,176.06199999999998,182.97400000000002,177.04028571428574,1.3126443150729747,0.5124909591533718,90.23018325046095,0.7717738153044836,0.36265577675667215,-13.916164613080682,0.6740550382279717,1.5350024884732145e-09,-22.540765980161034,0.7220020313186284,-0.614478985250117,2.165156385011903e-07,-0.8006731174939252,1.3745613654463779e-11,18,17,17,172.55833333333334,179.77176470588236,0.9598745031826847,-7.2134313725490244,47.05882352941176,0.03586122239124414,0.09998560464958732
cundinamarca,guatila,30,2009,2024,16,2,93.75,6103.0,203.43333333333334,12.766666666666667,10.433333333333334,19.113369963369966,0.8066069520554933,164.09074094648918,0.576950367455881,0.5243361325560822,19.362953692115138,0.30691197215610844,0.0014918104358603449,0.5308197747183979,0.11447245793221696,0.3606996675913095,0.0053458721031682845,0.08998021774304343,0.4956171595366936,16,14,14,171.25,240.21428571428572,0.7129051442164733,-68.96428571428572,0.0,0.054297587197803705,0.9159242326658699
risaralda,habichuela,34,2007,2024,18,2,94.44444444444444,6016.700000000001,176.9617647058824,20.21588235294118,19.41,8.858082345462963,0.6895162281040041,122.0180085186283,0.6345666386836734,0.3611397818923036,-3.6797737888084994,0.026552513722057105,0.35716242155914024,-0.2762029489880026,0.013534057305614033,-0.0856378574461101,0.47668061915006565,0.016187704927290002,0.893714077966562,18,16,16,200.75833333333333,150.190625,1.3366901784537704,50.567708333333314,81.25,0.04298380341783694,0.26234410769035965
cundinamarca,gladiolo,21,2007,2018,12,3,87.5,5855.0,278.8095238095238,45.95238095238095,45.142857142857146,6.225383292079878,0.5022151332796206,140.02236215962756,0.53639181602644,0.14494798080328916,4.558455016486106,0.01339310456800911,0.6173955386765806,2.184173339613755,0.09922808104194245,-0.20493901531919198,0.20235336972215667,-0.03035883703594582,0.8536961012358891,11,10,10,299.3636363636364,256.2,1.1684763324107588,43.163636363636385,50.0,0.05905759819025249,1.0
antioquia,patilla,29,2007,2024,18,7,80.55555555555556,5838.0,201.31034482758622,11.96551724137931,11.206896551724139,20.654111405835543,0.5584846646961052,112.42874043089182,0.9283491968733218,0.3806241959131711,-10.232185588939117,0.23018694101373635,0.00844456939582049,-1.2045776832402735,0.3268003360947639,-0.30215083983309987,0.022893779292204038,-0.3247136638529603,0.017622050693656712,16,13,13,203.8125,198.23076923076923,1.0281577415599534,5.581730769230774,69.23076923076923,0.04486723350727728,0.263014574837113
cauca,quinua,35,2007,2024,18,1,97.22222222222221,5805.68,165.87657142857142,144.02857142857144,125.09428571428572,1.2270215599328285,1.1966340612800739,198.4935553397857,0.9590934835016969,0.475098566611832,10.922986670225232,0.08581237247461003,0.08767447760891055,12.077502483578732,0.21661823236232128,0.35046447231461014,0.0031288002789988507,0.3726834012578513,0.0016895102082915385,18,17,17,165.05611111111114,166.74529411764703,0.9898696810877068,-1.6891830065358988,35.294117647058826,0.0683148772285158,0.3476355085293409
cauca,cilantro,35,2007,2024,18,1,97.22222222222221,5754.72,164.42057142857144,27.90857142857143,25.596857142857147,6.114886928402356,0.5980262276977302,98.32781408733378,0.4624027672766898,0.33243765131434655,14.851625224263456,0.646480034693153,5.975757683118445e-09,1.4790252509526571,0.37221600062892474,0.6212130015268307,1.5937525688235582e-07,0.3508600569648358,0.0032539998687621933,18,17,17,164.4477777777778,164.39176470588234,1.0003407291843096,0.056013071895449684,58.82352941176471,0.03849763473182762,0.18391479166505917
vichada,algodon,18,2007,2024,18,18,50.0,5634.0,313.0,220.88888888888889,157.77777777777777,1.7534771624430905,0.6410434563067937,200.64660182402645,0.45586606960471776,0.5481173849469283,-3.5103547262661454,0.010976205741359712,0.6790779355511503,9.017565443236958,0.287587611849696,0.013201967239688991,0.9394545394947592,0.419674386861138,0.015269899244800874,3,15,3,505.6666666666667,274.46666666666664,1.8423609424338112,231.20000000000005,100.0,0.07711704974954914,0.34808008457503015
huila,papa,35,2007,2024,18,1,97.22222222222221,5576.450000000001,159.3271428571429,24.822857142857142,23.265714285714285,6.805346466714208,0.32481401166873874,51.75168843914681,0.20520028197247372,0.24865640442966172,-6.419689960411015,0.4360527047969621,1.585672431444925e-05,-0.23637145441335655,0.06102257586205723,-0.46374631378239417,9.346073210287305e-05,-0.1293536109255476,0.28471277058016276,18,17,17,168.09722222222223,150.04117647058823,1.1203406036687098,18.056045751634002,52.94117647058824,0.03149970680326166,0.2770636521713945
antioquia,aji,34,2007,2024,18,2,94.44444444444444,5484.390000000001,161.30558823529415,30.799411764705876,27.299411764705876,6.9733568300794815,1.1871461048500758,191.49330076407966,0.8363515250853485,0.7245468824003848,-2.15585593958757,0.003403176878461809,0.7431274148605995,-1.5042685365752466,0.09156730075111376,-0.13368983957219252,0.2662098531224102,-0.21963272771482592,0.06997024408923216,17,17,16,242.3376470588235,80.27352941176471,3.0188986186934375,162.0641176470588,75.0,0.06964310021678491,0.20793444438942935
magdalena,batata,22,2012,2024,13,4,84.61538461538461,5467.5,248.52272727272728,89.29545454545455,74.43181818181819,3.997837244869684,0.7539825617887634,187.3818025718211,0.6694260046813808,0.7038176406366788,35.6008874748828,0.46659990644970256,0.00045886840313384594,13.097203616878776,0.6205419119589937,0.48802785324160197,0.0015672099810427958,0.4814292529328014,0.0018785912691795584,12,10,10,209.625,295.2,0.7101117886178862,-85.57499999999999,70.0,0.07012042101882741,0.40401323907620723
santander,sorgo,32,2007,2024,18,4,88.88888888888889,5420.92,169.40375,95.359375,91.1875,1.9486830926048047,1.1523415965619255,195.21098773857727,1.1261926278517544,0.3534580451031931,-21.998129892356015,0.32911614529959243,0.0005975771916679119,-12.866607026517178,0.3720164148476814,-0.40725806451612906,0.0008460068966099625,-0.5141742544244406,3.769904965079803e-05,15,17,14,97.99000000000001,232.4158823529412,0.42161490431705845,-134.4258823529412,14.285714285714285,0.07144982989274756,0.20991452471081812
caldas,cilantro,29,2010,2024,15,1,96.66666666666667,5389.700000000001,185.85172413793106,25.891034482758617,24.19328695301472,7.252947886087546,0.7762114239082397,144.26023142890483,0.7031038547166788,0.5370427868744594,20.83015633174334,0.4171788916971848,0.00015410917825577246,1.9919350669333746,0.23957588806366367,0.5270935960591132,2.8177717927662304e-05,0.3950629326734791,0.0026790704508359475,15,14,14,205.11666666666667,165.21071428571432,1.24154578928785,39.90595238095236,71.42857142857143,0.05454235064085421,0.18391479166505917
vaupes,maiz,32,2007,2024,18,4,88.88888888888889,5335.09,166.7215625,124.6125,101.659375,1.6173952744293545,0.8288087114509951,138.18028338672156,0.5381395805803492,0.4485887165165078,6.582597047566978,0.0669459639382552,0.15274590740935923,2.008583925642428,0.02646603556132858,0.16784708161219802,0.17810426279218217,0.14575018235653436,0.24272642418881174,18,14,14,191.65055555555557,134.67000000000002,1.423112464212932,56.980555555555554,64.28571428571429,0.05204554715379768,0.09355481422716007
atlantico,berenjena,33,2008,2024,17,1,97.05882352941177,5090.4,154.25454545454545,15.472727272727273,13.636363636363637,12.458320428211465,0.8074792615777123,124.55734645864202,0.755368291125946,0.4830698787250081,10.249329009170209,0.17200622947934247,0.016403284073292446,0.3172109147841645,0.0187127237168462,0.3019955276180406,0.013720483874933333,0.13820825245637952,0.2635985272557171,17,16,16,209.95294117647057,95.075,2.2082875748248285,114.87794117647057,93.75,0.04946256037841947,0.2698952625015421
cauca,pepino cohombro,33,2007,2024,18,3,91.66666666666666,4806.9,145.66363636363636,12.818181818181818,11.86969696969697,11.719208127935001,0.9320247404595547,135.76211287621314,0.9361101857232932,0.3971840761282311,-10.524002768116977,0.16034335897863813,0.020934521834676416,-0.7525818014053521,0.10496557143502232,-0.3339664456479991,0.006378307983264402,-0.300171218267221,0.015916898811716765,16,17,15,169.0625,123.64117647058823,1.3673640515723868,45.421323529411765,53.333333333333336,0.055828690301669814,0.15017408413556602
arauca,patilla,15,2011,2024,14,13,53.57142857142857,4650.0,310.0,31.733333333333334,28.4,9.322082362082362,0.8770499357857289,271.88548009357595,0.8062562544317933,0.41430414150451994,-53.76330619912337,0.5947240800765716,0.0007616754675559227,-4.739824671258611,0.5219904900334564,-0.6315861769395361,0.001074867894760865,-0.6124472018807623,0.0015188171069272151,8,7,2,174.0,465.42857142857144,0.3738489871086556,-291.42857142857144,50.0,0.11452903225806453,0.263014574837113
cundinamarca,perejil,33,2007,2024,18,3,91.66666666666666,4630.5599999999995,140.32,11.747878787878788,11.211212121212121,13.215713745625253,0.5671122045632498,79.57718454431522,0.568978720644271,0.25423707077847635,8.60705345595631,0.30837188165361656,0.0007950637764790158,0.8908535709153608,0.46821421772176663,0.45161371627399877,0.00022553051246069271,0.4696619021307472,0.00015731293728830608,17,16,15,138.75058823529412,141.9875,0.9772028399351641,-3.2369117647058943,53.333333333333336,0.039753645621732656,0.4319454859922943
sucre,frijol,35,2007,2024,18,1,97.22222222222221,4582.320000000001,130.9234285714286,146.87714285714287,130.8257142857143,0.9142085871829944,0.7683116321918334,100.58999309786522,0.5438015840867197,0.41805771327986463,14.55303604525303,0.5931404968231512,6.316796986613357e-08,8.321250537490922,0.3075726758994222,0.5370377980679105,5.865769818469077e-06,0.3572041737052757,0.002598621138131361,18,17,17,96.52722222222222,167.34294117647062,0.5768227900358818,-70.8157189542484,5.88235294117647,0.044955342025700805,0.09998560464958732
tolima,ajonjoli,35,2007,2024,18,1,97.22222222222221,4363.0,124.65714285714286,172.17142857142858,167.34285714285716,0.7229393682887051,0.8280635834893851,103.22404042183392,0.5579119922885862,0.2549078053153257,9.632415521254988,0.24675651744244273,0.0024019115043170916,8.458446391767867,0.21972909467503562,0.31303593472349706,0.008549442747523572,0.3438578075723387,0.004052993566014095,18,17,17,99.88888888888889,150.88235294117646,0.6620316222655404,-50.99346405228758,17.647058823529413,0.0476028050140764,0.2887752369291305
narino,cilantro,35,2007,2024,18,1,97.22222222222221,4353.639999999999,124.38971428571426,66.47,63.841428571428565,2.0764889720248596,1.0655197115821131,132.5396924894957,0.9240278877448572,0.7099167700153901,6.032557418857406,0.05870443797905289,0.16081208143294223,-0.3705818246519284,0.0010315888491153405,0.3599664855960084,0.002370396789909037,0.0556495576538873,0.639164024072902,18,17,17,156.5816666666667,90.30411764705883,1.733937175253121,66.27754901960787,76.47058823529412,0.060082691180555925,0.18391479166505917
cauca,trigo,33,2007,2024,18,3,91.66666666666666,4260.66,129.11090909090908,87.03030303030303,75.06060606060606,1.6900451670281553,0.9775446220938282,126.21167483546331,0.862688655719182,0.23554723380483392,-12.513825522437575,0.29468136361138964,0.0010982014965020992,-8.90100933516562,0.42130914603668673,-0.3848342961004391,0.0016566527789141918,-0.4387482193696061,0.00034293871412939146,18,15,15,187.22555555555556,59.37333333333333,3.153361030017217,127.85222222222222,100.0,0.058382912416810005,0.510900993894951
caldas,habichuela,35,2007,2024,18,1,97.22222222222221,4240.89,121.16828571428573,13.431482993197278,13.080054421768706,8.283275816311784,0.757487328760924,91.78344107625472,0.4652552512622441,0.4101426951867143,4.637906380202542,0.07235610946027163,0.11816222179878522,0.256652686607315,0.04779924671573505,0.33698506953327895,0.004495172105463316,0.30196394870113813,0.011368102943659256,18,17,17,134.55555555555557,106.9935294117647,1.257604607449843,27.562026143790874,64.70588235294117,0.04449694678361978,0.26234410769035965
caqueta,tomate,25,2010,2024,15,5,83.33333333333334,4213.65,168.546,10.81010909090909,9.060509090909092,19.343267031689237,1.697134730463922,286.0452702807722,0.6887123964954033,1.5084346523036924,-2.0527428571428556,0.001126542598562807,0.8734539996056533,-0.6534005194805194,0.16848880840707475,-0.04682300434634558,0.7435559111235637,-0.2259853912138864,0.11693277056532583,13,12,10,258.8269230769231,70.74166666666666,3.6587620178149103,188.08525641025642,40.0,0.150602225664519,0.11898486147825811
cauca,acelga,31,2007,2024,18,5,86.11111111111111,4211.530000000001,135.85580645161292,14.05483870967742,12.80967741935484,8.941423212741174,1.0347122776072435,140.57167091971726,0.5371975317335093,0.9111694543478259,-4.1354009688913775,0.023243255774598643,0.41291955160533145,0.7595968290827558,0.2718340541277968,-0.00863003440504918,0.9457735771279169,0.19012780596271422,0.14191167800165636,16,15,14,128.25125,143.96733333333336,0.89083576829929,-15.716083333333358,28.57142857142857,0.06568042135581176,0.4325045587847745
narino,remolacha,18,2007,2024,18,18,50.0,4171.0,231.72222222222223,16.25,14.777777777777779,13.164814814814815,0.8177019925048725,189.47972281876795,0.637978883148061,0.4217360015806123,-24.233039875712066,0.6967146337534345,1.6458540252613907e-05,-1.3369583980666322,0.7084041043323573,-0.629194265327203,0.0003076740455083397,-0.6285435778406999,0.0004547993230695945,9,9,8,205.33333333333334,258.1111111111111,0.795523030563926,-52.77777777777774,75.0,0.09063833742373287,0.5121386892145101
caldas,pepino cohombro,35,2007,2024,18,1,97.22222222222221,4122.85,117.7957142857143,9.278508356985178,8.922865499842322,12.895604776198295,0.8331100999872211,98.13679930663757,0.8714236056012415,0.5118218725825211,-0.6900041516539882,0.0014008755384849452,0.8309669545407308,-0.2968334326241123,0.03819184025646393,0.050547760429991845,0.6699616967861152,-0.09805750701145267,0.4096628126416577,18,17,17,134.0027777777778,100.63529411764705,1.3315684020471257,33.367483660130745,64.70588235294117,0.04783547993128522,0.15017408413556602
caldas,zanahoria,29,2010,2024,15,1,96.66666666666667,3886.1,134.00344827586207,11.343103448275862,10.291160372194854,11.396915571034476,1.6522830254731118,221.41162294107102,1.6661657144114672,0.5172868064512895,-14.453451300200026,0.08526539586655858,0.12428563778362695,-0.9128676206595885,0.046681623288499,-0.32629695838900213,0.013791236989063928,-0.27211023406519014,0.041951787238348706,15,14,14,136.44,131.39285714285714,1.0384126121228594,5.047142857142859,42.857142857142854,0.12537585909092064,0.25856503560019845
putumayo,papa,27,2007,2024,18,9,75.0,3757.7,139.17407407407407,16.874074074074073,15.833333333333334,8.900819890527536,0.5213215516058303,72.55444423960105,0.3918936542756005,0.39087417289872134,-7.613474366304551,0.3703601113115056,0.0007564647995455733,-0.7482370878597288,0.4306144140907695,-0.3480745339088758,0.010963004173648101,-0.4201651970568988,0.002298093127414578,18,9,9,142.59444444444443,132.33333333333334,1.077539882451721,10.261111111111092,44.44444444444444,0.046730013942916974,0.2770636521713945
sucre,habichuela,35,2007,2024,18,1,97.22222222222221,3757.15,107.34714285714286,22.08857142857143,21.36,5.10537573807844,0.6413666409540183,68.84887643029685,0.5594020996378738,0.18714756687827674,8.758217309431672,0.45856155587586256,7.918018966452313e-06,1.7632267247898232,0.5770225699036413,0.39360821322180356,0.0008890490306585474,0.4543723675203115,0.0001528621823719179,18,17,17,110.68055555555556,103.81764705882354,1.0661054135896901,6.862908496732018,64.70588235294117,0.03998852221744798,0.26234410769035965
santander,repollo,30,2007,2024,18,6,83.33333333333334,3744.0,124.8,4.666666666666667,4.6,30.716666666666665,0.4060172001818411,50.67094658269377,0.5608629121209763,0.43688667298716416,-2.1113533015145256,0.053102270352815964,0.2205349476712782,0.08887970235634562,0.03526853960952305,-0.30109076732776946,0.022527429314626903,0.32108815571506627,0.02022158723277233,16,14,14,126.4375,122.92857142857143,1.0285444509006392,3.5089285714285694,42.857142857142854,0.03864516559829059,0.32064196932695327
quindio,pimenton,31,2008,2024,17,3,91.17647058823529,3708.27,119.62161290322581,9.878042906610428,9.689655809836236,12.014325180404489,0.8289105321208688,99.1556148047695,0.6439133848087094,0.2609791945116466,-1.7359179832713763,0.007092234708688427,0.6524044277443617,-0.13557446064400192,0.010512799151255536,-0.09267262901479041,0.46474424807994785,-0.11752746180102307,0.35772298401229574,16,15,14,130.319375,108.21066666666665,1.2043117283570322,22.108708333333354,57.14285714285714,0.053707367437905384,0.20914195862847876
cundinamarca,rabano,35,2007,2024,18,1,97.22222222222221,3591.2,102.60571428571428,4.885714285714286,4.820571428571428,20.719117942535664,0.5671915964537393,58.19709889099053,0.3722188916762284,0.34767841721051795,0.7182005545423545,0.004315674922256711,0.7077047258272329,-0.04993846655694445,0.02136866412956283,0.011804451623551851,0.92078086869204,-0.019352375736912585,0.8746535266029574,18,17,17,104.31111111111112,100.80000000000001,1.034832451499118,3.5111111111111057,35.294117647058826,0.03750041995182303,1.0
cordoba,ajonjoli,25,2007,2024,18,11,69.44444444444444,3451.3199999999997,138.0528,208.15599999999998,178.356,0.7786295206678342,0.663273023604331,91.566698073044,0.5937774634529427,0.25832657071650733,-7.937528901734105,0.19933254515830237,0.025270485039804,-5.624478512188993,0.05493155791404547,-0.314383029182606,0.028051494146992463,-0.13021720984236465,0.3622467546490362,8,17,7,63.1625,173.29529411764705,0.3644790259400819,-110.13279411764705,42.857142857142854,0.05689335438750331,0.2887752369291305
choco,cilantro,30,2009,2024,16,2,93.75,3337.1699999999996,111.23899999999999,21.4,18.529999999999998,6.274111952394211,0.5659962733694273,62.96085945334171,0.47426314617390464,0.23998738939322678,7.091654894046412,0.28902691552205795,0.0021850492409931904,0.7325933400605444,0.11869817105962227,0.3808234829930253,0.0036661153930213296,0.22829849968355484,0.08237965441936022,16,14,14,118.125,103.36928571428571,1.1427475693940587,14.75571428571429,50.0,0.04365577962508256,0.18391479166505917
quindio,habichuela,35,2007,2024,18,1,97.22222222222221,3307.2099999999996,94.49171428571428,16.665052154195013,16.08505215419501,6.230900153211811,0.625017809920583,59.0590043184986,0.4783011120474619,0.4735067586571271,-2.799865367792062,0.06368864055603048,0.14357978012918618,-0.9234558518433795,0.3803435565508883,-0.2272730493390844,0.05516427484444572,-0.4070998218389325,0.0006151427535391699,18,17,17,113.00555555555555,74.88882352941175,1.5089775780917947,38.116732026143794,82.35294117647058,0.03941388321013009,0.26234410769035965
choco,tomate,34,2007,2024,18,2,94.44444444444444,3191.7,93.87352941176471,7.591176470588236,6.385294117647059,14.610479310949415,0.7342556075859336,68.9271653744713,0.5423317503003946,0.41387376175190044,-5.089835215700802,0.1574922465719536,0.02013521517701733,0.057762451397889346,0.005685590370339909,-0.3403117691781552,0.0052083021120277444,-0.007420167018894545,0.9523527260786833,18,16,16,95.59444444444443,91.9375,1.039776418158471,3.6569444444444343,50.0,0.044802191012072515,0.11898486147825811
caldas,pimenton,35,2007,2024,18,1,97.22222222222221,3186.0899999999997,91.03114285714285,9.380448979591838,8.393496598639457,11.293636889001391,1.083794690644174,98.65906931184276,1.2105672457219745,0.5312799957612482,3.6554411873730404,0.03890142376803296,0.25609166882700934,0.05605763032345476,0.000690564588501287,0.06228965055960091,0.5991946557019678,-0.08614975482898572,0.46859901371097523,18,17,17,96.33777777777779,85.41235294117647,1.127913872647036,10.925424836601323,41.17647058823529,0.061172874832595134,0.20914195862847876
atlantico,habichuela,32,2007,2024,18,4,88.88888888888889,3122.1,97.565625,39.23125,29.23125,3.451473040966671,1.0782413109659532,105.19928740521257,0.605928587981296,0.8517997469130382,-0.6909344541468891,0.0012001341056632933,0.8506967099218875,-1.4608282908801045,0.10506857396664084,-0.010090822493676726,0.93536804902707,-0.2710316467704955,0.032702906662789535,16,16,15,107.50625,87.625,1.2268901569186874,19.881249999999994,60.0,0.06644602936023525,0.26234410769035965
quindio,lechuga,29,2008,2024,17,5,85.29411764705883,3111.4,107.2896551724138,10.275862068965518,10.248275862068965,8.750458155470113,0.8540841256805158,91.63439133249507,0.7698631443974278,0.36798422115144824,16.786818380743977,0.7082901841088665,1.066582060916187e-08,1.4432676878191095,0.7024600417196236,0.7369555266607761,3.182063409069893e-08,0.7281338445056985,6.6972191587826e-08,15,14,13,109.09333333333333,105.35714285714286,1.0354621468926553,3.7361904761904725,23.076923076923077,0.05876916935161074,0.32357480833283003
cundinamarca,tomillo,19,2007,2018,12,5,79.16666666666666,3076.0,161.89473684210526,26.42105263157895,26.0,5.878662166368854,0.5852417323588227,94.7475562492494,0.5928696490152625,0.2474752514273,15.61729032258064,0.3078370820266555,0.013677422375816699,2.9864516129032244,0.41184888805856507,0.4510882275373163,0.007626505012867564,0.5893796917545018,0.0005055660168364076,11,8,7,152.9090909090909,174.25,0.8775270640406939,-21.340909090909093,14.285714285714285,0.06970953444681,1.0
choco,aji,23,2012,2024,13,3,88.46153846153845,2953.5,128.41304347826087,14.217391304347826,13.58695652173913,8.218599033816425,1.2144137913663415,155.94657099132564,0.5246190111777386,0.537102551475067,12.803734656568292,0.10202028118629713,0.13737698219613673,0.1269913815617654,0.004387180055730615,-0.1038632736453918,0.5038834908701424,-0.160140151793588,0.3139885270245839,12,11,10,114.75,143.3181818181818,0.8006660323501428,-28.568181818181813,10.0,0.10481213392540076,0.20793444438942935
quindio,crisantemo,17,2007,2016,10,3,85.0,2914.0,171.41176470588235,6.978213507625273,6.860566448801743,23.645448563931534,0.5027072275127157,86.16993299835609,0.37068154620147403,0.24308736592176305,-23.60266821345707,0.7132968546399522,1.9998074156444878e-05,-0.6048881441379508,0.5198994083685867,-0.7076387943506436,0.00010910085882906453,-0.6726625397597095,0.00027626762207999826,9,8,8,168.11111111111111,175.125,0.9599492426044889,-7.013888888888886,37.5,0.07281464673182125,1.0
antioquia,acelga,17,2016,2024,9,1,94.44444444444444,2775.76,163.28,6.413529411764706,6.148235294117647,26.15538781884435,0.6353799157422955,103.744832642402,0.5436344249685904,0.0513390547256288,-29.75008483033933,0.6058600008729007,0.00023305058961029415,-0.9975723552894211,0.6031280716902162,-0.5414911538365681,0.0028563562696771747,-0.525022331292413,0.0041367370986766525,9,8,8,151.61111111111111,176.4075,0.8594368783136268,-24.796388888888885,0.0,0.08117412525003107,0.4325045587847745
norte de santander,perejil,17,2016,2024,9,1,94.44444444444444,2740.0,161.1764705882353,9.529411764705882,9.529411764705882,15.0,0.9812149170884884,158.1487572248505,0.5603615849868495,0.408248290463863,-19.634481037924157,0.11356280209315314,0.1859342235774569,-0.4553393213572855,0.05357105863054707,0.3537281142958558,0.05789080485689584,0.37890538677040353,0.04289224079243128,9,8,8,173.88888888888889,146.875,1.1839243498817966,27.013888888888886,25.0,0.11212637860301562,0.4319454859922943
risaralda,soya,20,2013,2024,12,4,83.33333333333334,2679.83,133.9915,74.542,60.437,2.1457660124820093,0.8832325457808119,118.34565365798966,1.2346944052372892,0.1844731419444287,23.18431986809563,0.45940166677552585,0.0010238543380622928,16.38307227260236,0.3792958787631046,0.4787504959281433,0.0034318277612947552,0.5990075697767814,0.0002657564867595737,11,9,9,139.9009090909091,126.7688888888889,1.1035902445554304,13.1320202020202,44.44444444444444,0.08705473717150658,0.8801723533870649
cordoba,habichuela,35,2007,2024,18,1,97.22222222222221,2670.95,76.31285714285714,18.37542857142857,16.06114285714286,4.848468200035437,0.7451475893829387,56.86434153892457,0.5150763307317155,0.5983918301258484,0.659000192755365,0.0038058439524692542,0.7247986767565593,0.6771009593286186,0.14502692579758983,0.097561010114806,0.41007245492364597,0.18692729007894193,0.11769413240189312,18,17,17,83.4538888888889,68.75176470588235,1.2138435899922237,14.702124183006546,58.82352941176471,0.04398230826020323,0.26234410769035965
putumayo,arveja,29,2007,2024,18,7,80.55555555555556,2526.7699999999995,87.12999999999998,38.34758620689656,36.41827586206897,1.7691136576880764,1.6648841660465277,145.06135738763393,0.9394414063004213,0.5010506058420583,7.930582857142856,0.09340212597021898,0.10690728427190516,2.620514285714285,0.16535130393008216,0.3604949260645497,0.006150629230925974,0.396039819724056,0.002811615237770954,17,12,11,79.54411764705883,97.87666666666667,0.8126974523760395,-18.33254901960784,36.36363636363637,0.12676753866571744,0.3037951755849065
valle del cauca,tabaco,18,2007,2015,9,0,100.0,2507.0,139.27777777777777,62.833333333333336,61.05555555555556,2.283267118645581,0.5856312811678024,81.56542343820448,0.6310158001317931,0.08101626337032314,-5.607843137254902,0.03367940361207993,0.46604044866434513,-1.4840041279669767,0.009981468016317016,-0.11803342130469507,0.4950567081996511,-0.07868894753646338,0.6492108060096153,9,9,9,158.0,120.55555555555556,1.3105990783410137,37.44444444444444,88.88888888888889,0.07355058011480896,0.2568290616704286
santander,trigo,35,2007,2024,18,1,97.22222222222221,2465.3199999999997,70.43771428571428,62.21142857142858,57.12571428571429,1.2141827654298218,0.9153242374898084,64.4733471190964,0.8197057810514141,0.23527706335688722,-9.594302447993126,0.6275181605329031,1.4345691766884561e-08,-7.185183043458921,0.5625734748202117,-0.614351460362431,2.3168885620150158e-07,-0.4966280033367,3.102854584313988e-05,18,17,17,75.83888888888889,64.71882352941175,1.1718211913172925,11.120065359477138,76.47058823529412,0.05182516541308912,0.510900993894951
cordoba,tomate,31,2007,2024,18,5,86.11111111111111,2418.9,78.02903225806452,5.693548387096774,5.354838709677419,11.337856071226929,1.9692085777193638,153.65543963372158,1.530277422836578,0.5350187273605622,-16.878024035889197,0.3152223686509803,0.0010152965291280204,-0.9668786269909861,0.3217416257647791,-0.4039773174727126,0.001620235840493371,-0.2596405714898689,0.05418119631396452,16,15,13,81.49375,74.33333333333333,1.096328475336323,7.160416666666677,61.53846153846154,0.15331266667732107,0.11898486147825811
cauca,zanahoria,34,2007,2024,18,2,94.44444444444444,2407.73,70.81558823529411,12.464705882352941,11.241176470588236,6.804631172959131,0.894876772654187,63.37122505360781,0.66889427484524,0.5663014960964325,0.16809462232374484,0.00020246417230767067,0.9363413720782,0.3022710906345579,0.03782151717321597,-0.0071492660861943455,0.9526993578768481,0.15958850202635977,0.19092061594696008,17,17,16,82.16117647058823,59.47,1.38155669195541,22.691176470588232,56.25,0.05227209901538678,0.25856503560019845
antioquia,algodon,17,2007,2024,18,19,47.22222222222222,2375.0,139.7058823529412,80.47058823529412,75.17647058823529,1.7148938728898837,0.7163384736730715,100.07669852785558,0.6208962194868852,0.5233421929507306,2.8336825719930547,0.024616825102765694,0.5475907575257757,-1.0298748727773455,0.013045241482196266,0.0817894731149928,0.6496297363937644,-0.09739535620791494,0.5905097962264776,3,14,2,160.0,135.35714285714286,1.1820580474934037,24.64285714285714,100.0,0.08723270914127423,0.34808008457503015
santander,aji,28,2007,2024,18,8,77.77777777777779,2360.7,84.31071428571428,22.928571428571427,20.553571428571427,3.615020449835053,0.9563907756288589,80.6339894295374,0.6893049562752864,0.5719636201598987,1.1743843679834938,0.0057796734296231165,0.7006090830367833,0.1771952181564416,0.003424887187548384,0.09066956813927143,0.501203502808764,-0.008032711545197998,0.952641917953439,17,11,11,83.98823529411764,84.80909090909091,0.9903211364940444,-0.8208556149732686,45.45454545454545,0.06721485908688166,0.20793444438942935
boyaca,quinua,27,2007,2024,18,9,75.0,2343.43,86.7937037037037,46.400000000000006,45.6,1.7442967118588921,0.8429675814046531,73.1642784922632,0.7764434713723302,0.23403448845548197,11.667230080716049,0.6799123469180657,1.2330290796327687e-07,5.495660513066406,0.6221566379027791,0.576320129914696,2.5312944833665998e-05,0.4957101454703225,0.0003059867254353682,18,9,9,72.77944444444445,114.82222222222224,0.6338445906715695,-42.042777777777786,66.66666666666666,0.062380593862523294,0.3476355085293409
cauca,repollo,30,2007,2024,18,6,83.33333333333334,2107.4,70.24666666666667,11.416666666666666,10.71,5.079368326261786,1.2801782241485091,89.9282529856856,0.841646649460494,0.9306294239484416,11.603638941398863,0.445435879794187,5.6088423317119885e-05,1.4479506788107916,0.6075169418791578,0.6736721129792644,2.1772222259991377e-07,0.5605092790492653,2.0943476467070672e-05,16,14,13,70.64125,69.79571428571428,1.0121144360071228,0.8455357142857167,53.84615384615385,0.08614092475770764,0.32064196932695327
boyaca,espinaca,17,2016,2024,9,1,94.44444444444444,2081.3599999999997,122.43294117647056,9.447058823529412,9.222192513368984,11.650130443636964,0.6319992143800753,77.37752263777138,0.5707619389502251,0.40189228587834386,22.279563373253495,0.6108189780540365,0.00021121965950724651,1.8057634730538923,0.826318150771206,0.49073727534742323,0.006939076448219772,0.7532929101152013,3.765378119499433e-05,9,8,8,120.85666666666667,124.20625,0.9730320870863316,-3.349583333333328,62.5,0.0809369138810814,0.7827435010492556
boyaca,ajo,35,2007,2024,18,1,97.22222222222221,2079.9,59.425714285714285,10.769047619047617,9.92047619047619,5.997950133057813,0.8317323168206454,49.426287021578865,0.7769341051094324,0.4634463548872617,3.2554112361549756,0.1229293728274089,0.038924199926415735,0.04204661714336547,0.0007156473660645889,0.07438845359489514,0.531743563163976,0.02596278910308087,0.8304321409477341,18,17,17,59.83888888888888,58.98823529411764,1.014420733058547,0.8506535947712379,41.17647058823529,0.04777181550423715,0.30550591179593234
cauca,sorgo,20,2007,2024,18,16,55.55555555555556,2016.5,100.825,35.35,30.625,3.276430153788602,1.2933592448494544,130.40294586194625,1.2799391483346734,0.2245479890455599,-13.071170706549768,0.3204264792639874,0.009275376775916654,-4.571222279525529,0.32552281144473666,-0.47619714174399574,0.0034660514210676017,-0.4893893958376576,0.002779034437287388,13,7,7,72.96153846153847,152.57142857142858,0.47821233074042063,-79.60989010989012,28.57142857142857,0.1294569614712837,0.20991452471081812
caldas,arveja,35,2007,2024,18,1,97.22222222222221,1946.2000000000003,55.60571428571429,34.434285714285714,33.777142857142856,1.6699137450304438,0.4793022883645019,26.651946103285535,0.45663347180236685,0.255389873647748,1.9367421378052578,0.14963930203231418,0.021698585021926158,2.0785196388061036,0.4951656904740665,0.22428458084748515,0.05880077947239339,0.4698255192572549,8.625112849746566e-05,18,17,17,59.513333333333335,51.46823529411764,1.1563119075919663,8.045098039215695,64.70588235294117,0.034947627137525895,0.3037951755849065
risaralda,pepino cohombro,29,2007,2023,17,5,85.29411764705883,1924.7,66.36896551724138,4.284137931034483,4.1324137931034475,19.47800175726673,0.6399766755560867,42.47458991182069,0.693568030690598,0.49502184018729445,-2.4855962136196648,0.08955267275173193,0.11478901369472469,-0.4120245832155973,0.5028251808571707,-0.1631405646630687,0.22102623327663162,-0.5781826900968382,2.0585660430293712e-05,16,13,13,72.09375,59.323076923076925,1.2152732754149378,12.770673076923075,69.23076923076923,0.048118863337887015,0.15017408413556602
atlantico,cilantro,32,2007,2024,18,4,88.88888888888889,1901.1,59.409375,8.96875,8.2875,6.926456614605482,0.6565754180711821,39.006735227972634,0.47557033301816687,0.2662385128855841,0.6182992150355512,0.007364907753844159,0.6404896331840579,0.01958542184316187,0.0006180471956380941,0.0040486161765703995,0.9741132070078699,0.06025578092747567,0.6363322785407302,17,15,15,68.05882352941177,49.60666666666667,1.3719692957145229,18.4521568627451,73.33333333333333,0.044300614910230254,0.18391479166505917
vichada,ahuyama,28,2007,2024,18,8,77.77777777777779,1874.8999999999999,66.96071428571427,19.964285714285715,16.517857142857142,4.447883870580109,1.6220473770940316,108.61345097548569,0.9585081811546634,0.43363618439078533,3.2778688524590147,0.029101752765947363,0.3854372339075013,-1.140834575260804,0.11356627314117525,-0.15915175351980757,0.2356799134290376,-0.2293406723522748,0.08893290204583605,12,16,11,89.79166666666667,49.8375,1.8016888220048493,39.95416666666667,72.72727272727273,0.1263240022009132,0.0821380302774234
santander,cilantro,34,2007,2024,18,2,94.44444444444444,1844.92,54.262352941176474,18.13823529411765,17.691176470588236,3.300678011316498,0.7506092452767458,40.72982378811688,0.8454018552319688,0.33039535715518253,2.864339940565547,0.1438780867093066,0.026935991559830647,1.4665145062957634,0.2660889680021219,0.2905886862739775,0.01623516899996494,0.38745158169863664,0.001351654234416773,18,16,16,59.54555555555555,48.31875,1.2323488408858994,11.22680555555555,75.0,0.04549538917831536,0.18391479166505917
norte de santander,espinaca,30,2007,2024,18,6,83.33333333333334,1821.95,60.73166666666667,5.863333333333333,5.846666666666667,6.882777777777778,1.0539186176944821,64.00623418361539,0.7905923357415446,0.7426297643587432,-10.48614263353551,0.6307156231140759,1.6199375294940386e-07,-0.7756261005674032,0.6578957497148763,-0.4322962053117632,0.0011287933304517629,-0.5147330479934532,0.00014790065928731294,18,12,12,51.275000000000006,74.91666666666667,0.6844271412680757,-23.641666666666666,41.66666666666667,0.06912398792107596,0.7827435010492556
cundinamarca,albahaca,18,2008,2018,11,4,81.81818181818183,1816.0,100.88888888888889,21.77777777777778,20.5,4.259460292793626,1.0356521383309756,104.48579351161398,0.722188743900374,0.38316055687047046,26.080867850098617,0.6193945359432319,0.00010643269041332306,3.839250493096647,0.592382372098448,0.7302789622330439,2.548399730417622e-05,0.7276068751089989,3.699876593693832e-05,10,8,8,112.2,86.75,1.293371757925072,25.450000000000003,62.5,0.11183265733858605,1.0
cesar,habichuela,21,2011,2024,14,7,75.0,1709.1999999999998,81.39047619047618,24.214285714285715,23.595238095238095,3.3158567070452314,0.5846498978407331,47.58493358997052,0.39840048796193983,0.4951975619150144,8.412260924635843,0.5874749845213101,5.076616915943311e-05,1.586732108929702,0.5085422214953723,0.4520152533840895,0.005324281282858698,0.38447171433981936,0.018264258766385003,12,9,9,79.10000000000001,84.44444444444444,0.9367105263157895,-5.344444444444434,66.66666666666666,0.0631208844918449,0.26234410769035965
cauca,espinaca,20,2014,2024,11,2,90.9090909090909,1708.15,85.4075,8.245,7.76,9.187795959365033,0.8527324230376693,72.82974442058973,0.5332137256446134,0.7113174433017448,-3.952712801506775,0.03189574907294801,0.4512356873123844,0.02441217570933835,0.0003338788210101634,-0.11081832770072811,0.495435721361128,-0.15638025248495388,0.3441264204813733,11,9,9,80.77909090909091,91.06444444444445,0.8870541230652507,-10.285353535353536,33.33333333333333,0.08453974780173548,0.7827435010492556
santander,lechuga,20,2007,2024,18,16,55.55555555555556,1706.0,85.3,4.375,4.3,18.333333333333336,0.7077680529215181,60.37261491420549,0.6865909183432665,0.29688831355646644,8.138436276367313,0.7571972098487828,6.154948230141367e-07,0.40387773146393846,0.7532768772036125,0.7361568114375291,9.883729008189652e-06,0.7523118184738442,7.849900279258857e-06,10,10,9,90.6,80.0,1.1324999999999998,10.599999999999994,44.44444444444444,0.07379444179497505,0.32357480833283003
boyaca,coliflor,31,2007,2024,18,5,86.11111111111111,1627.1200000000001,52.487741935483875,3.193548387096774,3.096774193548387,15.436686757977084,0.8472923534946524,44.472462394136095,0.5879833176764423,0.30932169416735633,-4.1528105454545505,0.25784079381844954,0.0035447129810755066,-0.13501454545454555,0.15287407851393423,-0.2977361869741967,0.018949519485470877,-0.19285136985225165,0.1469779020657125,16,15,15,50.03125,55.10799999999999,0.9078763518908327,-5.07674999999999,26.666666666666668,0.0546692299362281,0.2897697174055221
caldas,cebolla de bulbo,23,2010,2023,14,5,82.14285714285714,1620.25,70.44565217391305,4.310869565217392,3.8108695652173923,7.210383819079472,4.269355971936119,300.75756580563035,2.6600196310576285,1.3305711933864772,-24.334032316163235,0.12570552805352908,0.09692060037641426,-0.6715741264858747,0.06586395434257508,-0.46317999062353943,0.002918620654802793,-0.6451634970881942,5.3901366102472805e-05,13,10,10,120.88461538461539,4.875,24.796844181459566,116.00961538461539,20.0,0.8015175976036774,0.32705758908039645
narino,batata,31,2009,2024,16,1,96.875,1601.4,51.65806451612904,14.193548387096774,12.596774193548388,3.5401330177618284,0.8166091920589325,42.18445032784434,0.4040838360494934,0.5802044824400334,6.120528416650823,0.47634147022808365,1.737565902699763e-05,0.8084964835582583,0.4496521695626374,0.614063025091463,1.3589124845885011e-06,0.474307339839358,0.00022942413182888303,16,15,15,52.0625,51.22666666666667,1.0163163716814159,0.8358333333333334,46.666666666666664,0.05307546012138842,0.40401323907620723
casanare,tomate,25,2010,2024,15,5,83.33333333333334,1569.5,62.78,2.6747999999999994,2.6468000000000003,30.429904761904762,1.06348581639998,66.76563955359074,0.8726709599994102,0.6591904915448761,-7.842392502756335,0.2607096890104663,0.009105978004517208,-0.44526571113561175,0.6875762661269857,-0.43099841900894315,0.002745472940886678,-0.5955872905154216,5.065628331105378e-05,14,11,11,58.146428571428565,68.67727272727274,0.8466618760814272,-10.530844155844171,54.54545454545454,0.08343047993666297,0.11898486147825811
cundinamarca,limonaria,18,2008,2018,11,4,81.81818181818183,1551.0,86.16666666666667,20.055555555555557,19.055555555555557,4.733426491204269,0.5747731375952786,49.52628535612651,0.5595559800393323,0.5401026733715721,13.162721893491126,0.7021949195311824,1.4176872664277635e-05,2.8205128205128207,0.6279679269273687,0.5316348152192667,0.0023453635285076106,0.6832667180756565,0.00012185374738103938,10,8,8,86.2,86.125,1.0008708272859217,0.07500000000000284,25.0,0.07288947751518228,1.0
quindio,pepino cohombro,27,2007,2024,18,9,75.0,1533.1399999999999,56.782962962962955,4.141604938271605,3.877283950617284,14.907874908513842,1.1242932914859594,63.840704329954946,0.76167555147734,0.6297088056384321,3.9518105894753885,0.10097637604520766,0.10626274385005945,0.36399389172680324,0.35085987058574236,0.38340839528720577,0.0051850167884738025,0.41953527468463336,0.002705000561441007,13,14,11,69.71846153846154,44.771428571428565,1.557208777183251,24.947032967032975,45.45454545454545,0.08211923256143848,0.15017408413556602
norte de santander,cimarron,15,2007,2014,8,1,93.75,1500.0,100.0,10.0,10.0,10.0,0.0,0.0,0.0,0.0,0.0,,,0.0,,,,,,8,7,7,100.0,100.0,1.0,0.0,0.0,0.06666666666666667,0.6848780795985364
amazonas,cilantro,30,2007,2024,18,6,83.33333333333334,1478.86,49.29533333333333,18.743333333333332,17.25,2.8726296897921917,1.1197247123317475,55.19720293596427,0.5720327917849537,0.818655916781583,7.592257436662668,0.5027834605344855,1.153657077372775e-05,-0.1959775521458462,0.008878721269752244,0.3237048298896367,0.012428647896342187,-0.025583124931703106,0.8441028743305975,15,15,13,43.284,55.306666666666665,0.7826181292189007,-12.022666666666666,30.76923076923077,0.07373302167865114,0.18391479166505917
narino,acelga,18,2013,2024,12,6,75.0,1461.2999999999997,81.18333333333332,9.93611111111111,9.633333333333333,6.648068394948875,0.9750894795248923,79.16101424609583,0.40693228538648213,0.8306986347403418,18.752188940092168,0.7162952197680279,9.535778142107576e-06,0.9004224270353304,0.633032847606657,0.7606598261858126,1.0977319134518045e-05,0.7575796116874551,1.4528460952127248e-05,10,8,8,70.185,94.93125,0.7393245111593917,-24.746250000000003,12.5,0.10544318327889549,0.4325045587847745
caqueta,ahuyama,25,2010,2024,15,5,83.33333333333334,1432.5,57.3,9.22,8.32,7.856175266543434,0.5329161508651278,30.53609544457182,0.6308392991750056,0.5164533982966785,1.0358596134282807,0.023566065125555837,0.463786840628186,0.5865208545269583,0.20824753741310228,0.1616244071283537,0.2611413185580459,0.5490879570169634,0.0001949471745135747,14,11,10,57.982142857142854,56.43181818181818,1.0274725274725274,1.5503246753246742,30.0,0.050905585555951496,0.0821380302774234
cundinamarca,trigo,21,2007,2022,16,11,65.625,1411.6,67.21904761904761,30.0,28.952380952380953,3.307221853803995,1.071881718443967,72.0508682740716,1.3284075679800482,1.0265667814147454,-8.254201481948604,0.2973092173982107,0.010576871275529625,-5.143780545483209,0.37739518200631594,-0.5263218141162801,0.0008851548461812174,-0.5986837018326834,0.0001875029505727593,14,7,7,71.82857142857144,58.0,1.238423645320197,13.828571428571436,71.42857142857143,0.09972473552536928,0.510900993894951
antioquia,col,19,2007,2024,18,17,52.77777777777778,1407.82,74.0957894736842,14.641578947368421,14.531052631578946,5.089462711678432,0.4299593919050093,31.85818058482685,0.42076598656485936,0.1254498127091962,-2.9547529120198273,0.25372183340173116,0.027893985901498174,-0.6369234200743495,0.3152643041277046,-0.11903163842884143,0.4960324483416588,-0.24173714314073072,0.17465467199592188,18,1,1,77.82333333333332,7.0,11.117619047619046,70.82333333333332,100.0,0.06184922830019906,0.6284993945258104
risaralda,pimenton,31,2007,2024,18,5,86.11111111111111,1341.0,43.25806451612903,2.989247311827957,2.8924731182795695,13.81989247311828,1.8731011706541847,81.02673128539554,0.7418967908676903,0.7523298143789052,-2.0699638844301784,0.017487752058385573,0.4782283625650463,0.02870920278223652,0.004490520417807004,0.15102164330509704,0.24464452053813357,0.04937624026034469,0.713819073525864,16,15,15,58.5625,26.933333333333334,2.1743502475247523,31.629166666666666,66.66666666666666,0.14178484897521582,0.20914195862847876
vaupes,aji,24,2007,2024,18,12,66.66666666666666,1326.7,55.27916666666667,18.088333333333335,15.792499999999999,3.6278728377259992,1.0780631671716947,59.594433495278636,0.7682191857676169,0.5097997369040759,7.682917955248318,0.6206673876332448,4.876498242225498e-06,2.072877569583409,0.8309938842091428,0.8080776353032271,3.9886368326478025e-08,0.8236184756715,2.531952138877142e-08,15,9,9,54.34666666666667,56.833333333333336,0.9562463343108505,-2.4866666666666646,55.55555555555556,0.08807476462757308,0.20793444438942935
atlantico,col,30,2007,2024,18,6,83.33333333333334,1252.5,41.75,5.416666666666667,5.183333333333334,7.645963274198568,0.7828374515742935,32.683463603226755,0.6228067004171299,0.3246937660121626,2.6498821654993847,0.17072411657083722,0.02324136234306379,0.24911209214326022,0.1416174410959602,0.29133434690067306,0.02444894531008939,0.2603330739170287,0.050154287417259615,17,13,13,59.029411764705884,19.153846153846153,3.081856839121191,39.87556561085973,100.0,0.05308022199114744,0.6284993945258104
guainia,aji,19,2014,2024,11,3,86.36363636363636,1120.75,58.98684210526316,13.56578947368421,13.342105263157896,4.6288387078675495,0.8831387144702223,52.093563907500084,0.46091600433168795,0.6621131955136196,10.066600761570013,0.372764855843794,0.00549552134147958,0.1103544229642648,0.003109447126817559,0.4083126169891915,0.015523253770211066,0.036973693332326786,0.8313799771067277,11,8,8,48.09090909090909,73.96875,0.6501517071859277,-25.877840909090907,50.0,0.09152025429897537,0.20793444438942935
narino,cimarron,24,2012,2024,13,2,92.3076923076923,1078.03,44.91791666666666,25.429166666666664,23.64375,1.6410339515665993,0.8504662686297887,38.20117298212379,0.33486671224580594,0.6990724149124402,9.031707692307693,0.7898450033710014,6.610927387333538e-09,1.9720000000000002,0.7578113983071705,0.8000052893086543,4.752524890848945e-08,0.7568871968677285,2.6968741997646385e-07,12,12,11,45.57750000000001,44.25833333333333,1.0298060628883452,1.3191666666666748,27.27272727272727,0.07054815295793879,0.6848780795985364
cauca,ajo,33,2007,2024,18,3,91.66666666666666,1067.0,32.333333333333336,10.969696969696969,9.909090909090908,3.491630591630591,0.7652946808647565,24.74452801462713,0.5376158326850277,0.8432581976304383,-1.0923043548999405,0.05103800460586401,0.20617012742062793,0.7214057161451275,0.3919137512046323,0.015446894115618722,0.901027061861605,0.26785432685851185,0.03519332597071212,18,15,15,32.166666666666664,32.53333333333333,0.9887295081967213,-0.36666666666666714,33.33333333333333,0.04751297553160373,0.30550591179593234
caldas,lechuga,26,2010,2024,15,4,86.66666666666667,1066.34,41.01307692307692,5.329487179487179,4.771355311355311,10.159202167122618,1.7832125585920666,73.13503383573324,2.2356765314322105,0.34545392465351893,-0.2203980315530477,0.00019306178672995415,0.9462889201982514,-0.041268876344864244,0.0002550282792894074,0.11198175260850052,0.4266264546016616,-0.08191262063537486,0.564533698951148,14,12,11,49.29571428571429,31.349999999999998,1.5724310776942358,17.945714285714292,45.45454545454545,0.15605943155031304,0.32357480833283003
cauca,garbanzo,21,2011,2021,11,1,95.45454545454545,1058.7,50.41428571428572,59.38095238095238,47.976190476190474,1.0434656124268553,0.9783819842948338,49.32442889394955,1.3487005843688642,0.30843361476601217,3.268396694214876,0.04743651134057434,0.3429161612766115,3.9494214876033036,0.026272954167812477,0.1818202630583513,0.2507495016986303,0.23190841426097936,0.1461033832544382,11,10,10,42.90909090909091,58.67,0.7313634039388257,-15.760909090909095,10.0,0.09103089828538306,1.0
narino,melon,15,2017,2024,8,1,93.75,1038.6999999999998,69.24666666666666,4.4,4.313333333333333,17.11980056980057,0.5766338505013536,39.92997203438373,0.28229954700369037,0.513795454880583,8.805527638190952,0.27650168936953734,0.04408558428382462,-0.31909547738693467,0.37523264470500656,0.3636405261167026,0.05972487258994495,-0.4840764516831996,0.018389390230635627,8,7,7,57.9,82.21428571428571,0.704257167680278,-24.31428571428571,57.14285714285714,0.08735596606940554,0.11954846649300852
quindio,cebolla de rama,18,2007,2021,15,12,60.0,1006.75,55.93055555555556,2.6500000000000004,2.255555555555555,14.735353535353536,2.2423449269862004,125.41559751351984,0.9641881920039342,0.7595738352941991,2.1076125392347733,0.0058071492398411575,0.7637688922464023,-0.019810083833286973,0.0012360664102852837,-0.18003601080360127,0.3041266150234101,-0.15364717026818725,0.3953616977600002,13,5,5,50.98076923076923,68.8,0.7409995527728087,-17.819230769230764,20.0,0.31937618245948374,0.28987950216277486
choco,frijol,34,2007,2024,18,2,94.44444444444444,1006.2600000000001,29.595882352941178,18.676470588235293,15.617647058823529,1.9997987466407607,0.5506963638761544,16.298344797471152,0.5200780853889383,0.4578119376151278,1.079931802752577,0.12680554062483498,0.03873142512861438,-0.4014071468246624,0.049326016851934294,0.22043577510211929,0.0699290705176312,-0.09451594187502649,0.4460680097418269,18,16,16,32.431666666666665,26.405625,1.2282105296377823,6.026041666666664,56.25,0.03806902596120396,0.09998560464958732
choco,pepino cohombro,17,2016,2024,9,1,94.44444444444444,998.0,58.705882352941174,9.882352941176471,8.117647058823529,6.791666666666666,0.7025588990758398,41.24434007515812,0.6418643127004081,0.17865300341792684,9.706836327345309,0.40808958253047256,0.005773430320858877,1.592315369261477,0.46427981938170443,0.48532382559099085,0.009118195922250279,0.48532382559099085,0.009118195922250279,9,8,8,61.0,56.125,1.086859688195991,4.875,50.0,0.086150256424673,0.15017408413556602
cundinamarca,quinua,23,2012,2024,13,3,88.46153846153845,947.0,41.17391304347826,11.152173913043478,10.369565217391305,3.0385093167701864,1.361658730104413,56.064818148212126,0.9131876984276351,0.6399273664088269,-3.1691719232317803,0.047051644858984554,0.3201389328927093,-0.58542477519796,0.04865943595906022,-0.23248780619957687,0.12447024638936124,-0.21463823465932647,0.15933842333345205,12,11,10,64.75,15.454545454545455,4.189705882352941,49.29545454545455,80.0,0.12058699232501012,0.3476355085293409
valle del cauca,perejil,34,2007,2024,18,2,94.44444444444444,940.15,27.651470588235295,8.005882352941176,6.8,3.874255252312244,1.0341480756907933,28.595715098844096,0.4086655615764541,0.5557076520422729,1.6832544813968786,0.09970625036130867,0.06888243393111608,-0.02738627124549923,0.002016211414646184,0.4061696084681856,0.0008284797302994393,-0.05824177123228638,0.6413514712575297,17,17,16,23.22941176470588,32.0735294117647,0.7242549289316828,-8.844117647058823,37.5,0.05994139619464882,0.4319454859922943
vichada,aji,21,2007,2024,18,15,58.333333333333336,916.7299999999999,43.65380952380952,15.80952380952381,11.357142857142858,2.5641005291005294,1.3214903707707553,57.688088933174974,0.8729417656248089,0.8117301892019664,2.6185316538524455,0.07497016493686603,0.22974003285009925,0.8035007361361033,0.12334159173667124,0.14423743716582887,0.36396207510247747,0.43980792788558676,0.0067057564207977,14,7,6,43.07142857142857,44.81857142857143,0.9610174353743663,-1.7471428571428618,50.0,0.1268179954666589,0.20793444438942935
casanare,frijol,26,2009,2024,16,6,81.25,868.7099999999999,33.411923076923074,36.92307692307692,35.29807692307692,0.9362875209851237,0.6846052845747017,22.873979106264965,0.7158580709734143,0.22005844011444087,-0.31154740061162084,0.004549606545484388,0.743372246852059,-0.6271151885830786,0.013805560170761915,-0.015480172920689397,0.9121595659186491,-0.04688072309384954,0.7401163016885428,15,11,11,49.019999999999996,12.128181818181817,4.041825950078705,36.89181818181818,100.0,0.055794541259896774,0.09998560464958732
sucre,pepino cohombro,31,2007,2024,18,5,86.11111111111111,814.5,26.274193548387096,3.225806451612903,2.8870967741935485,7.338709677419355,1.1239872342776107,29.531858139326253,0.5755750747440916,0.8067969920035657,-4.251629267235932,0.6172643159419666,1.6424122856182618e-07,-0.18657592114527102,0.30072709685533,-0.7386252002867296,7.791227249295024e-09,-0.44017042154147534,0.0011432900657029226,17,14,14,28.88235294117647,23.107142857142858,1.2499318119829075,5.775210084033613,78.57142857142857,0.07169658593607801,0.15017408413556602
bolivar,pepino cohombro,25,2012,2024,13,1,96.15384615384616,809.0,32.36,3.24,3.1,12.84,0.46745697135982744,15.126907593204017,0.47380983290820794,0.651092205873111,0.43177590546011596,0.012409775539685764,0.5960185839974013,-0.2638144217091586,0.4498278435224762,0.02410928066114017,0.8691306035532111,-0.5127092239265055,0.0008369447528327091,13,12,12,24.384615384615383,41.0,0.5947467166979362,-16.615384615384617,8.333333333333332,0.04839101517079945,0.15017408413556602
norte de santander,acelga,35,2007,2024,18,1,97.22222222222221,796.5,22.757142857142856,1.874285714285714,1.8599999999999999,12.116666666666667,0.6194676954427017,14.097314840574628,0.5752688901177364,0.2844036348436803,-1.2370816837922394,0.2182146373033796,0.00466700829051043,-0.11390655813056955,0.31625981642523754,-0.2983756625349298,0.013587441361554126,-0.3754180038694536,0.004268586874254697,18,17,17,22.15,23.400000000000002,0.9465811965811964,-1.2500000000000036,35.294117647058826,0.03922217769281725,0.4325045587847745
santander,pepino guiso,17,2016,2024,9,1,94.44444444444444,781.0,45.94117647058823,5.294117647058823,5.147058823529412,8.015624168219324,0.8770990072570296,40.294960274572944,0.7600128938152512,0.31855340606936483,11.79441117764471,0.631218730543767,0.00013912497048799568,1.0899451097804391,0.5406409914926589,0.7474306193753062,4.004635024043972e-05,0.6524318552568007,0.00046870323763988265,9,8,8,54.333333333333336,36.5,1.4885844748858448,17.833333333333336,87.5,0.10141468061072756,0.503984235695357
amazonas,pimenton,24,2007,2024,18,12,66.66666666666666,773.4899999999999,32.22875,16.575,15.891666666666666,1.7055323712308723,1.3808039937790324,44.50158671450599,1.0019731599633732,0.45592772234307694,-3.1393208430913333,0.16937990638488934,0.04570213439724259,-1.6067915690866497,0.3185967284689206,0.23766989273624328,0.10628814126783075,-0.1683092910639583,0.2611347364453891,10,14,10,29.080000000000002,34.47785714285714,0.8434398889556446,-5.397857142857138,30.0,0.11779904929241479,0.20914195862847876
santander,cebada,21,2007,2018,12,3,87.5,752.0,35.80952380952381,24.761904761904763,23.047619047619047,1.4593461088834114,0.7242151177525563,25.933798502377254,0.6270554956896209,0.20165761535463192,-5.681188118811881,0.6058672293757645,3.2482236209207655e-05,-2.9405940594059405,0.4528157071173351,-0.6440940481460319,6.092106499931321e-05,-0.4879500364742666,0.002379816463809705,10,11,9,38.7,33.18181818181818,1.1663013698630138,5.518181818181823,55.55555555555556,0.07140533046627436,0.4604828939274232
norte de santander,haba,35,2007,2024,18,1,97.22222222222221,740.3100000000001,21.151714285714288,10.714285714285714,10.025714285714285,2.0743959067698565,0.6305626555129782,13.337481128651797,0.3549132269905004,0.498422701564788,1.0802029862254054,0.18587587865948563,0.009717681823075107,0.38788310128553016,0.2948430024590867,0.3242539439559843,0.00705122383731218,0.4109663247029863,0.0008831740800710297,18,17,17,23.941666666666666,18.19764705882353,1.3156462804930609,5.744019607843136,64.70588235294117,0.039607114225255244,0.5676735391369351
boyaca,mani,35,2007,2024,18,1,97.22222222222221,735.05,21.00142857142857,33.42857142857143,32.92857142857143,0.6354723021642573,0.9772182965431909,20.522980253544926,0.6594095864440446,0.4971230708550085,0.061928591551384124,0.0002580248145286419,0.9270274612805436,-0.578710911436324,0.01953156832465128,0.22706033825124555,0.05981800335773723,0.0385277740881618,0.7521595644812139,18,17,17,28.169444444444444,13.411764705882353,2.1003533138401558,14.757679738562091,58.82352941176471,0.055076318668863984,0.36331028907717094
boyaca,aji,16,2010,2024,15,14,53.333333333333336,732.6,45.7875,9.8875,9.23125,6.272569444444445,0.7017421968128531,32.13102083656851,0.6459306903371486,0.5432797768301687,-3.2405854182518006,0.2367380967949259,0.0559816900291887,-0.2511211565143445,0.03598255728059647,-0.17573375583870185,0.34392800300708404,-0.008512565307587486,0.9639061114195208,13,3,3,45.96923076923077,45.0,1.0215384615384615,0.9692307692307693,66.66666666666666,0.09135402992896852,0.20793444438942935
boyaca,nabo,17,2009,2024,16,15,53.125,724.8,42.63529411764706,9.458823529411765,9.450000000000001,4.33667395666522,0.8216462132972044,35.03112796457728,0.7465795291426007,0.6360785284797684,3.075672198636307,0.11014419655975635,0.19311932744340693,0.11312877910716587,0.003666988662017662,0.25830434161586113,0.1490298444997622,0.15733096002817026,0.38471899688314337,10,7,7,43.18,41.857142857142854,1.03160409556314,1.3228571428571456,71.42857142857143,0.09619944635712861,0.5233953242215834
cauca,soya,22,2007,2024,18,14,61.111111111111114,717.67,32.62136363636363,15.45,12.131818181818181,2.164066168764841,1.7298470743482564,56.429970447614224,1.7348414406972381,0.3874221909253381,-4.754060021723282,0.258128015272623,0.015773963032109803,-2.082093172045411,0.21945690175636248,-0.5451194600513307,0.0004527641863340808,-0.4070041560521064,0.010735231921197835,11,11,8,34.89727272727273,30.345454545454547,1.15,4.551818181818181,75.0,0.17528882006871002,0.8801723533870649
caqueta,cebolla de rama,20,2010,2024,15,10,66.66666666666666,687.65,34.3825,7.409999999999999,6.279999999999999,4.847224253733688,1.2022608668005816,41.336734252770995,0.7565075252559086,0.9287744222369128,3.024527751014569,0.12063476691453903,0.1335008632194093,0.021219818399462773,0.0003228866377456113,0.13756806317048767,0.3984231630555365,-0.021393127492027906,0.896380578748851,11,9,8,52.32272727272727,12.455555555555556,4.200754196739924,39.867171717171715,87.5,0.11865798161240407,0.28987950216277486
valle del cauca,remolacha,15,2007,2024,18,21,41.66666666666667,676.9,45.126666666666665,1.9613333333333336,1.9613333333333336,28.75,1.398725586815846,63.119823314376404,1.0621508776383088,0.5443248065301184,-5.415966512933626,0.34967973226989757,0.020245705088971593,-0.26325245638660505,0.7584373120248702,-0.5198327329305747,0.008022892930524323,-0.6972166887783964,0.00045016211439744127,8,7,6,36.3625,55.142857142857146,0.6594235751295336,-18.78035714285715,33.33333333333333,0.18840029218216298,0.5121386892145101
meta,arveja,22,2007,2024,18,14,61.111111111111114,676.76,30.76181818181818,26.045454545454547,25.181818181818183,1.2805663780663783,0.8781461125664806,27.01337105184052,0.6442592782435057,0.47862687483638855,2.640398282634512,0.16978359342211674,0.056713620377340526,2.2035260802046217,0.30645418057440843,0.346521226012145,0.025472576209429294,0.27756124316429764,0.07813199186300042,11,11,8,39.80636363636364,21.717272727272725,1.832935660764369,18.089090909090917,75.0,0.07891312499034729,0.3037951755849065
amazonas,patilla,16,2007,2024,18,20,44.44444444444444,672.98,42.06125,11.75,11.3375,3.3602484472049694,0.6127310681419567,25.772234639885873,0.5404981243477348,0.3115876700950601,-1.461844482383983,0.10796552353852246,0.21402656582280188,-0.3881421697966786,0.1253442585521092,0.050421948408961074,0.7866338198496015,0.06900655593423541,0.7161295688555653,7,9,7,41.57142857142857,42.44222222222223,0.9794828450255434,-0.870793650793658,28.57142857142857,0.08449840010935838,0.263014574837113
norte de santander,trigo,26,2007,2024,18,10,72.22222222222221,670.6,25.792307692307695,15.423076923076923,13.76923076923077,1.843836978237155,0.7085890462065181,18.27614670715735,0.6775913078950666,0.22532868987049895,-1.7196983782667077,0.2967048693972531,0.0040116880527753356,-0.7323164503207886,0.1645543092210351,-0.5333493587335963,0.00014719198047193,-0.43686053559000765,0.0019808486922030795,9,17,9,30.11111111111111,23.50588235294118,1.2810032254476698,6.6052287581699325,44.44444444444444,0.057030267618486064,0.510900993894951
amazonas,ahuyama,15,2007,2024,18,21,41.66666666666667,667.8,44.519999999999996,11.7,10.886666666666667,4.127897897897898,0.45142356755621954,20.09737722760289,0.31145106143410456,0.27180392623804595,0.5239795918367348,0.0237912916141581,0.5830998685806377,0.14285714285714288,0.05379236148466917,0.22966770070528586,0.23438104887262345,0.458257569495584,0.027565380740482363,7,8,7,37.614285714285714,50.5625,0.7439166519512626,-12.948214285714286,14.285714285714285,0.07934651254592262,0.0821380302774234
amazonas,tomate,18,2007,2024,18,18,50.0,665.4,36.96666666666667,15.333333333333334,14.61111111111111,2.2705603640885155,1.2265351964558904,45.340917762319414,1.1393022263620127,0.3898818416743294,-4.524518421544792,0.34800289887811847,0.009967971076992637,-1.9867215260893958,0.4520034004036593,0.033340002000666905,0.8490734377018059,-0.20812870274861325,0.23669104637981775,8,10,8,30.6,42.06,0.7275320970042796,-11.46,0.0,0.1344895246866251,0.11898486147825811
cauca,cimarron,27,2011,2024,14,1,96.42857142857143,660.5,24.462962962962962,8.851851851851851,8.88888888888889,3.5620884773662547,1.09576019893847,26.80554116292072,0.4633639644697284,1.0171644089984975,-4.901778102545366,0.586689526123327,3.2148476995310537e-06,0.6080867129460479,0.3856278947171403,-0.37161912915514944,0.00740796167907191,0.41048528414325464,0.0036575038963322375,14,13,13,27.464285714285715,21.23076923076923,1.2936076604554867,6.233516483516485,46.15384615384615,0.07986001475036975,0.6848780795985364
amazonas,pepino cohombro,22,2007,2024,18,14,61.111111111111114,659.87,29.99409090909091,11.25,10.659090909090908,2.632282841739235,0.9013832963505446,27.036172534674268,0.8587121045740733,0.7392258588345497,-1.0438381156479355,0.04253274885180312,0.3571470535103698,-0.6973961197822831,0.1486984381613868,0.2149308870201912,0.1659377543406062,0.20708061040389358,0.18343661460152394,11,11,9,24.95909090909091,35.02909090909091,0.7125246548323472,-10.07,44.44444444444444,0.08070729087961828,0.15017408413556602
amazonas,arroz,24,2007,2024,18,12,66.66666666666666,643.3,26.804166666666664,26.833333333333332,23.820833333333336,1.3975292567595714,1.1461032168500016,30.720341641650247,0.9864636867623265,0.6060991703119776,-1.0152756756756751,0.03660568439097033,0.37047731988584254,-3.104648648648647,0.4610479661807171,-0.3722726910770371,0.011303671980315708,-0.5530365735645387,0.00020293288230374017,10,14,10,21.001,30.94928571428571,0.6785617023240786,-9.94828571428571,40.0,0.09411755108420172,0.1516991903190055
cauca,cebolla de bulbo,17,2010,2018,9,1,94.44444444444444,638.0,37.529411764705884,5.9411764705882355,5.894117647058824,7.918767507002801,1.331592686689166,49.97389024162871,1.7118229207453148,1.1375636884254605,-9.063725490196079,0.2097043113643167,0.06453321875556876,-1.6372549019607845,0.16521527925878537,-0.1409004654941586,0.4468728207108308,-0.17091821601566562,0.36630444864197986,9,8,8,34.55555555555556,40.875,0.8453958545701665,-6.319444444444443,12.5,0.15699039907233614,0.32705758908039645
risaralda,cilantro,21,2013,2023,11,1,95.45454545454545,556.8,26.514285714285712,5.552380952380952,5.266666666666667,4.232141644536602,1.0847059380874164,28.76020315843207,0.8123144473708446,0.3653367358183736,-4.535599784830553,0.2752045824180415,0.014625806090486778,-0.730252824098978,0.2900746201463401,0.019817527932438246,0.9027948957648319,-0.08719668743361124,0.5993173351162635,11,10,10,26.527272727272727,26.5,1.0010291595197256,0.027272727272727337,60.0,0.10097900100326995,0.18391479166505917
risaralda,lechuga,16,2013,2024,12,8,66.66666666666666,545.0,34.0625,2.06875,1.50625,19.072916666666664,1.1241887035909932,38.292677716068205,0.8830135761834752,0.4691790171956711,-5.316079525636554,0.28779147781922776,0.03216650902013728,-0.3452947331705616,0.5335259999274683,-0.4407412773535268,0.0187371164005788,-0.4433293138324429,0.021642965579269337,7,9,7,45.857142857142854,24.88888888888889,1.8424744897959182,20.968253968253965,28.57142857142857,0.13655079538759365,0.32357480833283003
quindio,tabaco,16,2007,2014,8,0,100.0,541.0,33.8125,18.9375,18.5,1.824615390798171,0.6184111055414967,20.91002550612186,0.5789246750695146,0.16470346378461603,-5.65,0.4137284985943679,0.007188105719887106,-2.1558823529411764,0.2191232037585721,-0.5,0.00635528422852745,-0.37293492699144576,0.0465438855773844,8,8,8,35.25,32.375,1.0888030888030888,2.875,50.0,0.08490814231193688,0.2568290616704286
bolivar,tomate,17,2012,2024,13,9,65.38461538461539,522.0,30.705882352941178,7.235294117647059,4.529411764705882,4.819507290095525,1.2983885184984163,39.86816509742196,0.9616366822930452,0.7662692915887842,4.277074061394503,0.18539369358677737,0.08446929152130969,1.0519228574689037,0.3682029580462637,0.07579238282385405,0.6779754429107876,0.49636689101685416,0.006252778090800072,11,6,6,19.272727272727273,51.666666666666664,0.37302052785923756,-32.39393939393939,50.0,0.15215572290483112,0.11898486147825811
sucre,col,21,2007,2024,18,15,58.333333333333336,515.0,24.523809523809526,5.476190476190476,5.476190476190476,4.495238095238095,0.18802394041177464,4.6110633005744734,0.1593939372158553,0.13829569852247398,-0.24489795918367346,0.08638617821148616,0.19594082146509054,0.053877551020408164,0.11667857142857144,-0.33206874292634975,0.04939074860527779,0.26427498905736396,0.135017381575575,18,3,3,23.88888888888889,28.333333333333332,0.8431372549019608,-4.444444444444443,0.0,0.04922235837496464,0.6284993945258104
antioquia,ajo,35,2007,2024,18,1,97.22222222222221,509.8,14.565714285714286,3.1142857142857143,2.78,5.352380952380952,0.4013646134240453,5.846162283530808,0.337416058800203,0.33055910077535444,-0.523829011164984,0.22750832039847277,0.0037664364044941727,-0.11643906706403928,0.34794368099463496,-0.3498195999409943,0.004572791197341142,-0.4656448657671533,0.0005746871520769137,18,17,17,13.38888888888889,15.811764705882354,0.8467675264550264,-2.4228758169934643,0.0,0.03304259657053643,0.30550591179593234
vichada,melon,16,2007,2024,18,20,44.44444444444444,482.0,30.125,10.25,9.0625,3.1645268334606573,1.3167939362096146,39.66841732831464,0.4903996031517219,0.8437086010892497,3.59775672017018,0.22153744777725343,0.0657610985626151,-0.008973119319280604,8.582469005908227e-05,0.21849510977216466,0.240809646405599,-0.14729798605784364,0.4385780260809998,3,13,3,13.333333333333334,34.0,0.39215686274509803,-20.666666666666664,66.66666666666666,0.16409841428350064,0.11954846649300852
cundinamarca,nabo,18,2014,2024,11,4,81.81818181818183,467.0,25.944444444444443,2.888888888888889,2.7222222222222223,8.722222222222221,0.8537658475711414,22.1504806008735,0.40938349819005126,0.5627742999355746,-2.4002557544757037,0.12003117289278184,0.15900381247357706,-0.007033248081841426,0.00036152209766474595,-0.23133556427714488,0.19997815619594206,-0.05277198185372175,0.7783227967023085,10,8,8,35.5,14.0,2.5357142857142856,21.5,50.0,0.09380115457450856,0.5233953242215834
vaupes,arroz,21,2007,2024,18,15,58.333333333333336,423.80000000000007,20.180952380952384,15.261904761904763,12.157142857142858,1.5999951568057882,0.77375695316269,15.615152226207051,0.43284858416306776,0.589860774978419,-0.4926173842404547,0.03646244595998672,0.40702675810571154,-0.5658489033306253,0.26880061112443415,-0.07807200583588265,0.6268857059632713,-0.37653303071632666,0.020352930729665562,15,6,6,17.990666666666666,25.656666666666666,0.7012082629595946,-7.666,50.0,0.07477096700986888,0.1516991903190055
cauca,tabaco,21,2007,2024,18,15,58.333333333333336,422.0,20.095238095238095,9.714285714285714,8.738095238095237,2.6261116040619146,0.5115932091895532,10.280587346571021,0.6479105357097823,0.5900451110716374,1.1371111905613163,0.40736451245553806,0.0018490822022689667,-0.37583124776546306,0.11872635162010298,0.3432857670296248,0.03344063866399787,-0.1821530222156749,0.2692941367197367,9,12,8,20.11111111111111,20.083333333333332,1.0013831258644537,0.027777777777778567,37.5,0.05948878057545877,0.2568290616704286
casanare,arveja,23,2007,2024,18,13,63.888888888888886,413.79999999999995,17.991304347826084,23.82608695652174,22.608695652173914,0.7887371262578398,0.7709613599289654,13.870600466895906,0.46213857787009477,0.34220387055625634,-1.742890322580646,0.48364953390840265,0.00022958633445376302,-1.825354838709678,0.8418328951491966,-0.5356832289134413,0.0004545363577371678,-0.7120868834752342,3.6470843575837807e-06,11,12,6,23.000000000000004,13.4,1.7164179104477615,9.600000000000003,66.66666666666666,0.06819733687538268,0.3037951755849065
san andres y providencia,batata,16,2012,2024,13,10,61.53846153846154,384.72,24.045,2.9240024379225473,2.7677524379225473,6.557750768748894,0.9992741974856476,24.0275480785424,0.7043380114183152,0.7587582384476508,3.1977332170880564,0.33859279638562784,0.01804677997391882,0.16534803272740795,0.12322320978567171,0.32489314482696546,0.08497283410980315,0.4418939581735309,0.02005059013147876,12,4,4,21.643333333333334,31.25,0.6925866666666667,-9.606666666666666,0.0,0.12100872588440928,0.40401323907620723
santander,haba,21,2008,2024,17,13,61.76470588235294,381.54,18.16857142857143,12.042857142857143,8.70952380952381,1.802158638663029,1.0843339899413227,19.700799548676773,0.7294891438314914,0.5082000506396055,-1.3021351471900084,0.11660058810024865,0.12978571416001397,-0.31806422836752885,0.03498559328225896,-0.3238095238095238,0.04196934455920998,-0.14045601146431072,0.3790782283487584,16,5,5,18.850624999999997,15.986,1.1791958588765168,2.8646249999999966,20.0,0.10094241277741803,0.5676735391369351
tolima,aji,15,2009,2024,16,17,46.875,370.65999999999997,24.710666666666665,8.354666666666667,6.688,3.3072559604917737,1.635159808491949,40.40588897437505,0.6575559897507517,1.0932674134159845,1.5304894578313257,0.022682459368621746,0.5921195847218748,0.7369578313253013,0.28449873186070956,-0.08571428571428572,0.6971814254173712,0.41403933560541256,0.035421319096725606,8,7,7,17.90625,32.48714285714286,0.5511795875291324,-14.580892857142857,57.14285714285714,0.23303318395690661,0.20793444438942935
valle del cauca,acelga,25,2009,2024,16,7,78.125,357.3,14.292,3.764,3.764,3.849790690148899,0.4368510071036684,6.243474593525629,0.4512973734400981,0.30505906891527196,0.8563952095808383,0.32729622720825235,0.002806998413355963,-0.030622754491017964,0.005653389420291293,0.4271800072811105,0.0031475827038269354,0.2502172968684897,0.08909185908743832,14,11,11,15.239285714285714,13.086363636363636,1.1645164491638962,2.152922077922078,63.63636363636363,0.04732821001244758,0.4325045587847745
amazonas,aji,31,2007,2024,18,5,86.11111111111111,319.94,10.320645161290322,15.343870967741937,14.24967741935484,0.9682006308725547,1.0209204409029804,10.536557608467728,0.5662129692203456,0.9958321693646508,-0.9250644461962954,0.21027323971204614,0.009473559274362641,-0.8711584548679546,0.2742851717577958,0.00658022913414809,0.9591964550023858,-0.21909718479806622,0.08565242505370806,15,16,13,9.574,11.020624999999999,0.8687347586910906,-1.4466249999999992,30.76923076923077,0.06479537606618738,0.20793444438942935
risaralda,arveja,32,2007,2024,18,4,88.88888888888889,302.4,9.45,7.1871875,6.5309375,1.7167608343409544,0.5879659315744068,5.5562780533781435,0.7382840395762185,0.47968557465450684,-0.5615529081990189,0.2938703133078752,0.0013512142856181503,-0.6032466713384723,0.3718495459361294,-0.3381030707436757,0.007023780103332873,-0.42949186014482893,0.0006433635244920203,16,16,15,10.534375,8.365625,1.2592454239820696,2.168750000000001,40.0,0.04171564652095407,0.3037951755849065
quindio,arveja,35,2007,2024,18,1,97.22222222222221,296.36,8.467428571428572,5.292981655736146,5.05583879859329,1.4936382314769758,1.1270874238067836,9.543532254839382,0.858565648164522,0.40483973510133103,-0.8976234746378426,0.2506859738654657,0.002188897359554373,-0.3960672785769002,0.215253418879833,-0.4322189107537832,0.00028866337153321753,-0.3669374769778027,0.002215654232096619,18,17,17,10.495555555555557,6.32,1.6606891701828412,4.175555555555556,64.70588235294117,0.06382945801691105,0.3037951755849065
choco,habichuela,16,2016,2024,9,2,88.88888888888889,295.4,18.4625,3.75,2.8125,5.842857142857143,0.9486910048964626,17.51520767790094,0.6919644606587934,0.43022522526919316,4.101082352941176,0.3640620033066154,0.013339667786238603,0.5007058823529412,0.24725451368666276,0.5423261445466404,0.005512053992131368,0.4227548732396783,0.029870565134562942,9,7,7,21.666666666666668,14.342857142857143,1.5106241699867198,7.323809523809524,42.857142857142854,0.11523523180301526,0.26234410769035965
boyaca,guatila,16,2016,2024,9,2,88.88888888888889,280.7,17.54375,5.433333333333334,4.902083333333334,5.603050993124523,1.2181514804119808,21.37094503447769,1.5163529544633374,0.7714008668997554,-1.2732608695652174,0.027214095930217515,0.541499151042529,-0.773913043478261,0.06764841272620287,0.05085476277156078,0.786066557230688,-0.09446324065374985,0.6169537854024494,8,8,7,24.25,10.8375,2.23760092272203,13.4125,71.42857142857143,0.14944685718143952,0.9159242326658699
caqueta,cilantro,25,2010,2024,15,5,83.33333333333334,252.0,10.08,4.212,3.932,2.3241934336978756,1.0850630668746817,10.937435714096791,0.6958742379804272,0.6130293338063394,0.7294726930320149,0.09841704723898174,0.12673128219204083,0.14909604519774006,0.05725023643405797,0.13655774839978377,0.34746939334997606,-0.007027283689263065,0.9622190742121651,13,12,12,9.223076923076924,11.008333333333333,0.8378268211727713,-1.7852564102564088,25.0,0.08521069538926682,0.18391479166505917
caldas,remolacha,27,2010,2023,14,1,96.42857142857143,238.20000000000005,8.822222222222225,0.8310846560846559,0.8125661375661374,8.917019871921834,1.3440488801698316,11.857497898387184,1.160869588678117,0.8424963815836685,-1.298268893153146,0.20913083180260644,0.016472311122766294,-0.049383059882998674,0.04570602686528573,-0.5106445117033384,0.000277912190928541,-0.42036924636869166,0.0030651650742638233,14,13,13,10.935714285714287,6.546153846153846,1.6705556488165185,4.389560439560441,38.46153846153847,0.1014652293544996,0.5121386892145101
cauca,haba,21,2010,2024,15,9,70.0,126.97999999999998,6.046666666666665,7.119047619047619,6.309523809523809,0.8696149591149591,0.8731570618210566,5.279689700477987,0.5556511714131387,0.6274642721047848,-0.7774401499855779,0.5369612420597302,0.00015806147501168873,-0.5395154312085374,0.46066507033273096,-0.35229742431261823,0.0316061020616989,-0.5846170740069282,0.0003243084129177095,12,9,9,7.012499999999999,4.7588888888888885,1.4735582535605884,2.253611111111111,33.33333333333333,0.08219515893913742,0.5676735391369351
amazonas,frijol,18,2007,2024,18,18,50.0,122.49,6.805,8.777777777777779,8.372222222222222,0.8146584896584897,0.6763912053880007,4.602842152665344,0.6319575836047954,0.1255875649431689,-0.44599143361048127,0.27399526726569967,0.025791953922430687,-0.6318972033257747,0.3786954033950026,0.14619957418529836,0.4027512935911193,0.08141255010133056,0.6452257350131249,9,9,8,6.227777777777778,7.382222222222222,0.8436183022275738,-1.1544444444444437,37.5,0.07956045082205541,0.09998560464958732
cordoba,col,15,2007,2015,9,3,83.33333333333334,116.0,7.733333333333333,1.8666666666666667,1.4,5.1,1.1876321415396867,9.18435522790691,0.5305877152885847,0.474829163082106,-1.6735582154515773,0.21795748013135308,0.07935639073591581,-0.10228509249183894,0.07001067010363739,-0.08052512555716988,0.6869230818706997,0.1143462309509485,0.6031303770642559,9,6,6,9.555555555555555,5.0,1.911111111111111,4.555555555555555,66.66666666666666,0.15442925089179554,0.6284993945258104
santander,espinaca,15,2017,2024,8,1,93.75,87.45,5.83,1.16,1.16,4.966666666666667,0.32162950211551894,1.8750999973334754,0.1922129361096224,0.22660326196153188,0.690891959798995,0.7718918277495884,1.6313350837774655e-05,0.07839195979899496,0.702824467163403,0.8573949209204403,2.832327470782504e-05,0.7684244858645451,0.00039944608296443526,8,7,7,5.48125,6.228571428571429,0.8800172018348624,-0.7473214285714285,0.0,0.07310327783482255,0.7827435010492556
caqueta,aji,17,2016,2024,9,1,94.44444444444444,42.1,2.476470588235294,1.588235294117647,1.3235294117647058,1.9823529411764704,0.7901924196097357,1.9568882862099928,0.7060147237299353,0.6944761376204897,0.08348303393213574,0.01340890128345461,0.6580769352724705,0.19273952095808383,0.2176773098539762,0.2106662101544534,0.26408171908014133,0.5445811486371709,0.004385762592821743,9,8,8,2.3444444444444446,2.625,0.8931216931216932,-0.28055555555555545,0.0,0.09339261231882012,0.20793444438942935
san andres y providencia,maiz,19,2012,2024,13,7,73.07692307692307,27.14,1.428421052631579,1.540803621958121,1.1334352009054895,1.006986321948728,1.3589471738569676,1.941148752551479,1.0519193033388268,0.6771764037107787,0.23192888018921787,0.2558950108547358,0.02712527823676518,0.22740983957350566,0.35288147780027024,0.4245855679170346,0.015029184627638865,0.354113241308756,0.04829807916315785,13,6,6,1.026153846153846,2.3000000000000003,0.446153846153846,-1.2738461538461543,16.666666666666664,0.14471266920778147,0.09355481422716007
