departamento,cultivo,n_periodos,anio_inicio,anio_fin,duracion_anios,gaps,completitud_pct,produccion_total,produccion_promedio,area_sembrada_promedio,area_cosechada_promedio,rendimiento_promedio,cv_produccion,std_produccion,cv_area_sembrada,cv_rendimiento,tendencia_produccion_pendiente,tendencia_produccion_r2,tendencia_produccion_pvalue,tendencia_area_pendiente,tendencia_area_r2,mk_tau_produccion,mk_pvalue_produccion,mk_tau_area,mk_pvalue_area,n_periodos_A,n_periodos_B,n_ciclos_completos,produccion_promedio_A,produccion_promedio_B,ratio_AB,diferencia_AB,porcentaje_A_mayor_B,hhi_tiempo_produccion,hhi_espacial_cultivo,escala_cuartiles_prod,es_gran_escala_cuartil,cluster_escala,escala_productiva
cundinamarca,papa,35,2007,2024,18,1,97.2222222222222,24847299.1,709922.8314285714,33907.14200000001,32088.58085714286,21.99533239934339,0.1797438824130037,127604.2859346038,0.1059194084802826,0.0916530140180953,14753.364962264432,0.3788013969904199,8.317845146035106e-05,380.3696426612103,0.3178616670977653,0.4016806722689075,0.0006884392022364,0.3848739495798319,0.001145444500098,18,17,17,717546.3538888888,701850.8664705883,1.0223629950009592,15695.487418300589,58.82352941176471,0.0294681366130666,0.2770636521713945,Q4_gran_escala,1,2,Grande
boyaca,papa,35,2007,2024,18,1,97.2222222222222,15296378.7,437039.3914285715,24816.72942857143,23315.090285714286,18.66627636102037,0.1695609585400864,74104.8181304046,0.1080109595688774,0.0939350594965654,9681.764092641197,0.4836999299107934,3.5284514512310388e-06,148.5213356463978,0.0869987225065598,0.4789915966386554,5.178789682317931e-05,0.1327731092436974,0.2618993766068384,18,17,17,463685.9966666667,408825.3388235294,1.1341909432546646,54860.65784313728,82.35294117647058,0.0293694132526327,0.2770636521713945,Q4_gran_escala,1,2,Grande
casanare,arroz,35,2007,2024,18,1,97.2222222222222,13129716.02,375134.7434285714,75772.73257142857,70298.84685714287,5.450235657148652,0.8838393993205385,331558.8662961729,0.7985761447602255,0.0897500886764106,27423.94954420771,0.1938646537115932,0.0081208441917022,5919.10330753377,0.2711522414732483,0.3310924369747899,0.0051470741915236,0.3915966386554622,0.0009365202233089,18,17,17,483846.1994444443,260028.49588235293,1.8607429843510508,223817.7035620914,82.35294117647058,0.0502529394684929,0.1516991903190055,Q4_gran_escala,1,2,Grande
tolima,arroz,35,2007,2024,18,1,97.2222222222222,12673818.12,362109.0891428571,51910.68942857142,51415.45285714285,7.051455722115086,0.1043456179050962,37784.496655663,0.0769501581754234,0.0825248126851882,-2068.777444508697,0.0849493746188231,0.0893588528804258,-512.1527187402698,0.4658287200627237,-0.1529411764705882,0.1962427773515317,-0.4756302521008403,5.8444363787764376e-05,18,17,17,365449.7483333333,358571.9205882353,1.0191811665950166,6877.82774509798,41.17647058823529,0.0288736263438235,0.1516991903190055,Q4_gran_escala,1,2,Grande
narino,papa,35,2007,2024,18,1,97.2222222222222,11940720.47,341163.44200000004,18275.262857142858,17403.374285714282,19.449127057344903,0.2504608700568685,85448.092514916,0.1834871501723103,0.100326280892553,12852.03343949706,0.6410602852741927,7.710713756567143e-09,493.45695031359816,0.6136487990145734,0.6067226890756303,2.9483823487628704e-07,0.5764705882352941,1.1098359739764944e-06,18,17,17,353548.4966666667,328049.8547058824,1.0777279477341806,25498.641960784327,82.35294117647058,0.0303125240919247,0.2770636521713945,Q4_gran_escala,1,2,Grande
meta,arroz,35,2007,2024,18,1,97.2222222222222,7376378.26,210753.66457142856,41396.00057142857,40793.97485714286,5.213170692973135,0.6678750225458933,140757.10847727247,0.651844545849357,0.1073752621940235,1380.2970208917163,0.0027249864756045,0.7658444030210442,-96.42224011387404,0.0003618341194146,0.1260504201680672,0.2868273292444375,0.0890756302521008,0.4516446963045264,18,17,17,284375.97,132800.63529411764,2.141375072266664,151575.33470588233,82.35294117647058,0.0409517873919861,0.1516991903190055,Q4_gran_escala,1,1,Mediana
meta,maiz,35,2007,2024,18,1,97.2222222222222,4734782.44,135279.49828571427,28127.50342857143,27079.98542857143,4.7592816763006605,0.6928026281326098,93721.99194480374,0.6569472932403313,0.2064092546403546,10777.886341354926,0.3747521225168229,9.302721770476124e-05,2105.384269086489,0.3678741256089149,0.5058823529411764,1.914540705938678e-05,0.5058823529411764,1.914540705938678e-05,18,17,17,139906.78777777782,130380.01529411766,1.0730692695668826,9526.772483660156,58.82352941176471,0.041893197038868,0.09355481422716,Q4_gran_escala,1,1,Mediana
huila,arroz,35,2007,2024,18,1,97.2222222222222,4102634.95,117218.14142857144,16621.826285714287,16066.226285714289,7.291171712365172,0.1594928875421476,18695.459848766703,0.1032411201302185,0.0721937684825719,1150.8677045801642,0.1073837153126702,0.0546437206661236,111.66055276307404,0.119976607107763,0.2235294117647058,0.0589199112477733,0.195122020229612,0.0994486902085335,18,17,17,117269.08111111113,117164.20529411764,1.0008951182379482,104.875816993459,41.17647058823529,0.0292774623346955,0.1516991903190055,Q4_gran_escala,1,1,Mediana
cordoba,maiz,35,2007,2024,18,1,97.2222222222222,3738901.93,106825.76942857142,34565.06428571429,32275.71971428571,3.177210294777986,0.5296659822174221,56581.97609051615,0.4278422165949476,0.1634410695600875,231.56879053422887,0.0004746393671958,0.9011389601986431,-300.72484468365894,0.0117180819981052,0.06890756302521,0.5603924302324661,-0.0756302521008403,0.5227810104666992,18,17,17,143106.61,68410.76176470588,2.0918727742311267,74695.8482352941,82.35294117647058,0.0363580128917745,0.09355481422716,Q4_gran_escala,1,1,Mediana
antioquia,papa,35,2007,2024,18,1,97.2222222222222,3114526.7800000003,88986.47942857143,5121.855047619048,4874.285809523809,18.38869165557777,0.1520730665839451,13532.446811212008,0.1585882075292081,0.1095328137723784,58.6894242545556,0.0005329996991409,0.8952688050509885,-92.05027188391188,0.3639265385167501,-0.0588235294117647,0.6191537066890378,-0.4621848739495798,9.40720599834854e-05,18,17,17,89056.84444444443,88911.97529411764,1.0016293547618031,144.869150326791,64.70588235294117,0.0292132991001863,0.2770636521713945,Q4_gran_escala,1,1,Mediana
norte de santander,arroz,35,2007,2024,18,1,97.2222222222222,3098918.1200000006,88540.51771428573,15606.891428571427,15301.316,5.77965347591252,0.2151598199384689,19050.36184866454,0.1802986228121582,0.132916189334017,1973.1770889491872,0.3040084065759978,0.0005969612294159,311.4549041412749,0.3471623610597447,0.3983193277310924,0.0007633879309194,0.4319327731092437,0.000262477227264,18,17,17,90819.265,86127.72647058824,1.0544718724348758,4691.538529411759,47.05882352941176,0.0298563162742387,0.1516991903190055,Q4_gran_escala,1,1,Mediana
tolima,maiz,35,2007,2024,18,1,97.2222222222222,2791917.9600000004,79769.08457142858,22142.683142857142,21193.72885714285,3.678627888229488,0.3654535307289178,29151.89359964221,0.1986393641791337,0.2399073881632601,3566.5501909760856,0.4241535078835077,2.26549320434587e-05,167.44342526281451,0.0410681366555933,0.5092436974789916,1.684750517899537e-05,0.1865546218487394,0.11494310136854,18,17,17,75980.93722222222,83780.06411764707,0.9069095138853912,-7799.126895424852,35.294117647058826,0.0322782968376782,0.09355481422716,Q4_gran_escala,1,1,Mediana
sucre,arroz,35,2007,2024,18,1,97.2222222222222,2568651.77,73390.05057142855,21838.314285714285,18998.657142857144,3.883747018336873,0.3695475183978602,27121.111063764885,0.2871042780977721,0.1405712146206695,1636.5775619411952,0.1031853767004109,0.0598924326023552,46.16209984727846,0.0015360787593643,0.1899159663865546,0.1085462309037795,0.0050420168067226,0.9660169707693316,18,17,17,75812.13166666667,70825.49411764706,1.070407381002332,4986.637549019608,64.70588235294117,0.0323618143053359,0.1516991903190055,Q4_gran_escala,1,1,Mediana
antioquia,tomate,35,2007,2024,18,1,97.2222222222222,2493321.88,71237.768,937.317099458997,865.7261478651365,75.57965281738417,0.5390818421266623,38402.9872024318,0.361831529507333,0.2843374127695526,6578.717244784488,0.8315959192418906,2.5809272254216126e-14,53.58572572283969,0.7074117369396236,0.7277310924369749,7.786487523919227e-10,0.6672268907563025,1.720679496627679e-08,18,17,17,75929.51666666666,66270.03411764707,1.145759432262724,9659.482549019594,82.35294117647058,0.0366373174737656,0.1189848614782581,Q4_gran_escala,1,1,Mediana
boyaca,cebolla de bulbo,35,2007,2024,18,1,97.2222222222222,2285415.0200000005,65297.572000000015,2671.753714285715,2531.252285714286,25.73868379871405,0.2119651314381201,13840.808431570114,0.158889424272615,0.0880025002861347,535.1143300268376,0.0423574854601844,0.2355770077039773,-0.7618256898417974,9.12616515827278e-05,0.0957983193277311,0.4182381669289249,-0.0437342459135337,0.7119231506921901,18,17,17,69370.95222222221,60984.58117647058,1.1375162522061777,8386.371045751635,64.70588235294117,0.029818443572367,0.3270575890803964,Q4_gran_escala,1,1,Mediana
boyaca,tomate,35,2007,2024,18,1,97.2222222222222,2236432.52,63898.072,886.2237142857143,839.9294285714286,75.36292961479928,0.4452012221418375,28447.499746907128,0.3733756656440113,0.1547977937587964,3424.0367282001102,0.4105334489945365,3.3801783310886807e-05,40.26715433773707,0.4196459615351079,0.3915966386554622,0.0009365202233089,0.5180826054372457,1.21721044238678e-05,18,17,17,65486.22666666667,62216.49647058823,1.0525540713727612,3269.730196078439,52.94117647058824,0.0340726043744358,0.1189848614782581,Q4_gran_escala,1,1,Mediana
bolivar,maiz,35,2007,2024,18,1,97.2222222222222,2187562.73,62501.79228571429,41309.93428571429,34754.96428571428,1.803134567533746,0.2199015596745241,13744.24160608171,0.1351682235443001,0.1563005196783924,1242.6808785196392,0.2316528208749167,0.0034210514465224,-375.6936583485314,0.1282830956343061,0.307563025210084,0.0093533348845003,-0.3109243697478991,0.008607429037984,18,17,17,60478.429444444446,64644.17647058824,0.9355588197795494,-4165.747026143792,41.17647058823529,0.0299135736018022,0.09355481422716,Q4_gran_escala,1,1,Mediana
valle del cauca,maiz,35,2007,2024,18,1,97.2222222222222,2035076.1,58145.03142857144,10497.809714285711,10030.145142857142,5.849278016205986,0.1879801339579929,10930.110796934565,0.2062563850505435,0.0872749767017259,-1483.75060866213,0.5221948865682013,9.492633710280068e-07,-361.11234123630334,0.7881926646910099,-0.5495798319327732,3.419456152141422e-06,-0.734453781512605,5.434125892159657e-10,18,17,17,58804.212222222224,57447.07529411765,1.023624125704508,1357.13692810457,64.70588235294117,0.0295521975885203,0.09355481422716,Q4_gran_escala,1,1,Mediana
boyaca,cebolla de rama,35,2007,2024,18,1,97.2222222222222,2029908.65,57997.39000000001,1544.0600000000002,1448.2571428571428,40.51979646650131,0.243382488107307,14115.549081929848,0.2957251073963371,0.1304850343557572,1523.619825630533,0.3301547885467652,0.0003063369277343,53.147543851845285,0.3839030654806157,0.4676200139985529,7.867648766092089e-05,0.5942769364199763,5.32775988469431e-07,18,17,17,57487.09333333334,58537.70411764706,0.9820524087825132,-1050.6107843137215,47.05882352941176,0.0302155030266027,0.2898795021627748,Q4_gran_escala,1,1,Mediana
meta,soya,34,2007,2024,18,2,94.44444444444444,1901542.29,55927.714411764704,21981.74411764706,22300.45,2.473606503623181,0.7898723744413878,44175.75657950041,0.818287526094947,0.1296999323434991,5228.87357712714,0.3995097364471002,6.078287292356231e-05,1819.5435789243377,0.2917882789263752,0.4153297682709447,0.0005521422366911,0.3832442067736186,0.001436299276138,17,17,16,48415.15,63440.27882352941,0.7631610531642756,-15025.128823529412,37.5,0.0472220122326014,0.8801723533870649,Q4_gran_escala,1,1,Mediana
bolivar,arroz,35,2007,2024,18,1,97.2222222222222,1856370.48,53039.156571428575,15853.710571428572,14436.396,3.609485899941776,0.4443918843828618,23570.1707348548,0.3004600238930831,0.1545930557647149,2439.645858576874,0.3035904060392468,0.0006032584015601,637.4438290111651,0.5074678344495149,0.4521008403361344,0.0001333514946963,0.4890756302521009,3.586565198169301e-05,18,17,17,57396.852222222224,48425.12588235294,1.185270067478312,8971.726339869281,70.58823529411765,0.0340526212202301,0.1516991903190055,Q4_gran_escala,1,1,Mediana
cordoba,arroz,35,2007,2024,18,1,97.2222222222222,1693145.7,48375.591428571424,16587.14857142857,14681.042857142857,3.392869226292494,0.4110906653307726,19886.75406614105,0.3279767213009166,0.1861837504712417,1806.274410242724,0.233775812909684,0.0032561256635395,569.5943774743118,0.3106431642063973,0.334453781512605,0.0047120761564578,0.3983193277310924,0.0007633879309194,18,17,17,49543.75277777778,47138.71470588235,1.0510204422607077,2405.038071895433,82.35294117647058,0.0332619168931847,0.1516991903190055,Q4_gran_escala,1,1,Mediana
cesar,arroz,35,2007,2024,18,1,97.2222222222222,1673522.64,47814.93257142857,9275.69,8983.957142857143,5.295819002696929,0.2631152915739875,12580.83992512198,0.2007191448378473,0.1014706577405912,-380.90203253117454,0.0259756982366891,0.3550015230846327,-96.39483044941656,0.0759621701055058,-0.0789915966386554,0.5044736861420589,-0.2100840336134453,0.07586833499439,18,17,17,46145.11222222223,49582.977647058826,0.9306644016156514,-3437.8654248366,41.17647058823529,0.0304929047562793,0.1516991903190055,Q4_gran_escala,1,1,Mediana
cundinamarca,zanahoria,35,2007,2024,18,1,97.2222222222222,1658778.65,47393.67571428571,1721.258857142857,1639.0460000000005,28.92718909599897,0.2171943630471899,10293.63920922936,0.2225429097709527,0.0677752661975519,-622.613174087748,0.1036713253159795,0.059259703642551,-34.91669513515118,0.2354541149413116,-0.1596638655462184,0.177293272553184,-0.2489487844308843,0.0355511802526913,18,17,17,49978.128888888896,44657.19588235294,1.1191506296220135,5320.933006535954,88.23529411764706,0.029880730861667,0.2585650356001984,Q4_gran_escala,1,1,Mediana
santander,papa,35,2007,2024,18,1,97.2222222222222,1567041.8199999998,44772.62342857142,2416.3214285714284,2271.214285714286,19.50961670817512,0.6715681701970206,30067.86879084597,0.6013959542420564,0.1197161940236198,-2151.650447637265,0.1451102421584002,0.0239663551800542,-85.692010290171,0.098539458371512,-0.2235294117647058,0.0589199112477733,-0.1663865546218487,0.1597414156951522,18,17,17,61691.41888888889,26858.60470588236,2.296895894795969,34832.814183006536,94.11764705882352,0.0410890852616655,0.2770636521713945,Q4_gran_escala,1,1,Mediana
norte de santander,tomate,35,2007,2024,18,1,97.2222222222222,1511443.66,43184.10457142858,1098.4728571428575,1072.626,40.18100358262704,0.2499004211532411,10791.725919525608,0.2266233040894821,0.0876706167558843,-786.3248249633025,0.1504464981355041,0.0213171611697625,-23.73779487863827,0.2576634836501536,-0.2571428571428571,0.0297939349104382,-0.3532381400708493,0.0028580984993712,18,17,17,44641.88166666667,41640.57588235295,1.0720764715837097,3001.305784313721,58.82352941176471,0.0303047408136712,0.1189848614782581,Q4_gran_escala,1,1,Mediana
meta,patilla,31,2007,2024,18,5,86.11111111111111,1414045.02,45614.35548387097,1617.2767741935484,1535.7451612903226,29.57370137917533,0.4726281522769424,21558.62854964555,0.4419102938792476,0.0887911976249168,2479.90097238969,0.3480948239234914,0.0004770297878076,98.49056283337757,0.4996011739366393,0.3806451612903226,0.0023022731289679,0.3659851420646575,0.0038547679585521,18,13,13,49634.69777777778,40047.727692307686,1.2393886154822098,9586.970085470091,84.61538461538461,0.0392313435064947,0.263014574837113,Q4_gran_escala,1,1,Mediana
cauca,papa,35,2007,2024,18,1,97.2222222222222,1355500.7999999998,38728.59428571428,2231.3094285714287,1994.5979999999995,18.89078770689108,0.4141985130671359,16041.326166323232,0.3011877892142594,0.1436093274928013,2261.538411695803,0.5632320004655532,2.0845944052901864e-07,86.775799415803,0.472457608496882,0.4857142857142857,4.056920451811786e-05,0.4857142857142857,4.056920451811786e-05,18,17,17,43504.62666666666,33671.61882352941,1.292026584604422,9833.007843137251,88.23529411764706,0.0333331052079338,0.2770636521713945,Q4_gran_escala,1,1,Mediana
norte de santander,papa,35,2007,2024,18,1,97.2222222222222,1338664.95,38247.57,1969.2,1787.594285714286,21.654507572771347,0.2086084707360883,7978.767087071491,0.2212706455574005,0.1419785108498782,-83.60680722980892,0.0031115130453641,0.7502820249639786,47.75211660216777,0.3403438567708682,-0.0285714285714285,0.8092262462292724,0.411764705882353,0.0005026300645801,18,17,17,38608.42222222222,37865.49117647059,1.0196202669678636,742.9310457516331,52.94117647058824,0.0297792610597035,0.2770636521713945,Q4_gran_escala,1,1,Mediana
huila,maiz,35,2007,2024,18,1,97.2222222222222,1324683.98,37848.11371428571,14419.005714285717,14072.731714285715,2.714914323078673,0.1718481361004093,6504.1277967163405,0.1953865850867932,0.0885288367701481,-467.32719199916977,0.1462931175125041,0.0233525309337366,-388.00050338804624,0.5374825742397805,-0.2672268907563025,0.0239439327880434,-0.5025210084033613,2.1739923315681585e-05,18,17,17,38878.86611111111,36756.72882352942,1.0577346612580831,2122.1372875816887,76.47058823529412,0.0293910861909879,0.09355481422716,Q4_gran_escala,1,1,Mediana
cesar,maiz,35,2007,2024,18,1,97.2222222222222,1257399.09,35925.688285714285,19685.208571428568,17475.174285714285,1.95060162405621,0.4964705195173249,17836.045127226047,0.1691450114220164,0.3103329028929231,1861.538071704996,0.3086786866334306,0.0005307287603443,163.72449549990364,0.0685154976211822,0.2873949579831933,0.0151637298636774,0.1394957983193277,0.2385101430505585,18,17,17,34476.587222222224,37460.03058823529,0.9203566222674135,-2983.443366013067,29.411764705882355,0.0354125887424435,0.09355481422716,Q4_gran_escala,1,1,Mediana
antioquia,zanahoria,35,2007,2024,18,1,97.2222222222222,1219618.71,34846.248857142855,916.0248571428572,879.1005714285715,39.31469724573069,0.2743816452993333,9561.171093932871,0.2433078482154402,0.070983476838199,1111.8628431416162,0.3832129506485413,7.357646753060623e-05,20.409812137656992,0.2376354259648603,0.4453781512605042,0.0001676325231993,0.3666948311211674,0.0019600195220921,18,17,17,35244.517222222225,34424.55294117647,1.0238191700687262,819.9642810457517,70.58823529411765,0.0306609794019785,0.2585650356001984,Q4_gran_escala,1,0,Pequeña
norte de santander,cebolla de bulbo,35,2007,2024,18,1,97.2222222222222,1147415.46,32783.29885714286,1733.3485714285714,1703.311428571429,19.165598141723056,0.2087998377421634,6845.147482024281,0.1631413841823168,0.078169501670832,-114.64932417003988,0.0079494540252321,0.6105168636510332,-8.955783402280447,0.0284228083701091,-0.0621848739495798,0.5992683277904803,-0.1058823529411764,0.3709527086192641,18,17,17,32322.441666666666,33271.26529411765,0.9714821898396891,-948.8236274509836,29.411764705882355,0.0297814780866932,0.3270575890803964,Q4_gran_escala,1,0,Pequeña
antioquia,arroz,35,2007,2024,18,1,97.2222222222222,1106807.08,31623.059428571432,12837.288571428571,11902.037428571428,2.5831484529055544,0.4390952849876995,13885.536291971532,0.2908536491326709,0.1774008955311354,1751.6812988746058,0.4509670324966795,1.0038326611417314e-05,431.5520691546939,0.3785564829858257,0.3983193277310924,0.0007633879309194,0.4050420168067227,0.0006203779967807,18,17,17,33753.602222222224,29367.19058823529,1.1493643602307726,4386.411633986929,82.35294117647058,0.0339227418417523,0.1516991903190055,Q4_gran_escala,1,0,Pequeña
boyaca,zanahoria,35,2007,2024,18,1,97.2222222222222,1104504.2399999998,31557.263999999992,1394.5688571428573,1319.8871428571429,23.692376421899453,0.3498455535003061,11040.16849103528,0.2923119713653104,0.1043296995400741,653.9826738134426,0.0994353954927877,0.0650111713417178,23.04250151980192,0.0905411578839881,0.146218487394958,0.2166353312001357,0.1632998947103051,0.1682598528110337,18,17,17,33008.26388888889,30020.91117647059,1.0995090620287264,2987.352712418302,70.58823529411765,0.0319684285586398,0.2585650356001984,Q4_gran_escala,1,0,Pequeña
cundinamarca,tomate,35,2007,2024,18,1,97.2222222222222,1072266.54,30636.186857142857,939.87350140056,882.1300728291316,35.06755330209736,0.261811007271943,8020.8909400400335,0.1448311836749953,0.2378258562897233,1159.358161262103,0.5920384975823777,6.610705646459348e-08,7.010759877694833,0.0751669861623822,0.5697478991596638,1.477275091262034e-06,0.2325196979779625,0.0499501336128846,18,17,17,30882.132777777777,30375.773529411763,1.0166698388067623,506.35924836601407,52.94117647058824,0.0304739021387571,0.1189848614782581,Q4_gran_escala,1,0,Pequeña
santander,cebolla de rama,35,2007,2024,18,1,97.2222222222222,1064488.31,30413.951714285715,984.9034285714288,954.9548571428572,23.999491645128742,1.1693437958171626,35564.36574338276,0.9248794395508124,0.3878364056847423,2824.789800720609,0.1787730544868122,0.011389980634085,56.068231840220655,0.1073584161159743,0.2638655462184874,0.0257723599025442,0.1786020868526378,0.1321166219498353,18,17,17,52187.23944444444,7359.8823529411775,7.090770876736804,44827.35709150327,88.23529411764706,0.066522781253671,0.2898795021627748,Q4_gran_escala,1,0,Pequeña
arauca,arroz,35,2007,2024,18,1,97.2222222222222,1036432.94,29612.36971428572,7041.428571428572,6429.685714285714,4.51121504597383,0.7416806174256081,21962.920653126806,0.6141668204059009,0.1406566741977734,2049.8928179351465,0.2468550668542608,0.0023963343592925,443.7785240870069,0.2983995946579093,0.3983193277310924,0.0007633879309194,0.4507991501856553,0.0001410227062895,18,17,17,34126.63666666667,24832.557647058828,1.3742699061330332,9294.079019607843,88.23529411764706,0.0438392364906157,0.1516991903190055,Q4_gran_escala,1,0,Pequeña
santander,tomate,35,2007,2024,18,1,97.2222222222222,1023568.75,29244.821428571428,973.8736887465244,899.6876887465244,32.23789926786305,0.27069356197579,7916.38488184591,0.186910798761994,0.1310813808390983,1319.367210829886,0.7871137429402307,1.2662317739846257e-12,23.9486191117702,0.4905088244083144,0.6941176470588235,4.4861480276574534e-09,0.5025210084033613,2.1739923315681585e-05,18,17,17,30481.671111111107,27935.215882352943,1.0911557383154786,2546.4552287581646,82.35294117647058,0.0306051837982324,0.1189848614782581,Q4_gran_escala,1,0,Pequeña
choco,arroz,35,2007,2024,18,1,97.2222222222222,1012875.7,28939.305714285714,9832.394285714285,9048.999999999998,2.996428102104592,0.816188549080938,23619.929942352555,0.3139502021061661,0.6194693069139633,3489.1567419895327,0.6183632513566486,2.15593295679728e-08,369.1297154634285,0.4052078345639405,0.6840336134453782,7.470824316982458e-09,0.4588235294117647,0.0001057562905141,18,17,17,29825.36611111111,28001.124117647058,1.065148884230486,1824.241993464053,76.47058823529412,0.0470608713633704,0.1516991903190055,Q4_gran_escala,1,0,Pequeña
antioquia,maiz,35,2007,2024,18,1,97.2222222222222,885950.18,25312.862285714287,16253.72914285714,15326.818571428572,1.639876194680359,0.3789808386998714,9593.089778934343,0.3032179871800978,0.0808231419238455,-1404.1695878000692,0.6071304719373066,3.508669954270408e-08,-807.3791882033721,0.7604997342403185,-0.5764705882352941,1.1098359739764944e-06,-0.7512605042016806,2.1807520988983647e-10,18,17,17,25893.081666666665,24698.51235294118,1.0483660431306598,1194.5693137254857,76.47058823529412,0.0325577960713929,0.09355481422716,Q4_gran_escala,1,0,Pequeña
cundinamarca,cebolla de bulbo,35,2007,2024,18,1,97.2222222222222,875985.4,25028.154285714285,1302.1171428571429,1220.202857142857,20.484786619106053,0.219872197356637,5502.995278580932,0.189909749180489,0.0812491061227343,-253.25771836958623,0.060018760580455,0.1560598038632859,-1.125827736014113,0.0005873665054734,-0.1092436974789916,0.3559586988465744,0.042016806722689,0.7225627705707576,18,17,17,25337.416666666668,24700.7,1.0257772721690748,636.7166666666672,47.05882352941176,0.0299132152063631,0.3270575890803964,Q4_gran_escala,1,0,Pequeña
sucre,maiz,35,2007,2024,18,1,97.2222222222222,861958.7100000002,24627.39171428572,11825.347142857145,10470.48,2.3447674271195424,0.3928702889758126,9675.370499511964,0.3406203153063287,0.1610961220595221,-165.9246715003781,0.00833386857433,0.6019794506100182,-248.78156813902112,0.108100433269837,-0.0218487394957983,0.8535281829769198,-0.2168067226890756,0.0669536949958006,18,17,17,29263.582222222227,19718.48411764705,1.4840685545413088,9545.098104575169,76.47058823529412,0.032855347081337,0.09355481422716,Q4_gran_escala,1,0,Pequeña
valle del cauca,tomate,35,2007,2024,18,1,97.2222222222222,779676.2300000001,22276.46371428572,843.2301224489796,803.7252653061224,27.414017218586523,0.420607615165546,9369.650277187537,0.1106801296096198,0.3608983523064918,1236.5085226042736,0.493522990879195,2.546939464689136e-06,-4.256019919466384,0.0589298973253485,0.4151260504201681,0.0004519072031468,-0.097561010114806,0.4100724549236459,18,17,17,22725.237222222226,21801.29176470588,1.0423803078958889,923.9454575163436,70.58823529411765,0.0334816049320803,0.1189848614782581,Q4_gran_escala,1,0,Pequeña
narino,tomate,35,2007,2024,18,1,97.2222222222222,756331.25,21609.464285714286,356.7266397515528,337.15206832298134,62.85331543638046,0.3933176828596794,8499.38442069614,0.2749102610417904,0.195565569231928,1200.2875435552985,0.5651393872789174,1.9363902604248425e-07,10.882390616703278,0.3489438577809244,0.6201680672268908,1.6029106021323697e-07,0.4487394957983193,0.0001495699668166,18,17,17,23279.847777777777,19840.82294117647,1.1733307558258663,3439.0248366013075,58.82352941176471,0.0328651095413091,0.1189848614782581,Q4_gran_escala,1,0,Pequeña
cundinamarca,maiz,35,2007,2024,18,1,97.2222222222222,717993.27,20514.09342857143,11855.803850931676,10577.934422360247,1.9843717417820024,0.4984212756943122,10224.66061638088,0.2031162863665074,0.5309846530662958,114.55828492208254,0.0035572560477802,0.733600661926274,-393.98325555428784,0.7585146027766615,-0.2201680672268907,0.0628307079786595,-0.6907563025210084,5.321655484534884e-09,18,17,17,21223.11166666667,19763.36823529412,1.0738610652796363,1459.7434313725537,64.70588235294117,0.0354664556034296,0.09355481422716,Q4_gran_escala,1,0,Pequeña
cundinamarca,lechuga,35,2007,2024,18,1,97.2222222222222,717049.67,20487.13342857143,1175.2517142857143,1110.7179999999998,18.28463856958004,0.2494839730213891,5111.211443579314,0.1816415381042359,0.1155958961835291,-66.54578295746035,0.0048034503575878,0.6923923083380177,-8.836323562119127,0.0485524349881763,-0.0991596638655462,0.4020955799011128,-0.2134453781512605,0.0712968803021869,18,17,17,20823.882222222222,20130.57588235294,1.0344404623057533,693.306339869283,70.58823529411765,0.0302989686489912,0.32357480833283,Q4_gran_escala,1,0,Pequeña
magdalena,maiz,35,2007,2024,18,1,97.2222222222222,691626.37,19760.75342857143,16189.65457142857,13162.72542857143,1.4669447259903343,0.4894683564629249,9672.263503151966,0.2175122442499761,0.3273926965569573,1163.5151143928952,0.4100603165987981,3.426966060057883e-05,-108.23646071497416,0.026770994479809,0.4252100840336134,0.0003269398940245,-0.1596638655462184,0.177293272553184,18,17,17,16517.978888888887,23194.27941176471,0.7121574503629787,-6676.300522875823,11.76470588235294,0.0352209757120568,0.09355481422716,Q4_gran_escala,1,0,Pequeña
tolima,papa,35,2007,2024,18,1,97.2222222222222,626179.45,17890.841428571428,1331.5142857142855,1250.7257142857145,14.712700176951673,0.3564096729726306,6376.468942762334,0.3747811176829767,0.1816371629927982,-444.3656146672006,0.1376196081318103,0.028239386539397,-56.949883605414975,0.3690613280464977,-0.3008403361344537,0.0110202409217485,-0.4285714285714285,0.0002930525201924,18,17,17,20470.58611111111,15159.347058823529,1.3503606739576666,5311.239052287583,70.58823529411765,0.0320970996486592,0.2770636521713945,Q4_gran_escala,1,0,Pequeña
antioquia,repollo,35,2007,2024,18,1,97.2222222222222,590768.33,16879.095142857142,352.4657142857143,332.54285714285714,51.89875332058711,0.4782722096145686,8072.802130268818,0.4963024153198301,0.1092993986985234,-1195.794765357413,0.6217626123686856,1.855375617983918e-08,-28.881675637204765,0.7724638467526138,-0.6235294117647059,1.373698787656893e-07,-0.8151260504201681,5.670380006915891e-12,18,17,17,17030.07777777778,16719.231176470592,1.018592158815571,310.8466013071884,47.05882352941176,0.0349202501393032,0.3206419693269532,Q4_gran_escala,1,0,Pequeña
narino,zanahoria,35,2007,2024,18,1,97.2222222222222,574945.42,16427.012000000002,681.5028571428571,650.3637142857143,24.86732810306134,0.3442733351218446,5655.382207326565,0.2626255033673175,0.1092490030187965,57.55967053660128,0.0029354358902124,0.7572321529344326,7.428173420518068,0.04881067736154,0.0184873949579831,0.8758629604320756,0.1868689516788027,0.114869871005666,18,17,17,16674.112222222222,16165.376470588237,1.0314707023718002,508.7357516339853,58.82352941176471,0.0318610778737805,0.2585650356001984,Q4_gran_escala,1,0,Pequeña
narino,arveja,35,2007,2024,18,1,97.2222222222222,485697.12,13877.060571428572,5922.286571428572,5555.599428571429,2.355168444490801,0.5380425065223106,7466.448453013357,0.3142086053406076,0.3384481049520269,1142.234060021055,0.6631961452668015,2.655788769108366e-09,204.6612693682073,0.3427806224458519,0.6100840336134453,2.534687817172592e-07,0.3579831932773109,0.0024871121299069,18,17,17,14102.803888888891,13638.03823529412,1.0340786296075923,464.7656535947717,58.82352941176471,0.0366062458122804,0.3037951755849065,Q4_gran_escala,1,0,Pequeña
caldas,tomate,35,2007,2024,18,1,97.2222222222222,473580.99,13530.885428571428,335.88731601731604,321.7202445887446,39.13207533714403,0.7526698711913409,10184.289792627647,0.5233655656999668,0.2542568169862615,-1525.5099518111592,0.635811701395929,9.834555957275991e-09,-27.641357752607263,0.7006178025071865,-0.6571428571428571,2.8119413461339563e-08,-0.6504201680672269,3.8860335666800426e-08,18,17,17,14032.84,12999.404117647058,1.0794987118640325,1033.435882352942,58.82352941176471,0.0442950251346713,0.1189848614782581,Q4_gran_escala,1,0,Pequeña
cordoba,patilla,35,2007,2024,18,1,97.2222222222222,450407.28,12868.77942857143,1029.6482857142855,910.554,14.29002077213794,0.3104494697138047,3995.10574946392,0.3234943815628723,0.1551750774085347,-81.29453998191067,0.0117334606201976,0.5356597166183614,-13.842075975268006,0.0489385496612114,-0.0722689075630252,0.5414236472276195,-0.1480236015534987,0.2113535937193953,18,17,17,12449.387777777778,13312.841176470589,0.9351413130189749,-863.4533986928091,29.411764705882355,0.0312464340329386,0.263014574837113,Q4_gran_escala,1,0,Pequeña
valle del cauca,arroz,35,2007,2024,18,1,97.2222222222222,449933.31,12855.237428571429,2123.104,2104.7611428571427,5.983653218762246,0.3488399672238561,4484.420603237746,0.2604831814711946,0.1243301945988977,-691.372940408938,0.6735533496543442,1.5749941560338043e-09,-89.40203253117447,0.740547288192255,-0.5630252100840336,1.960249268089081e-06,-0.6156436155520518,2.011752366643032e-07,18,17,17,12686.483333333334,13033.918235294115,0.9733437869036208,-347.43490196078346,52.94117647058824,0.0319489281411536,0.1516991903190055,Q4_gran_escala,1,0,Pequeña
cundinamarca,habichuela,35,2007,2024,18,1,97.2222222222222,442611.62,12646.046285714285,1433.6371428571429,1347.5422857142855,9.365849301742175,0.2369857183551577,2996.932363372573,0.1922934850431076,0.1142638384834477,-72.46120190382996,0.0165659790082297,0.4612005249763309,-12.854426701066089,0.0616109234497333,-0.0655462184873949,0.5796775023571927,-0.2691338210063614,0.023058844195139,18,17,17,12868.839999999998,12410.14705882353,1.0369611205251867,458.6929411764686,47.05882352941176,0.0301302170154665,0.2623441076903596,Q4_gran_escala,1,0,Pequeña
huila,frijol,35,2007,2024,18,1,97.2222222222222,428442.03,12241.200857142856,10757.040571428572,10396.467428571428,1.2097006074170955,0.1320787418158738,1616.802407526825,0.202051380045256,0.1543870630160287,-208.58384502468755,0.4716364554484065,5.223941470959567e-06,-340.2913503254601,0.6946283241990597,-0.4756302521008403,5.8444363787764376e-05,-0.6571428571428571,2.8119413461339563e-08,18,17,17,12377.042222222222,12097.368823529412,1.023118531208939,279.6733986928102,64.70588235294117,0.0290556106100804,0.0999856046495873,Q4_gran_escala,1,0,Pequeña
narino,lechuga,34,2007,2024,18,2,94.44444444444444,420850.36,12377.951764705882,400.9705882352941,391.8176470588235,31.34569008276476,0.6870480151354208,8504.247191383156,0.6503785967262783,0.1098656726308408,1531.838778473923,0.8711773735127545,8.588627915259674e-16,48.5824057093067,0.9318644308175442,0.7718360071301248,1.371868620455324e-10,0.8395721925133691,2.9035972499794722e-12,17,17,16,12317.678823529412,12438.224705882354,0.9903084334618965,-120.5458823529425,31.25,0.0428868115729673,0.32357480833283,Q4_gran_escala,1,0,Pequeña
santander,maiz,35,2007,2024,18,1,97.2222222222222,419372.76000000007,11982.078857142858,6348.902571428572,5853.063714285715,2.048381454060421,0.4038122960204389,4838.510774400815,0.3863305150163125,0.1439731827667638,-518.7047569058318,0.3256694044410616,0.0003440170092262,-288.7746924069216,0.3927921791046738,-0.307563025210084,0.0093533348845003,-0.4285714285714285,0.0002930525201924,18,17,17,13510.354444444443,10363.904705882353,1.303596938398732,3146.4497385620925,82.35294117647058,0.0330972968115821,0.09355481422716,Q4_gran_escala,1,0,Pequeña
huila,tomate,35,2007,2024,18,1,97.2222222222222,398207.16,11377.34742857143,676.7282857142858,651.5305714285714,17.41783333239038,0.168501883063148,1917.1044659779511,0.1130656525821193,0.0882013088396198,-75.1047954569044,0.0434914313347175,0.2292702277471991,-6.077097400768057,0.1787566763767013,-0.0756302521008403,0.5227810104666992,-0.267677146999366,0.0239155486708648,18,17,17,11839.962222222222,10887.52,1.0874801811819608,952.442222222222,70.58823529411765,0.0293594759806188,0.1189848614782581,Q4_gran_escala,1,0,Pequeña
arauca,maiz,35,2007,2024,18,1,97.2222222222222,395742.03,11306.915142857142,7826.485714285714,7615.271428571428,1.470602915492337,0.3587569250513608,4056.434108468096,0.3022157105907255,0.113199493891767,-644.945431104785,0.7163363878234639,1.5076660692187478e-10,-367.9386889669796,0.6857142395910312,-0.6840336134453782,7.470824316982458e-09,-0.680672268907563,8.841323591712908e-09,18,17,17,12089.038333333334,10478.784705882354,1.1536679751180543,1610.2536274509805,76.47058823529412,0.0321436914802109,0.09355481422716,Q4_gran_escala,1,0,Pequeña
cordoba,algodon,20,2007,2024,18,16,55.55555555555556,387741.13,19387.0565,11025.37,10257.07,1.6396549724195784,0.9742160977252192,18887.182529808342,0.7455425751900349,0.3798847394130903,-3120.5085251275327,0.8765778838425601,1.3073921492232015e-09,-1355.0838048800474,0.872720509796804,-0.768421052631579,1.0352946382857873e-07,-0.7263157894736842,8.334889271753901e-07,3,17,3,5989.400000000001,21751.34882352941,0.2753576363743014,-15761.948823529408,100.0,0.0950821077406803,0.3480800845750301,Q4_gran_escala,1,0,Pequeña
tolima,frijol,35,2007,2024,18,1,97.2222222222222,364199.61,10405.703142857144,7970.374285714285,7373.571428571428,1.409511271113849,0.2502827932268728,2604.368448083936,0.2169618289749359,0.1403273010742186,73.77361594235131,0.0227382592524692,0.3872259872888256,-35.18925907803628,0.0117342698078107,0.0252100840336134,0.831310207979425,-0.1495798319327731,0.2062560673413532,18,17,17,10972.50111111111,9805.564117647058,1.1190076347942,1166.9369934640526,88.23529411764706,0.030310049146045,0.0999856046495873,Q4_gran_escala,1,0,Pequeña
antioquia,frijol,35,2007,2024,18,1,97.2222222222222,359781.23,10279.463714285714,7546.235142857142,7211.6237142857135,1.4339822390778036,0.2916608376624997,2998.116997629841,0.3002774917235796,0.0857735479845949,-399.6750457423306,0.5035896975383612,1.812244049439438e-06,-349.9089084115476,0.6757152112371368,-0.5563025210084034,2.593041861684119e-06,-0.626890756302521,1.1763427238981205e-07,18,17,17,10865.849444444444,9658.584705882353,1.124993958776055,1207.264738562093,82.35294117647058,0.0309324453091295,0.0999856046495873,Q4_gran_escala,1,0,Pequeña
vichada,maiz,35,2007,2024,18,1,97.2222222222222,341394.79,9754.136857142856,2089.435142857142,2029.8971428571424,2.595061425962535,2.388168203054926,23294.51949047468,1.8180582658236013,0.5855874772890962,115.6285028839168,0.0006982038119737,0.8802339306063254,9.236666370119964,0.0001675394373076,-0.0470984186761132,0.6908659331698086,-0.0336417276257951,0.7763664793371188,18,17,17,7092.806666666666,12572.01588235294,0.5641741732622755,-5479.209215686274,52.94117647058824,0.1868684166912719,0.09355481422716,Q4_gran_escala,1,0,Pequeña
antioquia,pimenton,35,2007,2024,18,1,97.2222222222222,339832.05000000005,9709.487142857144,238.95514285714287,223.5358095238095,42.66834956234859,0.4388871735734589,4261.369368976411,0.25716780894086,0.3176567524963684,482.1734027252644,0.3628006568082051,0.0001289524774549,8.61726035318714,0.5572272915540811,0.4789915966386554,5.178789682317931e-05,0.5155871563859168,1.3804150070189631e-05,18,17,17,10174.82,9216.781764705882,1.1039449842419795,958.0382352941178,58.82352941176471,0.0339176704802679,0.2091419586284787,Q4_gran_escala,1,0,Pequeña
narino,cebolla de rama,25,2007,2024,18,11,69.44444444444444,338394.7,13535.788,900.4580000000001,858.1519999999999,14.202143567795044,0.6514628129601847,8818.062526112713,0.4009284168736531,0.3874751094399125,1171.9851509487116,0.5748718275174504,1.12843612577149e-05,42.86530740276038,0.4588010894876565,0.4799999999999999,0.0005531229581787,0.3933333333333332,0.0054125473270372,18,7,7,12254.816666666668,16829.714285714286,0.728165461315587,-4574.897619047619,71.42857142857143,0.0562971057921278,0.2898795021627748,Q4_gran_escala,1,0,Pequeña
narino,maiz,35,2007,2024,18,1,97.2222222222222,337511.57,9643.187714285714,6973.082571428572,6409.693428571428,1.5832300198622054,0.4362622385834482,4206.9586593146905,0.5096607318881426,0.1771698062437657,-458.4501399700489,0.3365175000430874,0.0002595567404307,-397.9913612976885,0.3553818561396336,-0.4722689075630252,6.590568456431206e-05,-0.4991596638655462,2.466697897039144e-05,18,17,17,12181.716111111113,6955.3341176470585,1.7514206945434423,5226.381993464054,100.0,0.0338539111736086,0.09355481422716,Q4_gran_escala,1,0,Pequeña
cauca,maiz,35,2007,2024,18,1,97.2222222222222,327026.10000000003,9343.602857142858,5297.634285714285,4630.76,2.0185685594572864,0.3882506869839401,3627.660228190821,0.2957711691291322,0.2231064809843234,353.3385451418235,0.2688368196272891,0.0014184623172677,108.90919665495308,0.1369031396667815,0.3714285714285714,0.0016980538458933,0.2168067226890756,0.0669536949958006,18,17,17,9617.858888888888,9053.214117647058,1.062369536819105,564.6447712418303,70.58823529411765,0.0327551936833298,0.09355481422716,Q4_gran_escala,1,0,Pequeña
la guajira,maiz,35,2007,2024,18,1,97.2222222222222,318821.63,9109.189428571428,6737.1957142857145,5415.604285714287,1.6038141667738697,0.6739239807280383,6138.901200908621,0.5658918911787275,0.1557955672936087,168.15973325623122,0.0212629077502498,0.4032548518888029,38.4869749269754,0.0028877673911165,0.2067226890756302,0.0806761765691954,0.1663865546218487,0.1597414156951522,18,17,17,4909.915,13555.48,0.3622088631313683,-8645.564999999999,0.0,0.0411770612907845,0.09355481422716,Q4_gran_escala,1,0,Pequeña
antioquia,lechuga,35,2007,2024,18,1,97.2222222222222,308883.79000000004,8825.251142857143,354.74114285714285,332.86285714285714,26.294620550705904,0.4368250881012173,3855.091107993941,0.4214822785712655,0.1070611936030889,694.42580060199,0.91948008464354,1.2704178862263309e-19,20.339402458372263,0.5243901710274861,0.8319327731092436,2.069649255260139e-12,0.702021196847394,3.1575205700434873e-09,18,17,17,8901.269444444444,8744.761176470587,1.0178973747613569,156.50826797385707,47.05882352941176,0.0338675504965041,0.32357480833283,Q4_gran_escala,1,0,Pequeña
tolima,tomate,35,2007,2024,18,1,97.2222222222222,299706.92,8563.054857142857,362.2214285714286,340.8428571428572,26.024667604882044,0.5284408724855195,4525.068179849937,0.259990294993154,0.5649712347176067,458.3041258544254,0.2906813730145079,0.000832039217659,-9.230116542858417,0.2722148045441445,0.4205215953224397,0.000384184612857,-0.4326605457788495,0.0002617258792827,18,17,17,8802.197777777777,8309.844705882353,1.0592493709956936,492.3530718954244,58.82352941176471,0.036322034036123,0.1189848614782581,Q4_gran_escala,1,0,Pequeña
cesar,ahuyama,34,2007,2024,18,2,94.44444444444444,283039.68000000005,8324.696470588236,768.1,641.2323529411765,13.376816559404745,0.6573578227925082,5472.304347314361,0.5461793774610814,0.4415585972230059,440.8536924487921,0.1892065497902423,0.0101434211844786,47.25682971568324,0.3699224825220621,0.3603926500857133,0.0027456484658121,0.4638717278330964,0.0001158342854056,18,16,16,9550.233333333334,6945.9675,1.3749320499028157,2604.265833333334,81.25,0.0417473504646667,0.0821380302774234,Q4_gran_escala,1,0,Pequeña
norte de santander,maiz,35,2007,2024,18,1,97.2222222222222,282465.53,8070.443714285715,3901.280857142857,3737.511142857143,2.2563190547456347,0.4056937591772763,3274.1286486771924,0.1960050101036263,0.4562672744073512,161.80278739083383,0.0692054730156551,0.1267972900217618,-120.37175333244372,0.702199179581804,0.1663865546218487,0.1597414156951522,-0.6705882352941177,1.4585321461342364e-08,18,17,17,7920.311666666667,8229.40705882353,0.9624401381597169,-309.09539215686254,47.05882352941176,0.0331395693812271,0.09355481422716,Q4_gran_escala,1,0,Pequeña
quindio,tomate,35,2007,2024,18,1,97.2222222222222,281242.26,8035.493142857143,147.5409285714286,139.74235714285714,57.16411530189714,0.4996652496276267,4015.056687106797,0.3826036794235199,0.3109294903269567,-15.624914668683166,0.0004291527196989,0.905973313274298,1.283462479427072,0.0146488309810529,0.0621848739495798,0.5992683277904803,0.1262628051883802,0.2867301136482111,18,17,17,8410.017777777779,7638.937647058824,1.10094075463698,771.0801307189549,52.94117647058824,0.0355009161610652,0.1189848614782581,Q4_gran_escala,1,0,Pequeña
boyaca,maiz,35,2007,2024,18,1,97.2222222222222,277013.58,7914.673714285715,6078.529714285713,5553.300000000001,1.4326728571341396,0.5151110807566084,4076.936130801634,0.4956987834604048,0.093388547627232,-335.3346375457794,0.1917118410197513,0.0085241999423422,-277.2711627596637,0.2399587198738247,-0.2403361344537815,0.0422748016420176,-0.280672268907563,0.0177093767764639,18,17,17,10619.441111111111,5050.802352941176,2.1025255729769774,5568.638758169936,82.35294117647058,0.0359359514021389,0.09355481422716,Q4_gran_escala,1,0,Pequeña
magdalena,arroz,35,2007,2024,18,1,97.2222222222222,273857.69,7824.505428571429,1549.3714285714286,1458.0857142857142,5.3690015424371165,0.4589078776261672,3590.7271797001385,0.4326353483703687,0.0962131381053432,111.60525806977748,0.0273756485813286,0.3421784593442812,14.699212668475608,0.0136267717943956,0.1226890756302521,0.2998735756923991,0.1547519470786578,0.191327013459172,18,17,17,8400.378888888888,7214.757058823529,1.16433288333879,1185.621830065359,52.94117647058824,0.034416554257151,0.1516991903190055,Q4_gran_escala,1,0,Pequeña
cundinamarca,frijol,35,2007,2024,18,1,97.2222222222222,270928.47,7740.813428571428,4925.819428571428,4322.024571428572,1.8025424941106507,0.4477237852036809,3465.746288795483,0.4023370255202371,0.2352636291485453,298.6541955429029,0.2104280496235903,0.0055779843037591,119.09069643995674,0.1023242610195431,0.3109243697478991,0.008607429037984,0.2369747899159663,0.0452415222584965,18,17,17,5952.250555555555,9634.585882352942,0.6178003526293656,-3682.335326797386,17.647058823529413,0.0341351216216014,0.0999856046495873,Q4_gran_escala,1,0,Pequeña
antioquia,remolacha,35,2007,2024,18,1,97.2222222222222,263956.55,7541.615714285714,267.78142857142853,265.0,26.97203748670164,0.5689745287869471,4290.987247327949,0.5008565863210738,0.1542360118869164,152.6127826460864,0.0358448937811604,0.2760272717744755,3.085650845899501,0.0149991207457769,-0.0523655372489913,0.6594811340114302,-0.0322045462914583,0.7870555406955099,18,17,17,7798.333333333333,7269.797058823529,1.072703030116681,528.5362745098037,58.82352941176471,0.0375566436652107,0.5121386892145101,Q4_gran_escala,1,0,Pequeña
bolivar,ahuyama,35,2007,2024,18,1,97.2222222222222,256919.46,7340.556,850.0428571428571,711.1857142857143,9.76148757059902,0.96285403359263,7067.883953412581,0.8721894057240202,0.2410482590730082,841.6989907032605,0.4018784472041227,4.33976405551015e-05,96.5461871506309,0.4805370949094802,0.5180826054372457,1.21721044238678e-05,0.5025210084033613,2.1739923315681585e-05,18,17,17,10275.389444444443,4233.085294117647,2.4273995751333586,6042.304150326798,88.23529411764706,0.054302847559339,0.0821380302774234,Q4_gran_escala,1,0,Pequeña
casanare,maiz,35,2007,2024,18,1,97.2222222222222,255101.56,7288.616,2393.8942857142856,2223.5514285714285,2.7256678519834754,1.4008849076032055,10210.512151715246,0.5568175744015604,0.4283367906554869,890.9885426211769,0.2157789666902978,0.0049353294854691,105.641725605326,0.1779897905780398,0.3142857142857143,0.0079151545413581,0.2302521008403361,0.0517032649421015,18,17,17,5024.292222222222,9686.135294117648,0.5187096886075353,-4661.843071895426,70.58823529411765,0.0830402202676857,0.09355481422716,Q4_gran_escala,1,0,Pequeña
santander,arroz,35,2007,2024,18,1,97.2222222222222,248394.21,7096.977428571428,1321.5974285714285,1224.5545714285715,5.5129315095349805,0.8322347193861613,5906.351018757064,0.6154739533638492,0.1898179142484612,660.2530407900006,0.3541132976355746,0.0001629456521312,87.05109247809267,0.3245567516370102,0.4151260504201681,0.0004519072031468,0.4487394957983193,0.0001495699668166,18,17,17,6167.022777777778,8081.635294117648,0.7630909529246571,-1914.61251633987,52.94117647058824,0.0477950182507427,0.1516991903190055,Q4_gran_escala,1,0,Pequeña
tolima,algodon,21,2007,2024,18,15,58.333333333333336,245010.25000000003,11667.154761904763,5079.362843439534,4756.963795820487,2.1613699465011607,0.868805181646085,10136.484512209654,0.6194587921608204,0.3094620936654896,-1549.037693911135,0.7602350546546137,2.618340938627369e-07,-455.0556736504377,0.680901656215545,-0.7333333333333334,2.630991197352243e-07,-0.6857142857142857,2.402167297910013e-06,18,3,3,12875.622222222222,4416.349999999999,2.915444251977815,8459.272222222222,0.0,0.0818513579888928,0.3480800845750301,Q4_gran_escala,1,0,Pequeña
choco,maiz,35,2007,2024,18,1,97.2222222222222,244139.75,6975.421428571429,5512.338,5136.855428571428,1.447682374456921,0.6702420064595,4675.220454186307,0.4080543214003211,0.6706525241576639,3.543614607891123,1.6279786358621178e-05,0.9816474994009988,-165.06324763133318,0.15259947969128,-0.1193277310924369,0.3133096588729015,-0.3008403361344537,0.0110202409217485,18,17,17,7344.085555555556,6585.071176470588,1.1152628967469684,759.0143790849679,64.70588235294117,0.041039696167818,0.09355481422716,Q4_gran_escala,1,0,Pequeña
sucre,patilla,34,2007,2024,18,2,94.44444444444444,241816.6,7112.252941176471,834.2426470588235,721.7573529411765,9.282251566727115,1.012172011597538,7198.823366461094,0.9013709426542168,0.4263982230929199,443.7640079486393,0.110781898251171,0.0544274410568311,51.095811678385786,0.1346066170992043,0.0338680926916221,0.7782008366091302,0.0659536541889483,0.5833456068433199,18,16,16,11343.905555555555,2351.64375,4.823819745467635,8992.261805555554,81.25,0.0586576487673238,0.263014574837113,Q4_gran_escala,1,0,Pequeña
cundinamarca,arroz,35,2007,2024,18,1,97.2222222222222,235481.67,6728.0477142857135,1215.7285714285715,1179.9257142857143,5.823108396206101,0.8647772406314577,5818.262537196785,0.776948749438959,0.2086629232970411,-825.3664277982892,0.5702521019662732,1.586599622237555e-07,-142.37020150349187,0.6437839303615605,-0.6033613445378151,3.426918383154868e-07,-0.6784521398788963,1.0384167801837348e-08,18,17,17,8457.076111111111,4897.3117647058825,1.726881300892433,3559.764346405229,82.35294117647058,0.049327795086597,0.1516991903190055,Q4_gran_escala,1,0,Pequeña
cauca,tomate,35,2007,2024,18,1,97.2222222222222,234106.89,6688.768285714285,200.11630757425235,186.5862774990644,34.2541611285798,0.7994228120619558,5347.1539521965415,0.3241428215358047,0.4375999092487068,186.36211719526128,0.0344215020855993,0.2859500904083678,2.0346557053001764,0.0278807213630825,0.2134453781512605,0.0712968803021869,0.1428571428571428,0.2273852697037324,18,17,17,7303.795,6037.563529411764,1.2097255729765557,1266.2314705882363,52.94117647058824,0.0463090712678624,0.1189848614782581,Q4_gran_escala,1,0,Pequeña
cundinamarca,repollo,35,2007,2024,18,1,97.2222222222222,230450.57,6584.302000000001,258.02428571428567,226.5837142857143,29.43543664488096,0.6301438415295344,4149.057356070597,0.6919718750672968,0.1111645591222708,-619.0342176356332,0.630798072521355,1.2368188759842993e-08,-28.34613970315674,0.7142491209836899,-0.7210084033613445,1.1122035464036927e-09,-0.8390928231378646,1.500386974033291e-12,18,17,17,6820.02,6334.718235294119,1.076609842250284,485.3017647058805,82.35294117647058,0.039592459489468,0.3206419693269532,Q4_gran_escala,1,0,Pequeña
caldas,maiz forrajero,17,2007,2016,10,3,85.0,227808.0,13400.470588235294,269.94117647058823,235.94117647058823,55.62691990585287,0.5797177087219346,7768.490105207439,0.3813498116487202,0.504771967414815,-1545.212879314338,0.3139688438700566,0.0193102789322735,-13.122538800092652,0.1289536190371303,-0.447811075519899,0.0131386714814197,-0.2078876786025711,0.2808745767264525,10,7,7,13841.6,12770.285714285714,1.083891175944156,1071.3142857142866,57.14285714285714,0.0774296261207368,1.0,Q4_gran_escala,1,0,Pequeña
antioquia,cebolla de rama,25,2007,2024,18,11,69.44444444444444,225477.57,9019.1028,417.1248000000001,400.3452,22.845776973517093,0.2194518531385151,1979.258823106771,0.2041370278276035,0.1809109864406982,177.79155294117638,0.2429090397624237,0.0123084969956601,1.938930103806228,0.0156090085812258,0.3933333333333332,0.0054125473270372,0.0133333333333333,0.9447431182315827,18,7,7,9368.020555555557,8121.885714285714,1.1534292509285125,1246.1348412698426,100.0,0.0418493100484836,0.2898795021627748,Q4_gran_escala,1,0,Pequeña
cauca,arroz,35,2007,2024,18,1,97.2222222222222,223959.08,6398.830857142858,1264.0,1202.942857142857,5.259386717934513,0.3299039451873148,2110.9995443577563,0.2393611351166396,0.125075554195696,128.7689973755616,0.1054402125043003,0.0570130811186056,19.29584982874428,0.1152620461596099,0.2436974789915966,0.0394743509145027,0.2033613445378151,0.0857285511995806,18,17,17,6685.268333333334,6095.544117647059,1.0967467717900654,589.7242156862758,52.94117647058824,0.0315921998724124,0.1516991903190055,Q4_gran_escala,1,0,Pequeña
narino,cebolla de bulbo,35,2007,2024,18,1,97.2222222222222,222764.05,6364.687142857142,414.3782857142857,404.82,13.938564678904024,0.8409543259670217,5352.411186212397,0.6764319702352104,0.243475399594686,863.1212016072834,0.7368932075010988,4.3007184198376566e-11,42.84569221416606,0.6621128565465131,0.6941176470588235,4.4861480276574534e-09,0.6492853431778469,4.198181229015892e-08,18,17,17,7090.325555555555,5596.364117647059,1.2669521508076245,1493.961437908496,64.70588235294117,0.0481999527055755,0.3270575890803964,Q4_gran_escala,1,0,Pequeña
risaralda,tomate,35,2007,2024,18,1,97.2222222222222,218062.82,6230.366285714286,124.58285714285714,120.586,50.58954740047227,0.5654648206124206,3523.0529541011024,0.4538308539289214,0.251172503587285,-134.63688581468796,0.0413856420126064,0.241143736459265,-5.8492519609151445,0.3032885202037595,-0.0386554621848739,0.7439455285232186,-0.2825905120566795,0.0170289901958036,18,17,17,6524.302777777778,5919.139411764706,1.102238403915655,605.1633660130719,70.58823529411765,0.0374461353093127,0.1189848614782581,Q4_gran_escala,1,0,Pequeña
la guajira,arroz,35,2007,2024,18,1,97.2222222222222,207225.42,5920.726285714285,1079.428571428571,1010.1485714285714,6.001471563733476,0.2406004978912404,1424.5296922206117,0.2731157461445632,0.1432591411910055,-89.63508429340332,0.1121948633509812,0.0491962352587562,-34.046750589386605,0.3779461835850601,-0.2052145385173505,0.0831402111235917,-0.4306141136101782,0.0002769760281649,18,17,17,5820.819444444443,6026.51,0.9658690426871346,-205.6905555555568,41.17647058823529,0.0301781325599244,0.1516991903190055,Q4_gran_escala,1,0,Pequeña
valle del cauca,melon,35,2007,2024,18,1,97.2222222222222,203782.00000000003,5822.342857142858,198.1045714285714,192.98171428571428,29.99614415727856,0.6721643232902141,3913.571146535041,0.6774924316612075,0.1065116507534106,-676.028980027579,0.8455593256780535,6.139739802714328e-15,-22.15913912489065,0.772445417143285,-0.7949579831932774,1.8515134657569044e-11,-0.7861964003063142,3.2802627935777785e-11,18,17,17,6310.194444444444,5305.794117647059,1.189302544449803,1004.4003267973858,70.58823529411765,0.0411113190490959,0.1195484664930085,Q4_gran_escala,1,0,Pequeña
atlantico,maiz,35,2007,2024,18,1,97.2222222222222,194894.75,5568.421428571429,4818.185714285714,3787.8785714285714,1.444251625059563,0.4959618941152887,2761.724838946448,0.2720071327807223,0.3610889114423513,327.6838337559125,0.3989414330322474,4.720288892591286e-05,-3.7738164079296537,0.0002349599297311,0.4184873949579831,0.000405993979647,-0.015126050420168,0.898297050215243,18,17,17,6097.263333333333,5008.471176470588,1.2173901213563547,1088.7921568627453,76.47058823529412,0.0353985786237473,0.09355481422716,Q4_gran_escala,1,0,Pequeña
narino,frijol,35,2007,2024,18,1,97.2222222222222,189685.38,5419.582285714286,5518.6254285714285,4987.143142857143,1.114666787532126,0.3083315244418482,1671.0280679923217,0.2970848697588614,0.2117964207700308,-15.441722788132214,0.0024198248769731,0.7789997034205789,-167.1044182494848,0.2943831072873568,-0.0386554621848739,0.7439455285232186,-0.4252100840336134,0.0003269398940245,18,17,17,6002.111666666667,4802.786470588235,1.2497144529374715,1199.325196078432,82.35294117647058,0.0312100597426918,0.0999856046495873,Q4_gran_escala,1,0,Pequeña
norte de santander,frijol,35,2007,2024,18,1,97.2222222222222,186029.55,5315.13,3018.228571428571,2961.944285714286,1.808697233259972,0.127512501657586,677.7455229352854,0.1171070604991343,0.1321185489386463,32.571334311937505,0.0654482003066533,0.1379822474534136,-40.67668253191584,0.3753017275071273,0.146218487394958,0.2166353312001357,-0.3983193277310924,0.0007633879309194,18,17,17,5266.281111111111,5366.852352941176,0.9812606654299052,-100.57124183006454,52.94117647058824,0.0290227109344368,0.0999856046495873,Q4_gran_escala,1,0,Pequeña
cundinamarca,arveja,35,2007,2024,18,1,97.2222222222222,183626.96,5246.484571428571,3108.9357142857148,2910.793714285714,1.80763546343794,0.2373405849584958,1245.2037171585805,0.1870443300968201,0.1859120115513154,27.62066604391859,0.0139427166079764,0.4993163670366392,-69.80357412926472,0.4083218911103944,-0.0554621848739495,0.6393217922234354,-0.3936082132218035,0.0008890490306585,18,17,17,5403.276666666667,5080.469411764706,1.0635388639786798,322.80725490196073,70.58823529411765,0.0301348888254097,0.3037951755849065,Q4_gran_escala,1,0,Pequeña
caqueta,maiz,35,2007,2024,18,1,97.2222222222222,182993.92,5228.397714285714,4393.957142857143,3980.7085714285713,1.366242318561503,0.4537721054525667,2372.501038954816,0.5016863676200176,0.2461595139158031,99.12682502261173,0.0494685855824583,0.1990733795534755,-50.06634491348252,0.0146175794757048,0.1226890756302521,0.2998735756923991,-0.1764705882352941,0.1359220216538575,18,17,17,6422.522222222223,3964.030588235295,1.6201999654804375,2458.4916339869283,82.35294117647058,0.0342864573104923,0.09355481422716,Q4_gran_escala,1,0,Pequeña
valle del cauca,pimenton,35,2007,2024,18,1,97.2222222222222,182126.84,5203.623999999999,316.12428571428575,301.2607142857143,17.19982230196071,0.2771816835802662,1442.349261038679,0.2496176660713011,0.0575556782188214,196.71278294263303,0.5270893187823682,7.97583348092479e-07,9.392535177853892,0.4014756642581312,0.4655462184873949,8.36145204950467e-05,0.3653203830117134,0.0020538530661537,18,17,17,5154.629999999999,5255.5,0.9808067738559604,-100.8700000000008,41.17647058823529,0.0307038443381398,0.2091419586284787,Q4_gran_escala,1,0,Pequeña
cesar,patilla,35,2007,2024,18,1,97.2222222222222,181714.9,5191.854285714286,505.7865714285714,446.82,11.804883864415617,0.5431786817848112,2820.1045669331083,0.5137250469947056,0.1813628219181076,234.60469878267577,0.1961114324166067,0.0077195966632009,12.705400708746652,0.0677548808599038,0.280672268907563,0.0177093767764639,0.1581161198412373,0.1818536831085776,18,17,17,6459.272222222222,3849.8823529411766,1.6777843139252195,2609.3898692810453,94.11764705882352,0.0367603793728542,0.263014574837113,Q4_gran_escala,1,0,Pequeña
risaralda,cebolla de rama,30,2007,2024,18,6,83.33333333333334,178638.48999999996,5954.6163333333325,177.34633333333335,175.30633333333336,33.41874246368281,0.8196247828716255,4880.551119292168,0.8025294419037188,0.2138450168121656,-247.07292376643684,0.0696695222787295,0.158710594620041,-11.640151367806851,0.1818365301788678,0.0920598998491251,0.47537878657305,0.0277461282762545,0.8303420157660484,18,12,12,6937.571111111111,4480.184166666667,1.5485013233892977,2457.3869444444445,41.66666666666667,0.0549797319513593,0.2898795021627748,Q4_gran_escala,1,0,Pequeña
la guajira,ahuyama,35,2007,2024,18,1,97.2222222222222,178395.94999999998,5097.027142857142,792.2114285714287,658.0857142857143,7.323751773903543,0.8941623303426292,4557.569667876775,0.6972982018266275,0.2585838662513603,676.4636893376633,0.6242840955025553,1.6584306022846126e-08,84.31919102056554,0.6602273156040489,0.6504201680672269,3.8860335666800426e-08,0.6560136887030059,3.0400034135703934e-08,18,17,17,3537.327777777778,6748.4735294117645,0.5241670968050921,-3211.1457516339865,5.88235294117647,0.0507623618629615,0.0821380302774234,Q4_gran_escala,1,0,Pequeña
santander,ahuyama,35,2007,2024,18,1,97.2222222222222,166311.48000000004,4751.756571428573,258.95057142857144,233.23342857142856,21.39655898139073,0.5033805586528203,2391.941877507925,0.4266118960984868,0.3002259396083513,107.9501244013464,0.0577171625920516,0.1644858327347243,12.840294174339816,0.3828337345058556,0.1899159663865546,0.1085462309037795,0.3633306583585879,0.0021562739687063,18,17,17,5042.179999999999,4444.249411764707,1.1345402862972689,597.9305882352928,70.58823529411765,0.03560434902221,0.0821380302774234,Q4_gran_escala,1,0,Pequeña
magdalena,aji,35,2007,2024,18,1,97.2222222222222,162607.18000000002,4645.919428571429,689.3594285714287,564.2099999999999,7.8904084783754,0.5303983155518653,2464.187839103971,0.2889243425477621,0.2305064893480499,190.4909144017912,0.1693404994647973,0.0140484579821058,4.69183962753733,0.0157248508194872,0.2403361344537815,0.0422748016420176,0.0319327731092436,0.7872931892354373,18,17,17,4769.197777777777,4515.389411764706,1.0562096295286918,253.80836601307143,64.70588235294117,0.0363795597443009,0.2079344443894293,Q4_gran_escala,1,0,Pequeña
magdalena,ahuyama,33,2007,2024,18,3,91.66666666666666,160956.11,4877.457878787878,584.9881818181818,491.2121212121212,11.444486645494967,0.702521186115612,3426.517494234997,0.693184434658496,0.3872669093052244,416.2564612769576,0.3946403284840176,9.068062143120185e-05,65.62411558482953,0.7003587084253932,0.4772727272727272,5.3948948132773416e-05,0.6502372589283282,1.0652759258375093e-07,17,16,15,5345.906470588236,4379.731250000001,1.2206014856706642,966.1752205882348,60.0,0.0448054660625538,0.0821380302774234,Q4_gran_escala,1,0,Pequeña
huila,melon,35,2007,2024,18,1,97.2222222222222,160107.41000000003,4574.49742857143,244.7105714285714,240.3162857142857,18.26868062804519,0.7570021264788594,3462.9042810006467,0.7013433756722449,0.0954405936749818,614.9337000133451,0.8935843151704042,1.2821910141772844e-17,30.49534288213752,0.8946642917160319,0.8016806722689076,1.2519770958201836e-11,0.7962974247213847,1.8343787835216462e-11,18,17,17,4815.006111111111,4319.841176470589,1.1146257268294024,495.164934640522,58.82352941176471,0.0444765513981873,0.1195484664930085,Q4_gran_escala,1,0,Pequeña
cesar,melon,33,2007,2024,18,3,91.66666666666666,158077.32,4790.221818181818,330.69393939393944,298.0284848484848,13.663172149572777,1.3551641754842705,6491.537000623126,0.7264218746624219,0.7296396166756389,212.8343662888444,0.0281548450024649,0.3506249381594954,13.652405228049249,0.0845965685886055,0.3355451744324025,0.0060910298397231,0.2201142482679994,0.0722113183440394,18,15,15,5530.095555555556,3902.373333333333,1.4171108408102646,1627.7222222222222,80.0,0.0842672526726453,0.1195484664930085,Q4_gran_escala,1,0,Pequeña
caldas,papa,35,2007,2024,18,1,97.2222222222222,154402.0,4411.4857142857145,338.37142857142857,311.48571428571427,14.332332982448529,0.5013238855812927,2211.583159472079,0.4541103371279342,0.1794414477497189,14.01742211941939,0.0011383863468976,0.8474180973585504,-3.010186379609449,0.0108751824057713,0.0285714285714285,0.8092262462292724,-0.1092436974789916,0.3559586988465744,18,17,17,5938.833333333333,2794.294117647059,2.125342960795458,3144.539215686274,94.11764705882352,0.0355469973066506,0.2770636521713945,Q4_gran_escala,1,0,Pequeña
putumayo,maiz,35,2007,2024,18,1,97.2222222222222,154177.71,4405.077428571429,3686.758,3410.941142857143,1.2792535865464334,0.4263867468489622,1878.2666343863632,0.3811626183617823,0.1958519888908927,17.996076390433416,0.0026013637963859,0.7710726415537777,-59.17083403763179,0.0502418287822026,0.0554621848739495,0.6393217922234354,-0.1361344537815126,0.2500137448288274,18,17,17,5118.693333333333,3649.484117647059,1.4025799724903367,1469.2092156862736,88.23529411764706,0.03361746315772,0.09355481422716,Q4_gran_escala,1,0,Pequeña
santander,frijol,35,2007,2024,18,1,97.2222222222222,153961.91,4398.911714285714,3888.098571428572,3564.4614285714283,1.2576842862359314,0.19152772061304,842.5135338151433,0.2194814475419226,0.1519818236167414,-30.308034488382795,0.036670910819173,0.2704608838217359,-99.97921429948256,0.3889638115027686,-0.0890756302521008,0.4516446963045264,-0.4319327731092437,0.000262477227264,18,17,17,4678.948333333334,4102.402352941176,1.1405386236625008,576.5459803921576,82.35294117647058,0.0295895653093466,0.0999856046495873,Q4_gran_escala,1,0,Pequeña
guaviare,arroz,33,2007,2024,18,3,91.66666666666666,152585.80000000002,4623.812121212121,1506.060606060606,1367.121212121212,3.5291691854656486,0.7725190014215452,3571.9827226396246,0.7748755617206686,0.2193046201892836,217.92857366313143,0.1025338021491708,0.0692623865582152,64.44282104611786,0.0839958191902009,0.3052134072520724,0.0125992651323761,0.2938389945594486,0.0163091718777549,18,15,15,5201.116111111111,3931.047333333333,1.323086615367926,1270.0687777777775,73.33333333333333,0.0478394301577914,0.1516991903190055,Q4_gran_escala,1,0,Pequeña
valle del cauca,cebolla de rama,25,2007,2024,18,11,69.44444444444444,151578.04,6063.1216,344.616800880088,336.840800880088,18.47257718247665,0.6208729402296949,3764.428134762172,0.4897819675517618,0.6820379670088573,124.60356166625748,0.0334686785213627,0.3814037126718216,-6.900565498620953,0.0510583248717567,0.1599999999999999,0.2754679824737747,-0.1368950154753064,0.3381560745567471,18,7,7,6958.385555555556,3761.014285714286,1.8501353695959253,3197.3712698412696,85.71428571428571,0.0548025551837235,0.2898795021627748,Q4_gran_escala,1,0,Pequeña
cundinamarca,cilantro,35,2007,2024,18,1,97.2222222222222,147268.61,4207.674571428571,379.8691428571429,351.954,11.672850768841627,0.4898572255038128,2061.159791382944,0.2926738227517292,0.2881104748418924,273.51649956259365,0.4990035775915159,2.117876612252912e-06,13.7596972258055,0.4340521228447977,0.6470588235294117,4.562950714604646e-08,0.5260504201680672,8.787215107542536e-06,18,17,17,4458.352222222222,3942.2511764705887,1.1309153127613971,516.1010457516331,58.82352941176471,0.0352315456709077,0.1839147916650591,Q4_gran_escala,1,0,Pequeña
cesar,tomate,35,2007,2024,18,1,97.2222222222222,146034.4,4172.411428571429,261.5837142857143,234.4414285714286,19.506089423431824,0.4215982750631318,1759.081461139412,0.4272399680967386,0.3348957235500091,181.9251990569816,0.3030914864339795,0.0006108574525691,15.607928028112635,0.5526946727880881,0.3848739495798319,0.001145444500098,0.5618168513507794,2.09790809231201e-06,18,17,17,4474.844444444444,3852.1882352941175,1.1616370154099664,622.6562091503265,76.47058823529412,0.0335047621128416,0.1189848614782581,Q4_gran_escala,1,0,Pequeña
valle del cauca,ahuyama,35,2007,2024,18,1,97.2222222222222,145361.66999999998,4153.190571428571,257.9894285714286,240.10800000000003,17.230877687761012,0.198781815238534,825.5787608201358,0.1499405401373912,0.0920497856814491,75.10017362810078,0.2344902460026631,0.0032023619960828,-0.0859979538276759,0.0001400535741001,0.3042016806722689,0.0101563789153701,0.0201850365754771,0.8646685425149012,18,17,17,4125.268333333333,4182.755294117647,0.9862561979503892,-57.48696078431385,58.82352941176471,0.0296681495039705,0.0821380302774234,Q4_gran_escala,1,0,Pequeña
santander,pimenton,35,2007,2024,18,1,97.2222222222222,143610.96000000002,4103.170285714286,246.23714285714283,223.42857142857144,19.17749642603952,0.4821344162907318,1978.2796106443327,0.3745745038531721,0.3496171703371452,-109.87477529172786,0.0874139153734357,0.0846349990396916,4.160971487033496,0.0576721112679651,-0.0924369747899159,0.4347561717584319,0.1853417882433034,0.1181395711400141,18,17,17,4580.029444444444,3598.260588235294,1.272845401864194,981.7688562091504,94.11764705882352,0.0350232018307331,0.2091419586284787,Q4_gran_escala,1,0,Pequeña
boyaca,arveja,35,2007,2024,18,1,97.2222222222222,143314.46,4094.698857142857,3129.5917142857143,2891.1465714285714,1.39583914903817,0.4114255821265891,1684.6638609330791,0.3338849695498251,0.1481198620434309,-163.32793944516115,0.2663510236242274,0.0015060245289795,-102.70604540130186,0.2737680948507942,-0.3142857142857143,0.0079151545413581,-0.2840336134453781,0.0163931900672441,18,17,17,4099.818888888889,4089.2776470588246,1.0025777760132395,10.541241830064337,47.05882352941176,0.0332695627162113,0.3037951755849065,Q4_gran_escala,1,0,Pequeña
atlantico,melon,34,2007,2024,18,2,94.44444444444444,139251.6,4095.635294117648,351.6754010695187,282.44010695187166,13.24125623724306,0.7251478158258847,2969.940987948817,0.5710583787338084,0.4709306058753871,393.47173341485774,0.5117043679966922,1.990278296096826e-06,12.17005475111864,0.1070601265604915,0.5329768270944742,9.314300612403643e-06,0.2442067736185383,0.0422601952480744,18,16,16,4932.394444444444,3154.28125,1.563714219981,1778.1131944444442,93.75,0.0444227497476666,0.1195484664930085,Q4_gran_escala,1,0,Pequeña
magdalena,patilla,34,2007,2024,18,2,94.44444444444444,134180.22999999998,3946.477352941176,530.0470588235294,442.10588235294114,8.805454187022551,0.6261703716013652,2471.1671906075485,0.4743925095998536,0.211824555649866,288.1513393457657,0.396391847430918,6.626100179482339e-05,31.51420666462853,0.4579266725940848,0.4210527991100413,0.0004670887016476,0.5388048530984427,7.553145668903199e-06,18,16,16,4739.23,3054.630625,1.5514903704600944,1684.5993749999998,87.5,0.0406046263243563,0.263014574837113,Q3_media-alta,0,0,Pequeña
valle del cauca,papa,28,2007,2024,18,8,77.77777777777779,131855.5,4709.125,263.44642857142856,259.75,18.25526469664424,0.2910652685043239,1370.6627325454242,0.2149196237466463,0.209203209220233,-151.39348811160318,0.316953083481541,0.0018145283382515,-2.997021536581639,0.0727921846577639,-0.2781459393413107,0.0380014112609133,-0.1997381152765848,0.1380247440408655,18,10,10,4954.055555555556,4268.25,1.1606760512049563,685.8055555555557,30.0,0.038631904010582,0.2770636521713945,Q4_gran_escala,1,0,Pequeña
magdalena,tomate,35,2007,2024,18,1,97.2222222222222,131309.76,3751.707428571429,324.98085714285713,264.0437142857143,14.196087718363,0.4740699996333125,1778.571939287153,0.389753678016868,0.1880529788150767,-120.0406323858666,0.1290843524186474,0.0340307872790266,-14.286168468187958,0.3604918524772453,-0.2168067226890756,0.0669536949958006,-0.3983193277310924,0.0007633879309194,18,17,17,4354.439444444444,3113.5205882352943,1.3985581020077622,1240.91885620915,70.58823529411765,0.0348091758324728,0.1189848614782581,Q3_media-alta,0,0,Pequeña
norte de santander,cebolla de rama,27,2007,2024,18,9,75.0,130198.12,4822.152592592593,326.98148148148147,319.1785185185185,14.694998150028162,0.7010239536569239,3380.4444755962454,0.6740656573304568,0.1164649485974647,574.8875057939739,0.7732745514708614,1.56174812869814e-09,38.02365539838565,0.7957425948701302,0.8045657259205162,4.1000265350996214e-09,0.7954293573868896,6.662302337376e-09,18,9,9,4114.737777777777,6236.982222222223,0.6597321639168799,-2122.244444444445,33.33333333333333,0.0545641963972845,0.2898795021627748,Q4_gran_escala,1,0,Pequeña
narino,repollo,35,2007,2024,18,1,97.2222222222222,129456.43,3698.7551428571433,156.25,151.22857142857146,24.47818157749585,0.6804858165085897,2516.9504134524886,0.6539873032046885,0.1499591741159918,-367.9366355292618,0.6055592880038592,3.751951348896203e-08,-13.878382485951104,0.5227077537741297,-0.5058823529411764,1.914540705938678e-05,-0.3364172762579517,0.0045032583403284,18,17,17,4071.929444444445,3303.629411764706,1.2325624145201366,768.3000326797387,64.70588235294117,0.0414237323918027,0.3206419693269532,Q3_media-alta,0,0,Pequeña
caqueta,arroz,35,2007,2024,18,1,97.2222222222222,129039.18,3686.8337142857135,1299.857142857143,1206.6,2.836297449022926,0.7021659864032558,2588.769231696208,0.523551116905043,0.2795807269139462,44.29605429770327,0.0082966607564242,0.6027948401867087,16.13369808579097,0.0159264265714674,0.0991596638655462,0.4020955799011128,0.0941968373522264,0.4264038863339936,18,17,17,4480.160555555555,2846.8405882352945,1.5737307435021244,1633.3199673202607,76.47058823529412,0.0422557228275072,0.1516991903190055,Q3_media-alta,0,0,Pequeña
santander,melon,34,2007,2024,18,2,94.44444444444444,128755.67,3786.9314705882352,161.6529411764706,153.09058823529412,25.007935181986944,0.3376154847254806,1278.5267040648243,0.3812159613537221,0.1512211812659869,-97.47528217670433,0.1694560514642537,0.0155689457484407,-6.366264139406906,0.3111341065110082,-0.3689839572192513,0.0021502131954729,-0.4718515616888268,9.042526927393102e-05,18,16,16,3967.480555555556,3583.81375,1.1070554533018229,383.666805555556,68.75,0.0326656393705639,0.1195484664930085,Q3_media-alta,0,0,Pequeña
tolima,sorgo,34,2007,2024,18,2,94.44444444444444,125207.0,3682.558823529412,1296.6470588235295,1210.0882352941176,3.138620860563742,1.3694616486009663,5043.123077540624,1.3196709939678977,0.2105412157597318,-689.0784281550591,0.5323745075484552,9.786451129141514e-07,-244.65408628112857,0.582920225243601,-0.7611408199643495,2.451019426526581e-10,-0.7743089610752455,1.2386781563697148e-10,17,17,16,4138.117647058823,3227.0,1.282342004046738,911.1176470588234,37.5,0.0829489894728658,0.2099145247108181,Q3_media-alta,0,0,Pequeña
valle del cauca,repollo,35,2007,2024,18,1,97.2222222222222,124895.65,3568.447142857143,151.558,144.96085714285715,25.05456429962977,0.2623204785024767,936.0767620250816,0.2290044378949628,0.2280077679228588,31.77062778939253,0.0326428890063722,0.2989731140497814,-4.608619278501846,0.4996386879846651,0.0789915966386554,0.5044736861420589,-0.5054776042999184,2.028603589881932e-05,18,17,17,3436.6972222222225,3707.9470588235295,0.9268463566771176,-271.2498366013069,35.294117647058826,0.0304813135812409,0.3206419693269532,Q3_media-alta,0,0,Pequeña
guaviare,maiz,33,2007,2024,18,3,91.66666666666666,120466.71,3650.506363636364,2620.2727272727275,2375.090909090909,1.6922202412901346,0.5776278464357857,2108.634129227404,0.6430207613606098,0.3164818262661695,-102.0028427739545,0.0690675533767008,0.1395107173526677,-121.90947591318158,0.1545197257396993,-0.108262547636656,0.3769663216974662,-0.1918336370403905,0.117465824363435,18,15,15,4073.109444444444,3143.3826666666664,1.2957726997851289,929.7267777777774,60.0,0.0401073698138635,0.09355481422716,Q3_media-alta,0,0,Pequeña
risaralda,maiz,35,2007,2024,18,1,97.2222222222222,118386.46,3382.470285714286,878.1094285714286,823.4042857142856,4.089552149774362,0.3577034413968494,1209.9212616225846,0.3001973652087032,0.1275159965336883,-40.679376213988114,0.0320327537912576,0.3036094651105215,-23.953259938021745,0.2339796812875556,-0.0218487394957983,0.8535281829769198,-0.3310924369747899,0.0051470741915236,18,17,17,3960.362777777778,2770.5841176470585,1.4294324263798743,1189.7786601307191,82.35294117647058,0.0321227425041331,0.09355481422716,Q3_media-alta,0,0,Pequeña
huila,ahuyama,35,2007,2024,18,1,97.2222222222222,117128.04,3346.515428571429,262.4225714285715,248.12571428571428,14.12551624717,0.3655971829310189,1223.4766133209057,0.4147465240775753,0.1561296439547473,117.87370549945886,0.2630282838537769,0.0016311661732633,15.913611049330548,0.6058003474217669,0.2321279206179867,0.0499963420469447,0.4966337004076288,2.7862561626189943e-05,18,17,17,3421.187777777778,3267.450588235294,1.0470511138243457,153.73718954248395,64.70588235294117,0.0322812115964745,0.0821380302774234,Q3_media-alta,0,0,Pequeña
la guajira,patilla,35,2007,2024,18,1,97.2222222222222,115805.3,3308.7228571428573,492.3457142857142,364.0542857142857,9.17986005762676,0.8446059932890991,2794.567155275489,0.73123274091518,0.2422832554283281,-112.01410227896156,0.0455277541736382,0.218428971237034,-23.318983437866056,0.1188851390601366,-0.0285714285714285,0.8092262462292724,-0.1394957983193277,0.2385101430505585,18,17,17,4893.138888888889,1631.105882352941,2.9998904067652084,3262.033006535948,94.11764705882352,0.048370788287833,0.263014574837113,Q3_media-alta,0,0,Pequeña
valle del cauca,habichuela,35,2007,2024,18,1,97.2222222222222,115008.09,3285.9454285714287,407.5893333333333,388.7410476190476,8.452554301340825,0.1595679348766919,524.3315261546494,0.1440324842377871,0.0606942855360647,18.537988671915542,0.0354220103853378,0.2789308022687955,-1.277063643867168,0.0134096821341859,0.0588235294117647,0.6191537066890378,-0.1430978458801642,0.2272915116837149,18,17,17,3359.779444444445,3207.7682352941174,1.0473884638789652,152.01120915032743,70.58823529411765,0.029278126921296,0.2623441076903596,Q3_media-alta,0,0,Pequeña
valle del cauca,soya,35,2007,2024,18,1,97.2222222222222,113524.2,3243.5485714285714,1270.3528571428571,1261.152857142857,2.742423824285912,0.6085682239588531,1973.920593438561,0.6616817422486199,0.1705660182097835,-228.06524398380864,0.3782847026554867,8.437775167418537e-05,-114.4613518081936,0.5254490662365382,-0.411764705882353,0.0005026300645801,-0.4857142857142857,4.056920451811786e-05,18,17,17,3340.0716666666667,3141.3476470588234,1.0632607536430756,198.72401960784327,64.70588235294117,0.038850677248345,0.8801723533870649,Q3_media-alta,0,0,Pequeña
cundinamarca,brocoli,35,2007,2024,18,1,97.2222222222222,111007.77,3171.650571428572,174.50314285714288,163.35047619047617,19.446879363547964,0.2527499637167918,801.6345668509138,0.2780990109919563,0.1064747128675649,8.098866598460928,0.0028923812826868,0.7589660306067549,-2.2904818884094724,0.0631259972786235,-0.1025210084033613,0.3863325988863205,-0.1969699760938731,0.0965322737562185,18,17,17,3086.397777777778,3261.918235294117,0.946191030904086,-175.52045751633932,52.94117647058824,0.0303444951031841,0.2881508369193286,Q3_media-alta,0,0,Pequeña
cauca,frijol,35,2007,2024,18,1,97.2222222222222,110745.08,3164.1451428571427,2202.367142857143,1959.7114285714288,1.562340956280319,0.4901446344243367,1550.8887643112548,0.2069810150416768,0.2964491579042072,181.2180973562861,0.3869026966120584,6.636197075940033e-05,23.359075812167315,0.0744099088332199,0.4722689075630252,6.590568456431206e-05,0.1783011564167144,0.1321946467572589,18,17,17,3215.168888888889,3110.12,1.0337764745054496,105.048888888889,58.82352941176471,0.0352393632083827,0.0999856046495873,Q3_media-alta,0,0,Pequeña
santander,habichuela,35,2007,2024,18,1,97.2222222222222,109411.28,3126.036571428572,358.22,330.1654285714285,9.595720945482327,0.2601948083010471,813.3784864449199,0.2794934370207205,0.1643013938567532,-46.70518304345894,0.0934339517709396,0.0741467826688098,2.100404786263959,0.012471624714255,-0.2571428571428571,0.0297939349104382,0.0941968373522264,0.4264038863339936,18,17,17,3313.2877777777776,2927.7705882352943,1.1316760237607455,385.51718954248327,82.35294117647058,0.0304504861233239,0.2623441076903596,Q3_media-alta,0,0,Pequeña
cundinamarca,espinaca,35,2007,2024,18,1,97.2222222222222,107088.58,3059.673714285714,151.86400000000003,140.83038095238095,21.53841220259421,0.3275734819383096,1002.267972183692,0.2096013040009498,0.1810399293258255,-38.5619035333541,0.0419477958668338,0.2379051842386903,-0.4804335512951685,0.0064554861140036,-0.1394957983193277,0.2385101430505585,-0.2265466541299079,0.0568496737256993,18,17,17,2865.2544444444447,3265.529411764706,0.8774241732816147,-400.2749673202611,17.647058823529413,0.031549672756206,0.7827435010492556,Q3_media-alta,0,0,Pequeña
narino,trigo,35,2007,2024,18,1,97.2222222222222,105920.74,3026.306857142857,1653.36,1514.337142857143,1.845647618291432,1.8778511935077515,5682.953943606406,1.5110087386899334,0.2120588295976577,-586.2790990910843,0.3015924561178757,0.0006342415691918,-282.8636656139259,0.3632833121183485,-0.4554621848739496,0.0001188005788256,-0.4655462184873949,8.36145204950467e-05,18,17,17,5254.013333333332,667.5588235294117,7.870487435931326,4586.454509803921,82.35294117647058,0.1264449416886436,0.510900993894951,Q3_media-alta,0,0,Pequeña
bolivar,aji,34,2007,2024,18,2,94.44444444444444,104714.7,3079.844117647059,533.3117647058823,456.6470588235294,6.734210635722216,0.6815439372416379,2099.049086031675,0.5035742078454106,0.2673382030514287,135.2022271299262,0.1188768021235206,0.0458324940006589,29.140103891256324,0.3373397497934802,0.1693404634581105,0.1590357098503453,0.4153297682709447,0.0005521422366911,18,16,16,3373.366666666667,2749.63125,1.226843296411716,623.7354166666669,81.25,0.0426717738467971,0.2079344443894293,Q3_media-alta,0,0,Pequeña
valle del cauca,pepino cohombro,35,2007,2024,18,1,97.2222222222222,104166.63,2976.189428571429,155.15371428571427,149.74285542891425,19.78869619545769,0.2978496430356623,886.456958906512,0.2602050133051791,0.0952040265011308,47.84253280548019,0.0825416113135294,0.0942377416278896,3.491216879438934,0.2119131501798011,0.1630252100840336,0.1683456938502612,0.2811451795527933,0.0176864598749058,18,17,17,2848.5522222222226,3111.334705882353,0.9155402717800472,-262.7824836601303,11.76470588235294,0.0310337060694857,0.150174084135566,Q3_media-alta,0,0,Pequeña
tolima,ahuyama,35,2007,2024,18,1,97.2222222222222,102508.5,2928.8142857142857,237.42857142857144,218.4857142857143,13.650278339967093,0.342099740116656,1001.9466059928066,0.2869384368923703,0.1267690323896889,73.87568761769198,0.1540543049002115,0.0196912428556293,7.692162270361641,0.3612545974769937,0.2974789915966386,0.0119487775868443,0.4124584969487087,0.0005013150070162,18,17,17,2828.333333333333,3035.205882352941,0.9318423339179758,-206.8725490196075,41.17647058823529,0.0318196701178677,0.0821380302774234,Q3_media-alta,0,0,Pequeña
bolivar,patilla,33,2007,2024,18,3,91.66666666666666,99933.3,3028.2818181818184,242.0833333333333,208.38484848484848,11.742141553936287,1.168787519366888,3539.4179942165765,0.80996247120836,0.3907728857982537,412.1795630382952,0.3958854132919613,8.771184078061105e-05,25.75132596953921,0.5035005136532268,0.551659015592255,6.500650252996515e-06,0.5289101902070075,1.5360089173081905e-05,18,15,15,4140.277777777777,1693.8866666666668,2.444247221052438,2446.3911111111106,93.33333333333331,0.0704444963211108,0.263014574837113,Q3_media-alta,0,0,Pequeña
boyaca,frijol,35,2007,2024,18,1,97.2222222222222,98808.18,2823.090857142857,2664.514571428572,2460.309714285714,1.1598804957042452,0.2859325817430689,807.2136572781104,0.2898525419813669,0.1960626480421744,15.40437984668535,0.0103198018653438,0.5614612204837263,-72.57319247364441,0.2502199616219824,0.0184873949579831,0.8758629604320756,-0.307563025210084,0.0093533348845003,18,17,17,2746.887222222222,2903.7770588235294,0.9459704263023307,-156.88983660130725,47.05882352941176,0.0308406146973687,0.0999856046495873,Q3_media-alta,0,0,Pequeña
meta,ahuyama,24,2012,2024,13,2,92.3076923076923,98249.1,4093.7125,315.36041666666665,303.2895833333333,13.021952399427988,0.7660357418651744,3135.930091920238,0.7523286643926796,0.3505504711665361,501.7835718104344,0.3687351386445018,0.0016509078654643,38.00762602597566,0.3695951829718724,0.4565217391304348,0.0014288748272159,0.4420289855072464,0.0020817357490305,13,11,11,3295.27,5037.326363636364,0.6541704392607983,-1742.0563636363636,36.36363636363637,0.0650983462321933,0.0821380302774234,Q4_gran_escala,1,0,Pequeña
norte de santander,pimenton,35,2007,2024,18,1,97.2222222222222,98234.5,2806.7,168.98084565401638,164.51766929379968,16.960576560673093,0.4116962579271202,1155.5078871240482,0.4080519778805399,0.1197000344262733,159.9186757706508,0.5427657875073548,4.512913358849585e-07,11.738544395080917,0.8212634288110529,0.5630252100840336,1.960249268089081e-06,0.8107656357816637,7.60599663781003e-12,18,17,17,2849.1583333333333,2761.7441176470584,1.0316518156507382,87.41421568627493,64.70588235294117,0.0332757465297147,0.2091419586284787,Q3_media-alta,0,0,Pequeña
cundinamarca,apio,35,2007,2024,18,1,97.2222222222222,95770.35,2736.2957142857144,128.38371428571432,119.42942857142856,22.06851466948681,0.6525362530393659,1785.5321526076757,0.5152189638092208,0.153243300177529,-118.14753495544394,0.1240720342689421,0.0379656359449945,-3.266430318935991,0.0691039969225258,-0.1381638785086443,0.2440716676052351,-0.2438682159926664,0.0406172215186186,18,17,17,2710.588888888889,2763.514705882353,0.9808483678842717,-52.9258169934642,29.411764705882355,0.0403896498710549,0.4154769006067405,Q3_media-alta,0,0,Pequeña
bolivar,melon,34,2007,2024,18,2,94.44444444444444,93962.0,2763.5882352941176,386.9264705882353,354.44117647058823,8.675339277280003,0.6946000196132287,1919.5884424381825,0.7724801330346761,0.3064052645850029,-27.99695505961476,0.0062014469751937,0.6579853557670634,-10.537542036074589,0.0362355456844802,-0.0338680926916221,0.7782008366091302,-0.1284567861691651,0.2857563938885666,18,16,16,3289.288888888889,2172.175,1.514283558593985,1117.1138888888886,75.0,0.0431846740303988,0.1195484664930085,Q3_media-alta,0,0,Pequeña
caldas,maiz,35,2007,2024,18,1,97.2222222222222,90648.5,2589.957142857143,957.114285714286,907.576,2.724493772132333,0.767847691563438,1988.6926133910947,0.6392760341432095,0.1530457991192699,-271.9168520083627,0.5297815742729496,7.242119732536559e-07,-86.22570244502768,0.5627674387399008,-0.6638655462184874,2.0283503167073148e-08,-0.707563025210084,2.247833410285178e-09,18,17,17,2882.9527777777776,2279.726470588236,1.2646046861200382,603.2263071895422,64.70588235294117,0.0449355613330091,0.09355481422716,Q3_media-alta,0,0,Pequeña
norte de santander,zanahoria,35,2007,2024,18,1,97.2222222222222,89516.22,2557.6062857142856,137.0,132.0257142857143,19.78787245388269,0.2479863735285207,634.2515077080353,0.3089269180583505,0.1037586388445386,70.97117803181949,0.3548141529415671,0.0001599152836122,5.775988612606202,0.5277885230231111,0.3922564481185679,0.0009342897863662,0.4911234905407864,3.748871693546483e-05,18,17,17,2458.995555555556,2662.0176470588235,0.9237337544596744,-203.02209150326823,29.411764705882355,0.0302782907832637,0.2585650356001984,Q3_media-alta,0,0,Pequeña
cesar,frijol,35,2007,2024,18,1,97.2222222222222,89209.88999999998,2548.854,3290.5685714285714,2745.032,0.8952763408044783,0.4892966549473865,1247.1457361492658,0.1444470986983633,0.3247771363201139,199.3114692406922,0.7237525251341654,9.691697849390984e-11,32.21119241433507,0.130140955274062,0.6470588235294117,4.562950714604646e-08,0.2321279206179867,0.0499963420469447,18,17,17,2253.65,2861.422941176471,0.787597655547353,-607.7729411764712,11.76470588235294,0.0352163113162872,0.0999856046495873,Q3_media-alta,0,0,Pequeña
magdalena,melon,34,2007,2024,18,2,94.44444444444444,88909.28,2614.978823529412,377.45911764705886,319.47588235294126,8.055461250350618,0.5286471582540777,1382.401123953415,0.4290842598218518,0.1666887481276917,118.42526719657587,0.213948022789692,0.0058809116526089,14.038493121369603,0.2190300319546677,0.2549019607843137,0.0340148678255662,0.3155080213903743,0.0086922548772806,18,16,16,2957.660555555556,2229.461875,1.3266253120186484,728.1986805555557,75.0,0.0373896522419495,0.1195484664930085,Q3_media-alta,0,0,Pequeña
cundinamarca,ahuyama,35,2007,2024,18,1,97.2222222222222,86779.62000000001,2479.4177142857147,322.15428571428566,285.05285714285714,9.03845959221334,0.4702593959941579,1165.969476737216,0.4531716555418907,0.2149289652336458,60.105091855344526,0.0753022739109118,0.1106489240157868,5.779750307667214,0.0444144996249998,0.2403361344537815,0.0422748016420176,0.1529411764705882,0.1962427773515317,18,17,17,2450.413888888889,2510.127647058824,0.9762108679055016,-59.71375816993486,41.17647058823529,0.0347093000683321,0.0821380302774234,Q3_media-alta,0,0,Pequeña
cesar,cebolla de bulbo,35,2007,2024,18,1,97.2222222222222,83028.72,2372.249142857143,146.37428571428572,139.61714285714288,16.384310941360336,0.770766015310922,1828.4490191647503,0.6011070455670052,0.159205483398651,-137.731172842252,0.1607898770148393,0.0169744547511119,-5.473380484260782,0.1096574109141717,-0.06890756302521,0.5603924302324661,-0.0639192824890108,0.5893978391407426,18,17,17,2328.546111111112,2418.5229411764703,0.96279678454421,-89.97683006535908,47.05882352941176,0.0450601865405562,0.3270575890803964,Q3_media-alta,0,0,Pequeña
cesar,algodon,20,2007,2024,18,16,55.55555555555556,78626.34999999999,3931.3175,1767.0,1690.675,1.867591928854419,1.3547017222161708,5325.762587828571,1.2154993352032128,0.4613906900307907,-698.5711806764867,0.552499440053393,0.0001729960656984,-282.27284833336745,0.554663743180707,-0.6068622707420824,0.0001891690342886,-0.6421052631578947,2.506940245978939e-05,3,17,3,702.1166666666668,4501.176470588235,0.155985145495731,-3799.059803921568,100.0,0.1371727959183343,0.3480800845750301,Q3_media-alta,0,0,Pequeña
valle del cauca,cilantro,35,2007,2024,18,1,97.2222222222222,78072.33,2230.638,265.90126530612247,259.4914693877551,8.510853773839926,0.3261789101397915,727.5870717564042,0.2861438076143872,0.0755856498376705,80.14834660379877,0.3438579829374752,0.0002140227787651,8.020826751055392,0.314911617861301,0.4151260504201681,0.0004519072031468,0.388235294117647,0.0010361194993782,18,17,17,2282.512222222222,2175.7123529411765,1.049087311168074,106.79986928104564,52.94117647058824,0.0315243683006362,0.1839147916650591,Q3_media-alta,0,0,Pequeña
huila,habichuela,35,2007,2024,18,1,97.2222222222222,75513.34999999999,2157.5242857142853,344.51,328.8662857142857,6.522131832590479,0.2433034163997561,524.9330296797292,0.1737770111176935,0.1000989805272889,-54.70232344350045,0.3077256297273537,0.0005436488376204,-4.704508992779089,0.1749847565411841,-0.4050420168067227,0.0006203779967807,-0.3181822690747182,0.0072614017563918,18,17,17,2283.3644444444444,2024.2817647058823,1.127987459184668,259.0826797385621,82.35294117647058,0.0302144349246375,0.2623441076903596,Q3_media-alta,0,0,Pequeña
norte de santander,pepino cohombro,25,2012,2024,13,1,96.15384615384616,74857.37999999999,2994.2952,141.26,136.316,21.724274852418272,0.5551702420526429,1662.3435909610664,0.5129766569073203,0.0550337880464146,338.4182317540212,0.6312673739656136,2.1075581450504786e-06,16.261872196082717,0.7671051606195869,0.6399999999999998,1.4546883279041998e-06,0.7045084942753576,8.254891548751714e-07,13,12,12,3464.946153846154,2484.4233333333336,1.394668174041523,980.5228205128204,83.33333333333334,0.0518354175101743,0.150174084135566,Q3_media-alta,0,0,Pequeña
narino,coliflor,35,2007,2024,18,1,97.2222222222222,73817.2,2109.062857142857,110.32571428571428,108.94571428571427,20.572301271318484,0.3716618239039065,783.8581482136984,0.4767792742221048,0.1582143670409073,-99.25984757498928,0.4543935696096014,9.02266916319532e-06,-7.568677253384341,0.5866940227485284,-0.6067226890756303,2.9483823487628704e-07,-0.6503811841992284,4.172001609024916e-08,18,17,17,2277.2722222222224,1930.958823529412,1.1793478941512685,346.3133986928103,64.70588235294117,0.0324053105190348,0.2897697174055221,Q3_media-alta,0,0,Pequeña
santander,cebolla de bulbo,35,2007,2024,18,1,97.2222222222222,71228.76,2035.1074285714285,185.15857142857143,172.4442857142857,12.416584161041916,0.4378665535504664,891.1054758535234,0.4802697736915032,0.2795544391107502,33.425340361490456,0.0398706554224642,0.2501328382089762,7.06154678765773,0.1786904954831024,0.0957983193277311,0.4182381669289249,0.299411375869577,0.0114678463800049,18,17,17,2251.9727777777784,1805.485294117647,1.247294998809909,446.4874836601314,76.47058823529412,0.0338928343154429,0.3270575890803964,Q3_media-alta,0,0,Pequeña
boyaca,remolacha,35,2007,2024,18,1,97.2222222222222,70188.14000000001,2005.375428571429,93.51428571428572,92.42285714285715,22.8761132463358,1.1605660455575115,2327.370630995343,1.258544887707216,0.3421084620330116,-210.594078406951,0.2320177092125406,0.0033921452140658,-10.902591818276177,0.2431790107108399,-0.2470588235294117,0.0368329830460166,-0.2055608924153001,0.0830780583915456,18,17,17,1733.2927777777777,2293.462941176471,0.7557535579313331,-560.1701633986931,29.411764705882355,0.0659551514836195,0.5121386892145101,Q3_media-alta,0,0,Pequeña
santander,tabaco,35,2007,2024,18,1,97.2222222222222,69526.59999999999,1986.474285714285,1359.2628571428572,1250.9602857142856,1.6539620834451896,0.7094657008101555,1409.3353712556386,0.7382228293113371,0.1423734807564858,-131.4153299823555,0.2463901144346349,0.0024227564168626,-97.06209169224384,0.2651412951066564,-0.3310924369747899,0.0051470741915236,-0.3397814490205313,0.0041179966276771,18,17,17,2821.817777777778,1101.9929411764706,2.5606495943297505,1719.8248366013072,100.0,0.0425417255030902,0.2568290616704286,Q3_media-alta,0,0,Pequeña
cundinamarca,pimenton,34,2007,2024,18,2,94.44444444444444,68652.62000000001,2019.1947058823528,109.53529411764708,105.53823529411764,19.827461931951927,0.573207094826203,1157.4167312472732,0.3771027712958076,0.424248675091828,-54.332644122650535,0.0591690216005496,0.1656762331078238,0.0719903738434089,8.155929649314668e-05,-0.1855486911332385,0.1230950904684772,-0.0463871727833096,0.6998833875377377,17,17,16,2211.157058823529,1827.2323529411765,1.210112690520379,383.9247058823533,62.5,0.0387912546085208,0.2091419586284787,Q3_media-alta,0,0,Pequeña
narino,arroz,35,2007,2024,18,1,97.2222222222222,66649.64,1904.2754285714288,867.0357142857143,793.8714285714286,2.0397550417633057,1.763173028201312,3357.567073923637,0.8573159743270474,0.579083537373994,12.203810180448691,0.0003743703251073,0.912154674607958,-42.9226161351067,0.0944879629211163,0.1428571428571428,0.2273852697037324,-0.4474349774230758,0.0001581170512302,18,17,17,1964.4538888888887,1840.557058823529,1.0673148542021045,123.89683006535984,52.94117647058824,0.1148559104741256,0.1516991903190055,Q3_media-alta,0,0,Pequeña
santander,pepino cohombro,35,2007,2024,18,1,97.2222222222222,66259.4,1893.125714285714,89.13428571428571,82.95285714285714,23.20335493714404,0.3782036842733315,715.9871199354394,0.2536837178619321,0.3526971398204421,-90.91436620553657,0.4568930319525535,8.343934375012514e-06,0.559481339798052,0.0173482779155573,-0.492436974789916,3.168299025878385e-05,0.0356555002886995,0.7651748524243118,18,17,17,2034.5833333333333,1743.3470588235296,1.1670558211778783,291.2362745098037,64.70588235294117,0.0325414636009219,0.150174084135566,Q3_media-alta,0,0,Pequeña
antioquia,brocoli,35,2007,2024,18,1,97.2222222222222,64957.64000000001,1855.932571428572,86.70771428571429,84.38885714285713,21.792819781447992,0.3290258290029541,610.6497528878701,0.2840586216707255,0.1446605646535106,-61.25325949320169,0.28512412122909,0.0009541541748406,-0.8256770902836471,0.0318455655416628,-0.5422366921589101,5.07344825012075e-06,-0.1702266374120488,0.1547732654688032,18,17,17,1987.3644444444449,1716.769411764706,1.1576187406563752,270.5950326797388,35.294117647058826,0.0315761403013361,0.2881508369193286,Q3_media-alta,0,0,Pequeña
cesar,cilantro,34,2007,2024,18,2,94.44444444444444,63634.100000000006,1871.5911764705884,241.6176470588236,223.52941176470588,5.628388189806612,1.7131342483277994,3206.286943279883,1.4506129140140482,0.4482306878947865,463.3911538940295,0.5608450918914956,3.498832486385184e-07,52.913704825525926,0.6119672472352384,0.8242643779188098,7.40332116297303e-12,0.8829343616450017,2.376721213603812e-13,17,17,16,1754.9058823529413,1988.276470588235,0.8826266911632009,-233.37058823529372,43.75,0.1131914839465316,0.1839147916650591,Q3_media-alta,0,0,Pequeña
valle del cauca,aji,24,2007,2024,18,12,66.66666666666666,61982.99,2582.624583333333,165.04291666666668,157.7179166666667,17.051207016507874,0.5068825108413423,1309.0872333605753,0.5099963044740087,0.2664189892289404,49.58483353010623,0.0440285996066255,0.3250714390304132,2.5525029515938584,0.0282214287008948,0.1014492753623188,0.5071416902683175,0.1705991920305475,0.2435474400641066,18,6,6,2919.666111111111,1571.5,1.8578848941209745,1348.1661111111111,100.0,0.0519260195057759,0.2079344443894293,Q3_media-alta,0,0,Pequeña
valle del cauca,sorgo,30,2007,2024,18,6,83.33333333333334,61889.02,2062.967333333333,468.094,457.1273333333333,5.286971690317342,1.3312157910260742,2746.254690504284,1.2858764941595946,0.9212747437305208,-396.40416763112586,0.615598254419493,2.872044822973781e-07,-88.21259976074924,0.6345986718135866,-0.7655172413793103,1.05385620614663e-11,-0.7963181336949322,6.659222064296747e-10,17,13,13,1933.2952941176468,2232.538461538461,0.8659628165086107,-299.24316742081464,46.15384615384615,0.0904354766511534,0.2099145247108181,Q3_media-alta,0,0,Pequeña
atlantico,ahuyama,35,2007,2024,18,1,97.2222222222222,59991.4,1714.0399999999995,231.22142857142856,188.18571428571428,9.008790838679024,0.4448955902261997,762.5688374713152,0.3498657801698541,0.2531066029718315,92.3872855596578,0.4159357311492155,2.8870761667078085e-05,6.169924973681483,0.1648392369199646,0.4722689075630252,6.590568456431206e-05,0.2436974789915966,0.0394743509145027,18,17,17,1696.6611111111113,1732.4411764705883,0.9793470243922684,-35.78006535947702,47.05882352941176,0.0340650538211366,0.0821380302774234,Q3_media-alta,0,0,Pequeña
santander,patilla,34,2007,2024,18,2,94.44444444444444,57776.9,1699.320588235294,85.44117647058823,82.42352941176469,21.13198668936253,0.7590330014809158,1289.8404065665509,0.642237336532697,0.4120753518309819,-24.176841944359538,0.0102427099362243,0.5690025089756028,-0.6928767960868228,0.004648086302863,-0.1871657754010695,0.1195734309886539,-0.0464702295602632,0.6998206017574842,18,16,16,2190.8,1146.40625,1.911015401390214,1044.3937500000002,81.25,0.045858413678309,0.263014574837113,Q3_media-alta,0,0,Pequeña
narino,haba,35,2007,2024,18,1,97.2222222222222,57048.8,1629.9657142857145,342.7102857142857,331.0185714285714,5.253663003664408,0.5580508923790367,909.6038214043768,0.3215784537947569,0.5194706523230099,-40.91683792239374,0.0573402389501411,0.1659125784085833,-10.310208917159676,0.2480085714862216,-0.2302521008403361,0.0517032649421015,-0.2474750981692252,0.0367949780156698,18,17,17,1871.668888888889,1374.0447058823531,1.3621601108582435,497.62418300653576,70.58823529411765,0.0372149446110133,0.5676735391369351,Q3_media-alta,0,0,Pequeña
huila,cebolla de rama,23,2007,2024,18,13,63.888888888888886,56550.7,2458.726086956522,284.69739130434783,267.6434782608696,9.380022286655288,0.4977258858250626,1223.7716196316248,0.4520425037125443,0.1930785984559789,-121.36401780340226,0.3067834550060078,0.0061042376146433,-13.72661260176766,0.3548575363242123,-0.3596837944664031,0.0162092402863284,-0.3754940711462451,0.0118467357396715,18,5,5,2880.2861111111115,941.11,3.060520142290605,1939.176111111112,100.0,0.0537808757339273,0.2898795021627748,Q3_media-alta,0,0,Pequeña
magdalena,cilantro,35,2007,2024,18,1,97.2222222222222,54735.14,1563.8611428571428,365.7394285714285,319.28399999999993,4.438416100997647,1.0457416495538183,1635.3947312045482,0.812081685888582,0.156885429055379,198.705952730454,0.4183468373765954,2.689715769070218e-05,38.22875005560251,0.4694584096856769,0.3647058823529411,0.0020581472145547,0.3518523504582862,0.0029906427407705,18,17,17,1696.0905555555555,1423.8535294117648,1.1911973531829918,272.2370261437907,76.47058823529412,0.0589237308724835,0.1839147916650591,Q3_media-alta,0,0,Pequeña
huila,tabaco,35,2007,2024,18,1,97.2222222222222,54335.12,1552.432,663.2288571428571,657.5342857142857,2.329236832886651,0.7258403070576616,1126.8177195661397,0.7213969476926535,0.0467138092770599,-151.060200317305,0.5092754019827352,1.4909894889037227e-06,-64.7362612873093,0.5187758158795068,-0.5685451968759385,1.5821612264187462e-06,-0.5865546218487395,7.184833105565924e-07,18,17,17,2022.0694444444443,1055.1688235294118,1.916346843608274,966.9006209150324,88.23529411764706,0.0431940417517428,0.2568290616704286,Q3_media-alta,0,0,Pequeña
magdalena,berenjena,32,2007,2024,18,4,88.88888888888889,53958.5,1686.203125,166.71875,150.421875,10.202839009534468,1.081533086353364,1823.6844699999367,0.910500186624164,0.2238955733152965,261.7129741134308,0.5387318005966442,1.747459467940925e-06,21.636181466102755,0.5314394224329282,0.5443548387096775,4.216256127383665e-06,0.4684560618737675,0.0001876955228615,17,15,14,1817.5294117647056,1537.3666666666666,1.1822354752269286,280.1627450980393,71.42857142857143,0.0666612581281133,0.2698952625015421,Q3_media-alta,0,0,Pequeña
narino,ajo,31,2009,2024,16,1,96.875,53777.58,1734.7606451612903,70.91612903225807,67.70645161290322,24.822591711967306,0.6162635742563901,1069.069795666418,0.5188393245499674,0.1611256362049068,-69.32383672305642,0.0951477245673505,0.0913519759999228,-1.291760121649876,0.0278903058770054,-0.243010752688172,0.0564771840442913,-0.1965461101840943,0.1217262637322165,16,15,15,1810.3775,1654.102666666667,1.09447710621751,156.2748333333334,53.333333333333336,0.0441138645043265,0.3055059117959323,Q3_media-alta,0,0,Pequeña
atlantico,patilla,33,2007,2024,18,3,91.66666666666666,52790.0,1599.6969696969695,212.9333333333333,152.5681818181818,10.877534085031662,0.6142041543229415,982.5405244456996,0.6434491200193841,0.342045265398171,76.88600322237842,0.1691535149276025,0.0174141082681637,-4.938819375407084,0.0358936775916161,0.2765151515151515,0.0238195687897726,-0.1156398623750088,0.3445196977322858,17,16,15,2232.447058823529,927.4,2.407210544342818,1305.0470588235294,86.66666666666667,0.041388334051425,0.263014574837113,Q3_media-alta,0,0,Pequeña
atlantico,sorgo,34,2007,2024,18,2,94.44444444444444,51955.2,1528.0941176470587,979.1323529411764,777.6470588235294,2.118822801022814,0.817285628749971,1248.8893617303086,0.9696600054089844,0.306337477498489,-164.2903696942036,0.4646527374940808,9.054843822824384e-06,-134.31577942823952,0.5373837430052817,-0.5472370766488415,5.336513485787645e-06,-0.6648841354723708,3.2111302497211145e-08,17,17,16,1187.3323529411766,1868.855882352941,0.6353257970038292,-681.5235294117645,50.0,0.0484797070637723,0.2099145247108181,Q3_media-alta,0,0,Pequeña
la guajira,tomate,35,2007,2024,18,1,97.2222222222222,51933.46,1483.8131428571428,140.42571428571426,115.7474285714286,13.087121180150016,0.2747936516387712,407.742431875316,0.2149295797144217,0.2382051136485535,-43.33043785122252,0.3200178924706633,0.0003977886317986,0.3112139139717985,0.0030129524110196,-0.3888894399802111,0.0010336912381267,0.0472578046432639,0.6907278465701816,18,17,17,1337.5533333333333,1638.6764705882354,0.8162400311107122,-301.1231372549021,35.294117647058826,0.0306672593741657,0.1189848614782581,Q3_media-alta,0,0,Pequeña
atlantico,arroz,35,2007,2024,18,1,97.2222222222222,51684.95,1476.7128571428573,266.8285714285714,261.7057142857143,5.426676788299521,0.8742979365099218,1291.087003817671,0.6798020979271306,0.250578941499909,106.03691487626593,0.1911450568504646,0.0086335781198638,10.04962709250775,0.086982153131853,0.3647058823529411,0.0020581472145547,0.2426292500639608,0.0407932647491641,18,17,17,1467.9672222222223,1485.9729411764706,0.98788287561953,-18.005718954248323,29.411764705882355,0.0497873420250671,0.1516991903190055,Q3_media-alta,0,0,Pequeña
quindio,maiz,35,2007,2024,18,1,97.2222222222222,50854.560000000005,1452.9874285714286,620.5831428571429,593.8385714285714,2.3260616540735675,0.6372461785204944,925.9106862954626,0.384606788309658,0.3919001788691831,112.02087807481875,0.4147817842190422,2.9863090288729647e-05,7.487561051554651,0.0278873236400467,0.388235294117647,0.0010361194993782,0.1614802926038168,0.1727328654631718,18,17,17,1465.0844444444444,1440.1788235294118,1.017293422530681,24.90562091503261,52.94117647058824,0.0398422951259796,0.09355481422716,Q3_media-alta,0,0,Pequeña
casanare,patilla,28,2007,2024,18,8,77.77777777777779,50669.5,1809.625,109.42857142857144,101.96428571428572,18.430398058340263,0.6971537233943799,1261.5868066975547,0.6246191243758004,0.2641001184290346,-56.44623395380215,0.0696702065686471,0.1747070790295402,-4.991799929686538,0.1856238431767805,-0.2357617962035872,0.0786329824580437,-0.2864731563356536,0.0327988138655456,13,15,13,1952.2307692307693,1686.0333333333333,1.157883851187661,266.197435897436,69.23076923076923,0.0524523335193258,0.263014574837113,Q3_media-alta,0,0,Pequeña
cauca,ulluco,35,2007,2024,18,1,97.2222222222222,49749.6,1421.4171428571428,113.31428571428572,101.4,13.173932998736316,0.8532069627439777,1212.7630032493655,0.6062038995165987,0.4483233342341857,77.48210785403973,0.1156673797479854,0.0456065604490056,0.9692703468113826,0.0056421287682075,0.3148152609363613,0.007902589783372,0.072513059973247,0.5412604588359827,18,17,17,1966.1666666666667,844.6235294117647,2.3278615835341423,1121.543137254902,82.35294117647058,0.0487760915292598,0.5608108454732106,Q3_media-alta,0,0,Pequeña
la guajira,melon,35,2007,2024,18,1,97.2222222222222,49723.73,1420.678,184.95,151.35,9.64276870898203,0.7805737688174182,1108.943980735992,0.7653966329875079,0.3424894532283839,168.2733365953472,0.6524861833869197,4.4849655875032456e-09,14.721297984965084,0.3064575776909904,0.653781512605042,3.3069432032387624e-08,0.4823529411764706,4.585425238199963e-05,18,17,17,1591.9833333333331,1239.2958823529411,1.2845869626475124,352.6874509803922,58.82352941176471,0.045482484809174,0.1195484664930085,Q3_media-alta,0,0,Pequeña
huila,arveja,35,2007,2024,18,1,97.2222222222222,49524.55,1414.987142857143,750.5654285714286,716.9285714285714,1.977105876012741,0.2588012725198579,366.2004731706666,0.2309774332797006,0.1278012277415646,-47.53861038210045,0.4775458619619558,4.315019747529803e-06,-27.660438889136024,0.7213762527253774,-0.5058823529411764,1.914540705938678e-05,-0.6067226890756303,2.9483823487628704e-07,18,17,17,1442.3111111111111,1386.055882352941,1.0405865517216175,56.25522875817023,58.82352941176471,0.0304304125341783,0.3037951755849065,Q3_media-alta,0,0,Pequeña
boyaca,ahuyama,33,2007,2024,18,3,91.66666666666666,49011.11,1485.1851515151516,111.70757575757575,101.01212121212124,13.653426298773946,1.3466818160522769,2000.0718370163,1.0808858023125518,0.3062865663597389,-29.16278178301387,0.0062972176883478,0.6606788968635424,1.059829435554773,0.0022820705984383,0.0568181818181818,0.6556644947844955,0.2104266348135406,0.0854167561403678,18,15,15,2077.44,774.4793333333332,2.6823698329802643,1302.9606666666664,66.66666666666666,0.0835938119724035,0.0821380302774234,Q3_media-alta,0,0,Pequeña
bolivar,frijol,35,2007,2024,18,1,97.2222222222222,48973.94000000001,1399.2554285714289,1782.6914285714286,1573.9685714285713,0.9023291558407206,0.3467376593350096,485.174552114663,0.1934950725904127,0.2979179096112342,50.71722521240161,0.3096526961475924,0.0005178269735934,-14.236331420607035,0.0482685141418457,0.3848739495798319,0.001145444500098,-0.1865546218487394,0.11494310136854,18,17,17,1363.458888888889,1437.1576470588238,0.9487190856752834,-73.69875816993476,47.05882352941176,0.0319083413466433,0.0999856046495873,Q3_media-alta,0,0,Pequeña
cesar,cebolla de rama,31,2008,2024,17,3,91.17647058823528,48937.82,1578.6393548387098,109.14032258064516,99.08387096774192,15.114370798810082,0.9130458967647131,1441.370185406778,0.7806507868093535,0.3854460591999966,129.5787650397276,0.1914033667531939,0.0138451677642763,8.435960272417704,0.2321763345433074,0.407328532181288,0.0013124145914771,0.5150874031287187,4.838012444342578e-05,16,15,15,1934.9825,1198.54,1.6144496637575718,736.4425000000001,53.333333333333336,0.0582826059187995,0.2898795021627748,Q3_media-alta,0,0,Pequeña
cundinamarca,pepino guiso,35,2007,2024,18,1,97.2222222222222,48651.15,1390.0328571428572,133.29285714285714,123.0042857142857,11.551261223420884,0.4617395742120612,641.8331795979178,0.3935196435618156,0.2420902931782623,-43.65902391649246,0.1311183993273517,0.0325520288388821,-3.9610745370164446,0.1615992593826789,-0.1529411764705882,0.1962427773515317,-0.1347940278133116,0.2557327791795776,18,17,17,1224.3583333333331,1565.4529411764706,0.782111235112058,-341.0946078431373,17.647058823529413,0.0344889116484736,0.503984235695357,Q3_media-alta,0,0,Pequeña
boyaca,trigo,35,2007,2024,18,1,97.2222222222222,48297.44,1379.9268571428572,957.398,903.7351428571428,1.5189718955587392,0.9252439506607096,1276.7689769256738,0.8389279543710143,0.2070227016973322,-161.80634580312264,0.4551204813285787,8.820076615018664e-06,-113.87884969529831,0.5696547233594847,-0.3949579831932773,0.0008458546226604,-0.5025210084033613,2.1739923315681585e-05,18,17,17,1418.3077777777778,1339.2882352941178,1.0590011473268162,79.01954248365996,64.70588235294117,0.0523319155265012,0.510900993894951,Q3_media-alta,0,0,Pequeña
huila,sorgo,35,2007,2024,18,1,97.2222222222222,47422.26,1354.9217142857144,339.92857142857144,336.8085714285714,4.288930141613288,1.0223066640216234,1385.1454977418878,1.0669580549357711,0.0969461530785639,-211.8516172175022,0.6628766193656072,2.698265911709306e-09,-55.96852156635976,0.6748038661043502,-0.6672268907563025,1.720679496627679e-08,-0.6941176470588235,4.4861480276574534e-09,18,17,17,1463.9499999999998,1239.4799999999998,1.1811001387678703,224.47000000000003,64.70588235294117,0.0575785886696348,0.2099145247108181,Q3_media-alta,0,0,Pequeña
caldas,cebolla de rama,34,2007,2024,18,2,94.44444444444444,46954.17999999999,1381.0052941176468,57.82068627450981,55.00974789915966,24.3574850668948,0.4308106732241822,594.9518204849833,0.4029339188996133,0.2569189424377452,21.26064667641294,0.0365901303412541,0.2784968672473193,1.830961149646956,0.1769696250797253,0.1556360587463354,0.1969158279235383,0.2921189172307231,0.0155993735792484,18,16,16,1414.0916666666667,1343.783125,1.0523213458769,70.30854166666677,37.5,0.0347099728316676,0.2898795021627748,Q3_media-alta,0,0,Pequeña
putumayo,arroz,35,2007,2024,18,1,97.2222222222222,45828.92999999999,1309.398,766.1285714285714,711.0714285714286,1.9422512022886769,0.3465856722882579,453.8185861229002,0.3219780670409534,0.3356036989103165,58.36354388149994,0.4686824331618386,5.743406055200112e-06,-2.402273030559142,0.0026875017712715,0.5618168513507794,2.09790809231201e-06,0.0789915966386554,0.5044736861420589,18,17,17,1330.0505555555555,1287.530588235294,1.033024432746518,42.51996732026146,35.294117647058826,0.0319054166204139,0.1516991903190055,Q3_media-alta,0,0,Pequeña
huila,patilla,35,2007,2024,18,1,97.2222222222222,45399.80999999999,1297.1374285714282,90.37142857142857,87.52,15.267050424845213,0.2908889228399132,377.3229093724776,0.3640328910338074,0.1714132089193763,-3.780132408107585,0.0028441179218873,0.7609264773519311,-1.3431416158830427,0.0472345725641642,0.0269133821006361,0.8202325929363365,0.0404382083439934,0.7331506141121467,18,17,17,1337.4827777777778,1254.4188235294116,1.0662170821182824,83.06395424836614,52.94117647058824,0.030919964428288,0.263014574837113,Q3_media-alta,0,0,Pequeña
tolima,habichuela,35,2007,2024,18,1,97.2222222222222,45029.2,1286.5485714285714,232.59,212.63285714285712,6.608437115558524,0.4345287225236723,559.0423072075127,0.4924728128084432,0.4371420227739699,-5.788408730335241,0.0030380082695034,0.753156547821018,-13.600834037631785,0.3995254121749673,-0.0588235294117647,0.6191537066890378,-0.465039395955925,8.826224926771572e-05,18,17,17,1303.2305555555556,1268.885294117647,1.027067270459456,34.345261437908675,58.82352941176471,0.0338120140112113,0.2623441076903596,Q3_media-alta,0,0,Pequeña
caldas,ahuyama,34,2007,2024,18,2,94.44444444444444,44137.0,1298.1470588235295,64.92669683257918,62.83846153846154,14.70658920329504,2.2612965282894946,2935.4954373268656,2.143298654317649,0.402635796168437,-75.45869629532231,0.0179158082244465,0.450437850464862,-3.489838244330207,0.0170521531622642,0.25360737719421,0.0363621514195786,0.1976908226819926,0.1073265240941752,18,16,16,984.2777777777778,1651.25,0.5960804104634536,-666.9722222222222,43.75,0.1753842955295726,0.0821380302774234,Q3_media-alta,0,0,Pequeña
huila,algodon,21,2007,2024,18,15,58.333333333333336,44130.56,2101.455238095238,811.7047619047619,788.3,2.4480626974988304,0.996232984896571,2093.5390244741534,0.8460410824209269,0.2947248071536103,-295.53827317608324,0.6487300015129763,1.0563272756845285e-05,-88.19956116291826,0.5369729371420253,-0.6857142857142857,2.402167297910013e-06,-0.5645997642338276,0.000361794044786,18,3,3,2415.986666666666,214.26666666666665,11.275606720597386,2201.72,33.33333333333333,0.0926294857231715,0.3480800845750301,Q3_media-alta,0,0,Pequeña
valle del cauca,frijol,35,2007,2024,18,1,97.2222222222222,42496.37,1214.182,1103.6097142857143,1050.5954285714288,1.188151439059031,0.1208045509409513,146.67871127058623,0.2309626701510307,0.1609604990191561,-12.027826312589898,0.1905460929753198,0.0087506430836749,-43.82240825586054,0.8376021655681293,-0.3047142365212909,0.0101411836377294,-0.7411764705882352,3.78048980548148e-10,18,17,17,1205.293888888889,1223.5929411764705,0.9850448203223636,-18.299052287581617,58.82352941176471,0.0289764793011865,0.0999856046495873,Q3_media-alta,0,0,Pequeña
cordoba,ahuyama,34,2007,2024,18,2,94.44444444444444,41540.64,1221.783529411765,120.06,109.47882352941176,12.479193371320228,1.5221242631864051,1859.706354479168,1.0250214240902005,0.4319511534975025,119.92804727519604,0.1201117087391797,0.0446465913258301,14.062382583472209,0.3771271731389803,0.4740638571009067,8.477168975356677e-05,0.5169979422723096,1.815406599799804e-05,18,16,16,1671.0277777777778,716.38375,2.332587496265483,954.644027777778,62.5,0.095550566604814,0.0821380302774234,Q3_media-alta,0,0,Pequeña
tolima,zanahoria,35,2007,2024,18,1,97.2222222222222,41457.5,1184.5,54.4,48.96,21.90179518535002,1.004913013953207,1190.3194650275736,0.6962663669568874,0.4552598721283074,-143.98356389840313,0.4146280605610739,2.999769472227943e-05,-4.15622080868289,0.3411996007718531,-0.4894558338052335,3.776071138474478e-05,-0.3757966949416111,0.0017311406228374,18,17,17,1144.5277777777778,1226.8235294117646,0.9329196500873717,-82.29575163398681,64.70588235294117,0.0565999229639392,0.2585650356001984,Q3_media-alta,0,0,Pequeña
cauca,ahuyama,35,2007,2024,18,1,97.2222222222222,39251.98,1121.485142857143,113.87142857142857,101.17714285714284,10.922151981700976,0.4922837250257004,552.0888836866942,0.400908569488039,0.3206995733469998,1.3947576471983731,0.0001808587064638,0.93888167495257,-4.028379520483966,0.2206482386419289,0.0016806722689075,0.9886692774919684,-0.3086020924442841,0.0093200421287153,18,17,17,1107.971111111111,1135.7941176470588,0.9755034771675112,-27.8230065359478,58.82352941176471,0.0352976906460866,0.0821380302774234,Q3_media-alta,0,0,Pequeña
tolima,arveja,35,2007,2024,18,1,97.2222222222222,38623.45,1103.527142857143,903.3,808.08,1.3455607568763657,0.726043973272652,801.2092314142176,0.5905603694159317,0.2725721145848092,-106.81500748780454,0.5036543447985992,1.8082494878695748e-06,-81.99988879498245,0.6695666755352525,-0.5798319327731093,9.60837563899264e-07,-0.6302521008403361,1.0065521335096145e-07,18,17,17,1117.967222222222,1088.2376470588233,1.0273190100009395,29.72957516339875,58.82352941176471,0.0432022489291986,0.3037951755849065,Q3_media-alta,0,0,Pequeña
antioquia,apio,35,2007,2024,18,1,97.2222222222222,38508.14000000001,1100.2325714285716,52.74285714285714,51.23714285714286,21.464143072369364,0.258881510777152,284.82987029765945,0.2428638284155163,0.0241632008818868,15.331139184199998,0.0820989706305764,0.0951643364612544,0.8257046691280043,0.1177487826482435,0.1211747016996465,0.3117758658745226,0.1600969265508223,0.1911217142528058,18,17,17,1124.8744444444446,1074.1411764705883,1.0472314711373003,50.7332679738563,47.05882352941176,0.0304315654246178,0.4154769006067405,Q3_media-alta,0,0,Pequeña
caldas,frijol,35,2007,2024,18,1,97.2222222222222,38364.30000000001,1096.1228571428574,747.0937142857142,704.5948571428571,1.6127709944901034,0.5174895723754216,567.2321486137826,0.5879399289124669,0.158541943355207,-73.32914090417094,0.4735779171689458,4.907060687446691e-06,-60.95362098364547,0.5456860703105657,-0.5529411764705882,2.978873498432072e-06,-0.7266613167171758,8.48184219843431e-10,18,17,17,1213.535,971.8041176470588,1.2487444516475423,241.7308823529413,88.23529411764706,0.0360041188208882,0.0999856046495873,Q3_media-alta,0,0,Pequeña
cundinamarca,sorgo,34,2007,2024,18,2,94.44444444444444,38078.7,1119.9617647058824,442.2058823529412,439.20882352941175,2.379550405460266,1.424988497964213,1595.9326328655843,1.402379454308627,0.2936127668310365,-229.9669846925619,0.5920807599268711,1.0484607441862237e-07,-89.29070692390034,0.5911687765032835,-0.7290552584670232,1.334417860812313e-09,-0.7421947645329543,6.931402825559352e-10,17,17,16,954.120588235294,1285.8029411764703,0.7420426238582896,-331.6823529411764,43.75,0.0873784976106401,0.2099145247108181,Q3_media-alta,0,0,Pequeña
vichada,arroz,28,2007,2024,18,8,77.77777777777779,37862.85,1352.2446428571427,384.3571428571428,356.7142857142857,2.674467485886777,1.514661094433617,2048.192350691995,1.3485828658878127,0.4572556255148142,39.640501842926,0.012232592609328,0.5752838488441119,18.37879217465268,0.0410573060521361,0.3607439746448971,0.007189517250165,0.437086476107774,0.0011123083533451,18,10,10,1509.5,1069.185,1.4118230240790883,440.31500000000005,40.0,0.1147236635672866,0.1516991903190055,Q3_media-alta,0,0,Pequeña
boyaca,habichuela,35,2007,2024,18,1,97.2222222222222,37254.45,1064.412857142857,102.95142857142858,98.31142857142858,10.488423474234946,0.4117169015913368,438.2367635568394,0.2932572879578944,0.1957042139084378,-69.60697033050133,0.7149040720334906,1.6398293403801387e-10,-4.055240721794702,0.511247055166756,-0.6369747899159663,7.352259896723219e-08,-0.5202027573761265,1.1380618033912804e-05,18,17,17,1098.0277777777778,1028.820588235294,1.067268472592673,69.20718954248377,64.70588235294117,0.0332762183182881,0.2623441076903596,Q3_media-alta,0,0,Pequeña
narino,brocoli,34,2007,2024,18,2,94.44444444444444,37168.95,1093.2044117647058,54.8235294117647,53.170588235294126,19.80210900300376,0.4176896305669909,456.6201468842046,0.3387823955218616,0.1666009274015986,46.34497074810175,0.2765968976776968,0.0014006136062027,1.8400531098294683,0.2635343825370523,0.2762923351158646,0.0215738173628576,0.2522377503819918,0.0365132005960478,17,17,16,1138.6735294117643,1047.735294117647,1.0867950481430535,90.93823529411748,50.0,0.0343921563208869,0.2881508369193286,Q3_media-alta,0,0,Pequeña
norte de santander,cilantro,35,2007,2024,18,1,97.2222222222222,36473.84,1042.1097142857143,106.94857142857146,106.096,9.810378799407706,0.401380589374104,418.2826113124792,0.3418346069507733,0.0436807962359576,43.50050294322615,0.3064847419266103,0.0005609201358638,4.7975564550805885,0.4879980418953409,0.3465097945456903,0.0034358271863296,0.4523247015855261,0.0001401495291126,18,17,17,1108.3811111111108,971.94,1.1403801789319412,136.4411111111109,70.58823529411765,0.0330429525190974,0.1839147916650591,Q3_media-alta,0,0,Pequeña
santander,ajo,34,2007,2024,18,2,94.44444444444444,36283.6,1067.1647058823528,122.69117647058825,111.39117647058823,9.2478674580783,1.0446145337759412,1114.7757616974334,0.94315346992313,0.2779081470432052,89.94639168863387,0.1870949137204466,0.0106216383836355,10.73840905566754,0.2474902051579025,0.164139226771711,0.1725679833296834,0.1787146277260016,0.1414471820724838,18,16,16,1338.0055555555557,762.46875,1.7548333037328487,575.5368055555555,62.5,0.0605624950673058,0.3055059117959323,Q3_media-alta,0,0,Pequeña
valle del cauca,lechuga,35,2007,2024,18,1,97.2222222222222,36212.69,1034.6482857142855,62.760571428571424,58.792,16.842359387401704,0.5508177412121833,569.9026316862005,0.3881586776048391,0.1692948246535637,87.78554067879547,0.6723641901676931,1.6737397637533922e-09,3.4271245347923447,0.5608249392499823,0.5663865546218487,1.7023754991189844e-06,0.5321014268849118,7.599747561903269e-06,18,17,17,1066.263333333333,1001.1735294117648,1.0650135086569976,65.08980392156855,52.94117647058824,0.0369923316384972,0.32357480833283,Q3_media-alta,0,0,Pequeña
cundinamarca,coliflor,35,2007,2024,18,1,97.2222222222222,35895.99,1025.5997142857143,51.51199999999999,45.92457142857143,21.443014321187466,0.6668106318354272,683.8807934930908,0.5523037974217512,0.2125784273455842,-65.76946799519595,0.2620883804878403,0.0016683312234179,-2.164046528179352,0.1639533250451405,-0.4306141136101782,0.0002769760281649,-0.349666651952942,0.0032644265449143,18,17,17,1149.9116666666666,893.975294117647,1.2862902076076148,255.9363725490197,70.58823529411765,0.0409123577443084,0.2897697174055221,Q3_media-alta,0,0,Pequeña
boyaca,pepino guiso,35,2007,2024,18,1,97.2222222222222,34983.3,999.5228571428572,86.32857142857142,82.04857142857144,12.043684489705129,0.2536221174550652,253.5011034733081,0.1922725011566522,0.1455395747079443,-8.505843452989938,0.0319032543158229,0.3046050508388798,0.4395860207879247,0.0198748660002769,-0.1831932773109243,0.1216328679332113,0.0659913592119804,0.5792691659100566,18,17,17,1045.8111111111111,950.5117647058825,1.100261090860582,95.2993464052288,47.05882352941176,0.0303567527083439,0.503984235695357,Q3_media-alta,0,0,Pequeña
boyaca,cebada,35,2007,2024,18,1,97.2222222222222,34982.65,999.5042857142856,644.7834285714285,561.6954285714285,1.819611795524057,0.4142527479458447,414.04739694079154,0.4524327988568488,0.2642986215380832,-2.1319113918419976,0.0007512735630467,0.8757996081149642,-28.179943656124443,0.2644260679389963,-0.0319327731092436,0.7872931892354373,-0.3263247579702132,0.0058628362442532,18,17,17,1147.7377777777776,842.5511764705883,1.362217287008729,305.18660130718933,82.35294117647058,0.0333343522711373,0.4604828939274232,Q3_media-alta,0,0,Pequeña
cundinamarca,girasol,20,2007,2018,12,4,83.33333333333334,34347.0,1717.35,129.85,129.5,13.939698934969908,0.1742983274544521,299.33123265390344,0.2498131760907173,0.2271335030320789,38.90303579519709,0.1962057133530627,0.0504708096445145,6.75079293158133,0.5030877196137075,0.2859907054531067,0.0878250956301949,0.6233305484932347,0.0002898093716556,10,10,9,1751.4,1683.3,1.0404562466583498,68.10000000000014,22.22222222222222,0.0514430455802874,1.0,Q3_media-alta,0,0,Pequeña
la guajira,frijol,35,2007,2024,18,1,97.2222222222222,34289.02,979.6862857142856,1117.8714285714286,939.9985714285714,0.99845235832667,0.5156608970091741,505.18590887901456,0.2740605541579941,0.1923578864821994,63.66599513663392,0.4500621910742446,1.032403814395312e-05,34.23495025428882,0.3538527295032129,0.4151260504201681,0.0004519072031468,0.4319327731092437,0.000262477227264,18,17,17,1027.286111111111,929.2864705882354,1.105456867849203,97.99964052287568,35.294117647058826,0.0359516811950582,0.0999856046495873,Q3_media-alta,0,0,Pequeña
valle del cauca,zanahoria,35,2007,2024,18,1,97.2222222222222,33451.560000000005,955.7588571428572,79.0977636820494,76.24062082490654,12.546059847950549,0.6181943225910237,590.8446992517996,0.5324048956618445,0.2299281447258896,-30.68982874427295,0.0764543439500449,0.107849205993631,-3.866956620272755,0.2389384450506477,-0.3364172762579517,0.0045032583403284,-0.405724480671995,0.0006188041979866,18,17,17,1013.9311111111112,894.1647058823529,1.1339422194153526,119.76640522875834,64.70588235294117,0.0391784355073047,0.2585650356001984,Q3_media-alta,0,0,Pequeña
sucre,melon,26,2007,2024,18,10,72.22222222222221,33203.05,1277.0403846153847,139.6153846153846,109.3076923076923,9.461548090675317,1.405042530721755,1794.2960538338834,0.9549822541005688,0.6581507746372571,162.88935596035077,0.2443110039937587,0.0102685908403269,10.027868597228707,0.1676895240236997,0.3574734597895921,0.0105445382063141,0.2941232854930985,0.0360533642244892,18,8,8,1620.9777777777776,503.18125,3.221459022524742,1117.7965277777776,87.5,0.1114698414621669,0.1195484664930085,Q3_media-alta,0,0,Pequeña
norte de santander,lechuga,35,2007,2024,18,1,97.2222222222222,33184.0,948.1142857142858,45.08571428571429,43.92857142857143,19.86099601956812,0.6271156929042543,594.5773472381364,0.3053212178588284,0.403043981197545,83.63228207523393,0.5606490625520476,2.302394518489469e-07,1.8277508414513004,0.4995765301266106,0.6424994383676079,6.200193472960015e-08,0.5785665334673262,1.397734533240586e-06,18,17,17,1002.6666666666666,890.3529411764706,1.1261451726568006,112.31372549019602,47.05882352941176,0.0394867911328576,0.32357480833283,Q3_media-alta,0,0,Pequeña
huila,pimenton,35,2007,2024,18,1,97.2222222222222,32976.38,942.1822857142856,124.17314285714286,120.03085714285714,7.76093721387887,0.4181144849233548,393.9400610953376,0.3605958898168669,0.1471467649327939,-10.003839686846671,0.0182739770172539,0.4387754136086705,-3.224199249736816,0.1469287477911467,0.0706476280141698,0.5508276950439983,0.0319865773143896,0.7872513090571576,18,17,17,1003.3288888888889,877.4388235294118,1.143474464525169,125.89006535947692,70.58823529411765,0.0334235678082388,0.2091419586284787,Q3_media-alta,0,0,Pequeña
norte de santander,ahuyama,35,2007,2024,18,1,97.2222222222222,32057.26,915.9217142857142,50.96588513602313,48.86017085030884,18.12632376754679,0.698426506242356,639.7040029000808,0.7170206793463847,0.1580667081107505,108.9924066248536,0.822610542518132,6.115991924723197e-14,6.278815972726215,0.8365519723972231,0.7716958092312088,7.706306116927288e-11,0.8142848054862153,8.781444723747328e-12,18,17,17,993.9444444444443,833.3094117647058,1.192767572778952,160.63503267973863,41.17647058823529,0.0421103558180773,0.0821380302774234,Q3_media-alta,0,0,Pequeña
antioquia,ahuyama,35,2007,2024,18,1,97.2222222222222,31528.83,900.8237142857142,81.33,80.62400000000001,11.053764245971877,0.5896595882085303,531.179340414193,0.5959539924214879,0.155311635433171,44.73699108877127,0.2010069689449589,0.0069106081112473,4.11070311225776,0.2038286064217859,0.380072447774937,0.0013863763181007,0.3628957137819218,0.0024290084119855,18,17,17,983.4405555555556,813.3470588235294,1.209127819283024,170.0934967320261,52.94117647058824,0.0382218339745735,0.0821380302774234,Q3_media-alta,0,0,Pequeña
narino,pepino cohombro,34,2007,2024,18,2,94.44444444444444,31180.97,917.0873529411764,37.1614705882353,35.68382352941177,23.60103213451851,1.0456294304694909,958.9335265466552,0.7451398652527623,0.3973257794362155,31.02560972573753,0.0281070886501256,0.3432645412615918,1.9367048670179667,0.1313462641976457,0.1586452762923351,0.1870436230806085,0.2808604738295938,0.0198876244952166,17,17,16,879.3788235294118,954.7958823529412,0.9210123752967218,-75.41705882352949,25.0,0.0606230535410989,0.150174084135566,Q3_media-alta,0,0,Pequeña
cundinamarca,remolacha,35,2007,2024,18,1,97.2222222222222,31066.6,887.6171428571428,40.79857142857143,36.53057142857143,23.02361139542752,1.0192175537292687,904.6749729910198,0.7122495764656154,0.382386511520381,35.803757246860314,0.0443845661243824,0.2244404997357628,-0.3856538113666355,0.0049911528120198,-0.1009251828773855,0.3941187122115482,-0.2464156956398761,0.0380240950825368,18,17,17,1204.8666666666666,551.7058823529412,2.1838930945019013,653.1607843137253,76.47058823529412,0.0574035512997679,0.5121386892145101,Q3_media-alta,0,0,Pequeña
cundinamarca,pepino cohombro,35,2007,2024,18,1,97.2222222222222,31004.44,885.8411428571429,74.32857142857142,69.26914285714285,12.474556720677024,0.4451016846359682,394.2893850055657,0.2832770536115687,0.2333127637968405,17.8550319529084,0.0581100188467054,0.163013081388184,0.8518971575997527,0.0463873856352315,0.2257799965872969,0.0569497991038225,0.0879136269757851,0.4598790344258247,18,17,17,920.9688888888892,848.6470588235294,1.0852201504894374,72.32183006535968,64.70588235294117,0.0340701447580705,0.150174084135566,Q3_media-alta,0,0,Pequeña
la guajira,aji,35,2007,2024,18,1,97.2222222222222,30741.300000000003,878.3228571428572,185.88285714285712,148.62571428571428,6.0834580242015,0.2945750880804057,258.73203300589074,0.3139684984339929,0.1376961689098259,9.94340628382486,0.0418533177878574,0.2384458923283759,2.417251605059084,0.0486130430244547,0.1966386554621848,0.0965995143038124,0.1988211910246345,0.0936841108854954,18,17,17,786.5416666666666,975.5029411764706,0.8062934856127507,-188.961274509804,11.76470588235294,0.0309798631882429,0.2079344443894293,Q3_media-alta,0,0,Pequeña
boyaca,avena,35,2007,2024,18,1,97.2222222222222,30691.820000000003,876.9091428571429,379.70685714285713,370.1857142857143,2.2256874549896515,0.7239916256097558,634.8748758492005,0.6563805824380995,0.2000907816253337,52.06492237889775,0.1905785823169876,0.0087442539402892,13.886201977966582,0.0879667503935889,0.2590413027186228,0.028724927331619,0.1749369836541349,0.1396493986104293,18,17,17,1071.111111111111,671.2835294117647,1.5956165527399564,399.8275816993464,94.11764705882352,0.0431196503791052,0.5499585277603037,Q3_media-alta,0,0,Pequeña
boyaca,lechuga,35,2007,2024,18,1,97.2222222222222,30237.63,863.9322857142856,69.84028571428573,65.54342857142858,13.857476980972782,0.9784625541466108,845.3253908897195,0.9585404690448688,0.2920057793794838,133.18475512655135,0.7034303922059553,3.1679707270946056e-10,9.280019127263024,0.5445336776987492,0.7232971439545962,1.0137404344708983e-09,0.6919201724323236,5.2841906412402e-09,18,17,17,745.4822222222223,989.35,0.7535070725448246,-243.8677777777777,47.05882352941176,0.0551438571228422,0.32357480833283,Q3_media-alta,0,0,Pequeña
cordoba,berenjena,35,2007,2024,18,1,97.2222222222222,29806.56,851.616,102.5085714285714,94.81142857142856,7.73445713221613,0.987576485795758,841.0359365274402,0.5953613723984099,0.500132309766904,90.49739454057504,0.3280975359290221,0.0003231041555856,7.847849294960191,0.4685754839608861,0.4629636190240608,9.376601805161268e-05,0.4717790973465905,6.961304256778393e-05,18,17,17,1134.8755555555554,551.6941176470588,2.05707387346403,583.1814379084966,94.11764705882352,0.055641182628643,0.2698952625015421,Q3_media-alta,0,0,Pequeña
antioquia,arveja,35,2007,2024,18,1,97.2222222222222,29652.94,847.2268571428572,396.36028571428574,374.9468571428572,2.2245980417884166,0.3904247525746903,330.7783360746325,0.2655287518036117,0.2089380282088375,34.19885414349898,0.3029067259087484,0.00061369460698,8.74658867488101,0.1957194365190524,0.3411764705882353,0.0039404413309858,0.299411375869577,0.0114678463800049,18,17,17,860.2577777777777,833.429411764706,1.032190327860239,26.828366013071783,64.70588235294117,0.0328021800590875,0.3037951755849065,Q3_media-alta,0,0,Pequeña
norte de santander,habichuela,35,2007,2024,18,1,97.2222222222222,29599.25,845.6928571428572,85.77142857142857,83.27742857142857,10.52818562428924,0.2822942689973331,238.7342469034089,0.3957501913452169,0.1596586966263913,7.562588407988971,0.0284361898356394,0.3328658467953467,3.493172011921179,0.3001043653781954,0.2403361344537815,0.0422748016420176,0.4410709363050333,0.0002179714625442,18,17,17,792.8283333333334,901.6670588235294,0.8792916693305778,-108.838725490196,35.294117647058826,0.0307832341604058,0.2623441076903596,Q3_media-alta,0,0,Pequeña
valle del cauca,cebolla de bulbo,35,2007,2024,18,1,97.2222222222222,29180.05,833.7157142857143,58.44542857142858,55.816389610389606,15.121002777786394,0.2871776344697456,239.4245066488257,0.2221192551566677,0.2181861428192809,5.98785344661418,0.0177241348529076,0.4458100860097865,0.2704516406446922,0.0122988824848437,0.0741367152973213,0.5319368444553125,0.0713722380301414,0.5502641119259442,18,17,17,845.1011111111112,821.6605882352942,1.0285282307700323,23.44052287581701,58.82352941176471,0.0308604194180797,0.3270575890803964,Q3_media-alta,0,0,Pequeña
cundinamarca,ajo,35,2007,2024,18,1,97.2222222222222,29115.5,831.8714285714286,59.93257142857144,56.63714285714286,13.317391616765253,0.8462359610069683,703.9595177913825,0.4986435563969185,0.3516072320314076,87.83267351689577,0.4411403238658741,1.3584303360521955e-05,3.120543570125885,0.3089684817220609,0.3666948311211674,0.0019600195220921,0.3071757301812155,0.0097106844172734,18,17,17,874.088888888889,787.1705882352941,1.110418633460952,86.91830065359488,76.47058823529412,0.0484472818431405,0.3055059117959323,Q3_media-alta,0,0,Pequeña
antioquia,habichuela,35,2007,2024,18,1,97.2222222222222,27982.6,799.5028571428572,147.53190476190477,139.89476190476185,5.743636867129681,0.4005443560716095,320.23635709169776,0.3624597601171644,0.1602908208277757,-21.084244473110623,0.1228385655484193,0.0390014030374298,-4.705051920387092,0.2193801187692129,-0.1529411764705882,0.1962427773515317,-0.2354920933805662,0.0467673573975998,18,17,17,821.7944444444445,775.9,1.0591499477309505,45.8944444444445,82.35294117647058,0.0330243400491003,0.2623441076903596,Q3_media-alta,0,0,Pequeña
cauca,cebolla de rama,35,2007,2024,18,1,97.2222222222222,27607.6,788.7885714285715,111.58114285714286,101.90885714285716,7.812557833412953,0.3598889245348472,283.8762706568071,0.2696735353708325,0.2697953543889405,-5.879630947615024,0.012156313042117,0.5283549663924558,1.8865511617217503,0.11138810872654,-0.0554621848739495,0.6393217922234354,0.2340070656157979,0.0483365856311604,18,17,17,876.3805555555557,696.0441176470587,1.2590876545557417,180.33643790849703,70.58823529411765,0.032166270442528,0.2898795021627748,Q3_media-alta,0,0,Pequeña
sucre,tabaco,22,2009,2024,16,10,68.75,27129.7,1233.168181818182,462.5340909090909,373.6363636363636,2.929469635170574,1.0104315439843627,1246.032029946935,0.7084885843743208,0.5606519251114527,-24.20321756894792,0.0087947034200909,0.6780624577327046,-21.752808988764045,0.1027095637274484,-0.1995666300433011,0.1944176859014761,-0.29004329004329,0.0621580026175304,16,6,6,1327.528125,981.5416666666666,1.3524928895869597,345.9864583333334,66.66666666666666,0.0897529132368824,0.2568290616704286,Q3_media-alta,0,0,Pequeña
tolima,repollo,31,2009,2024,16,1,96.875,27117.3,874.7516129032258,25.20967741935484,24.374193548387098,25.094825929771822,1.909723801183268,1670.5339752847426,1.4737064940917637,0.5453865535736754,-168.06821421782914,0.2290371285291967,0.0064602053943003,-3.4769055312678168,0.1981867221072471,-0.5086687329389822,6.387735163420184e-05,0.0774656746992314,0.5499227926276274,16,15,15,834.5,917.6866666666666,0.909351775842154,-83.18666666666661,20.0,0.1461096252905057,0.3206419693269532,Q3_media-alta,0,0,Pequeña
narino,mani,35,2007,2024,18,1,97.2222222222222,27082.800000000003,773.7942857142858,608.6191428571428,546.922,1.3806683969316256,0.495772750454127,383.62612131425806,0.376485569649934,0.2993367822364168,10.97440875998992,0.0231902721809746,0.3824931384853206,-13.24303396942604,0.0946557549712047,0.1058823529411764,0.3709527086192641,-0.1966386554621848,0.0965995143038124,18,17,17,799.3861111111111,746.6970588235295,1.0705628228542867,52.6890522875816,52.94117647058824,0.0353933723127811,0.3633102890771709,Q2_media-baja,0,0,Pequeña
cundinamarca,acelga,35,2007,2024,18,1,97.2222222222222,26887.390000000003,768.2111428571429,43.31371428571428,39.428,19.23757690801349,0.5765203802064574,442.8893801588372,0.541732647220961,0.1446955172041314,47.22940586865949,0.3222510600141539,0.0003756498086747,2.2693072668772154,0.2650486877182216,0.4756302521008403,5.8444363787764376e-05,0.4562296027473472,0.0001184246689007,18,17,17,799.4500000000002,735.1347058823529,1.0874877673479613,64.31529411764723,64.70588235294117,0.037796551395082,0.4325045587847745,Q2_media-baja,0,0,Pequeña
tolima,patilla,34,2007,2024,18,2,94.44444444444444,26866.0,790.1764705882352,52.47058823529412,48.794117647058826,19.591629246587505,1.477886273685209,1167.790959671377,1.552473999375123,0.3340791281601064,-141.15741363497395,0.425956111916095,2.874522692107269e-05,-10.193809232650562,0.4565413873691969,-0.5071757888116235,2.688145009372943e-05,-0.6780402679726142,2.0424548623801005e-08,18,16,16,878.9444444444445,690.3125,1.273255872441024,188.63194444444449,56.25,0.0917620057545467,0.263014574837113,Q3_media-alta,0,0,Pequeña
magdalena,frijol,35,2007,2024,18,1,97.2222222222222,25028.17,715.0905714285715,1221.5617142857143,973.4928571428572,0.7847505319949666,0.3658452937498919,261.6125201620638,0.4012942391840021,0.4015074792924239,15.221023827528436,0.095924734533191,0.0702059880250484,-57.76470753080381,0.393485202565755,0.2085787112799301,0.0782121419088477,-0.4890756302521009,3.586565198169301e-05,18,17,17,655.7827777777778,777.8870588235294,0.8430308363396337,-122.10428104575158,29.411764705882355,0.0322862485588605,0.0999856046495873,Q2_media-baja,0,0,Pequeña
meta,frijol,32,2007,2024,18,4,88.88888888888889,24932.56,779.1425,700.7859375,659.9265625,1.1444118865648611,1.0087434937141169,785.9549275511514,0.8372609740896423,0.3759283510416737,42.78128254923693,0.0734377622460385,0.1335582910699057,12.770067411617577,0.0117408906258016,0.1392533504127388,0.2631049790414154,0.1373740177005568,0.2700232946524249,15,17,14,291.01666666666665,1209.8417647058825,0.2405410981471729,-918.8250980392158,21.428571428571427,0.0620551430853783,0.0999856046495873,Q3_media-alta,0,0,Pequeña
huila,pepino cohombro,35,2007,2024,18,1,97.2222222222222,24855.39,710.154,63.254571428571424,60.10457142857144,11.808671387882796,0.6705044751673236,476.1614350579755,0.6361312320388757,0.1667268763549156,78.18898803434016,0.7640867541557476,6.990053811027589e-12,6.403949705677389,0.7177587174352167,0.7310924369747899,6.507389884072056e-10,0.7312576008872154,7.035545126083861e-10,18,17,17,675.55,746.7935294117647,0.9046007676741898,-71.24352941176471,52.94117647058824,0.0410494632991509,0.150174084135566,Q2_media-baja,0,0,Pequeña
narino,ulluco,35,2007,2024,18,1,97.2222222222222,24022.200000000004,686.3485714285715,143.74380952380957,135.55238095238096,5.701434664523336,0.5689532713828114,390.500265023205,0.6469959751875213,0.343995264236227,10.42823717806148,0.0202087316800527,0.4152894917905207,-2.369120096476532,0.0183887673320259,0.1899159663865546,0.1085462309037795,-0.042016806722689,0.7225627705707576,18,17,17,725.4666666666667,644.9294117647058,1.1248776275865424,80.53725490196086,64.70588235294117,0.0375559722861917,0.5608108454732106,Q2_media-baja,0,0,Pequeña
cordoba,frijol,35,2007,2024,18,1,97.2222222222222,23509.56,671.7017142857143,667.24,575.417142857143,1.0705010975243536,0.9882879791152758,663.834729779695,0.8388301265603064,0.3204028212760096,56.55804427442435,0.2056973757792694,0.0062127315042026,52.01172397431908,0.2447091646933214,0.2840336134453781,0.0163931900672441,0.2436974789915966,0.0394743509145027,18,17,17,373.48777777777775,987.4576470588236,0.3782316931670172,-613.9698692810459,11.76470588235294,0.0556802011498512,0.0999856046495873,Q2_media-baja,0,0,Pequeña
antioquia,cilantro,35,2007,2024,18,1,97.2222222222222,23168.94,661.9697142857143,102.646,98.33428571428573,6.54879329477133,0.4588939136528872,303.773872908255,0.3839996692273038,0.1146067106885403,53.87668505256293,0.891375760039425,1.8015838523586405e-17,6.5958717732010745,0.7935212674751151,0.8097654572748118,8.358315862389036e-12,0.668351115463826,1.7093535446776274e-08,18,17,17,671.1672222222221,652.2311764705883,1.0290327209657506,18.936045751633856,58.82352941176471,0.034416198543331,0.1839147916650591,Q2_media-baja,0,0,Pequeña
bolivar,sorgo,35,2007,2024,18,1,97.2222222222222,23143.5,661.2428571428571,464.1428571428572,402.74285714285713,1.195373133474608,1.7839266779353466,1179.6087734513342,1.473033076502206,0.4872192828897004,-140.59727473570277,0.4025666008151462,4.254904922838116e-05,-84.7060480702223,0.4349711207078258,-0.5000179555779061,2.727913284470744e-05,-0.4551632686715572,0.0001495865653592,18,17,17,361.94444444444446,978.1470588235294,0.3700307036446796,-616.2026143790849,0.0,0.1168991096624335,0.2099145247108181,Q2_media-baja,0,0,Pequeña
boyaca,repollo,35,2007,2024,18,1,97.2222222222222,22828.4,652.24,38.48571428571429,34.04571428571428,19.47479883432097,0.6627742696553539,432.2878896400081,0.728159849719144,0.3716473657975936,21.421403259048382,0.0695840366113468,0.1257252281710401,-0.0458387082425158,7.581796167419574e-05,0.2605042016806723,0.0277203138639452,0.1055405151954703,0.3776791307436542,18,17,17,762.3277777777778,535.6764705882352,1.423112306838217,226.6513071895425,76.47058823529412,0.0407634048208852,0.3206419693269532,Q2_media-baja,0,0,Pequeña
quindio,ahuyama,34,2007,2024,18,2,94.44444444444444,22371.76,657.9929411764706,44.33235294117647,43.85882352941176,14.09408228530824,0.792721651871124,521.605251248951,0.6324430399481492,0.3390871032140853,-71.37184639824036,0.5462307882612892,5.978364385463034e-07,-2.948759699395125,0.3227012047482869,-0.5828877005347595,1.2496847432445089e-06,-0.4196435262178902,0.0004930389728456,18,16,16,713.4255555555557,595.6312499999999,1.1977638103366064,117.79430555555577,62.5,0.0473507364813099,0.0821380302774234,Q2_media-baja,0,0,Pequeña
antioquia,coliflor,35,2007,2024,18,1,97.2222222222222,22268.0,636.2285714285714,30.45,28.63142857142857,22.438934029883622,0.464722819845206,295.6699357803728,0.4707040125132339,0.0441693341149613,24.181442106667863,0.1895439748930297,0.0089499489226558,1.2236221698323038,0.2065305028572419,0.3105512876557343,0.0089343001108364,0.3070976506249798,0.0107577234530115,18,17,17,660.6111111111111,610.4117647058823,1.082238497531935,50.199346405228766,29.411764705882355,0.0345656230005599,0.2897697174055221,Q2_media-baja,0,0,Pequeña
cauca,habichuela,35,2007,2024,18,1,97.2222222222222,22002.35,628.6385714285714,95.30857142857144,84.5482857142857,7.278536629419602,0.5185191514516491,325.9611386269197,0.4492632859374298,0.2253676003353865,33.27714514478893,0.2953387230948793,0.0007413220331142,4.835222335898463,0.3613491541956758,0.4050420168067227,0.0006203779967807,0.4339782863727577,0.0002479781655161,18,17,17,598.6066666666667,660.4370588235295,0.9063795840484716,-61.83039215686279,47.05882352941176,0.0360337238811042,0.2623441076903596,Q2_media-baja,0,0,Pequeña
antioquia,pepino cohombro,35,2007,2024,18,1,97.2222222222222,21627.16,617.9188571428572,30.367999999999995,28.29085714285714,20.93213644133944,0.761794362059283,470.7271015815441,0.732361882043489,0.3686979482473701,65.53577509897248,0.5492605376600368,3.544879825314499e-07,3.1875797339975995,0.5821007939784196,0.5123208567850771,1.7352100158315218e-05,0.6593523829430085,3.8525182365599386e-08,18,17,17,639.7933333333334,594.7576470588235,1.0757210714266876,45.035686274509885,47.05882352941176,0.0446785649814045,0.150174084135566,Q2_media-baja,0,0,Pequeña
caldas,patilla,24,2007,2024,18,12,66.66666666666666,21299.6,887.4833333333332,43.04166666666666,42.54166666666666,14.744907407407403,4.523508397480625,4014.5383109574295,4.241148914409946,0.7139704940468287,-135.39598907047483,0.0299776190377135,0.4184756199523536,-5.798937980100016,0.0265955194163883,-0.2647345100372679,0.0733418331179249,0.1208588838002806,0.4233241615420891,13,11,10,57.61538461538461,1868.236363636364,0.0308394514403098,-1810.620979020979,0.0,0.8587308144232424,0.263014574837113,Q3_media-alta,0,0,Pequeña
norte de santander,arveja,35,2007,2024,18,1,97.2222222222222,20870.91,596.3117142857143,303.1028571428571,292.46000000000004,2.053305976943769,0.5295422876918956,315.77226936033315,0.4962592259125085,0.1656684643851185,15.846369971679795,0.0713627421152495,0.1208154224566629,9.8204231721602,0.1207878024834335,0.3465097945456903,0.0034358271863296,0.5584526785882,2.4129446325063206e-06,18,17,17,637.3605555555555,552.8482352941177,1.1528671249470064,84.51232026143782,47.05882352941176,0.0363543764664774,0.3037951755849065,Q2_media-baja,0,0,Pequeña
norte de santander,repollo,35,2007,2024,18,1,97.2222222222222,20846.75,595.6214285714286,42.91428571428571,40.68571428571428,15.126504726465695,0.3512611501866911,209.21866807584013,0.40115108049828,0.1466682104237641,16.171051851192864,0.1692916729109172,0.0140636788465651,2.176778909597735,0.4530737031371942,0.307563025210084,0.0093533348845003,0.5320251856575409,8.997562662436685e-06,18,17,17,656.1972222222222,531.4823529411765,1.23465476998603,124.71486928104572,47.05882352941176,0.0319959750623969,0.3206419693269532,Q2_media-baja,0,0,Pequeña
bolivar,ajonjoli,35,2007,2024,18,1,97.2222222222222,20773.65,593.5328571428572,936.3714285714286,796.0828571428572,0.7757384808697689,0.6047179475938629,358.91997120095004,0.5849753343317348,0.1697463918047903,3.948744866035024,0.0034299107813556,0.7382424534055845,7.611820352000957,0.0054722454287949,-0.013456691050318,0.9095367216432656,-0.006728345525159,0.954695387014737,18,17,17,520.2055555555556,671.1735294117648,0.775068641356399,-150.96797385620914,35.294117647058826,0.0387210196480265,0.2887752369291305,Q2_media-baja,0,0,Pequeña
tolima,cebolla de rama,34,2007,2024,18,2,94.44444444444444,20763.5,610.6911764705883,75.83823529411765,70.82352941176471,8.981826909040725,0.5923045615430921,361.71516951764687,0.4636605174257391,0.4744498663059827,40.38178202068416,0.3490759630055805,0.0002342456797014,1.1576133651551317,0.0303551809084991,0.2976827094474154,0.0132981951216873,0.1985701439177382,0.0997149876196491,18,16,16,637.5277777777778,580.5,1.0982390659393244,57.02777777777783,56.25,0.0394266564789073,0.2898795021627748,Q2_media-baja,0,0,Pequeña
norte de santander,apio,35,2007,2024,18,1,97.2222222222222,19965.0,570.4285714285714,42.51428571428571,42.34285714285714,13.794642857142858,0.2555907194851974,145.79624898634188,0.3192331216891798,0.0889442414631239,20.71823614014798,0.5722328417390902,1.4678401358672338e-07,1.9864774698634409,0.6070738803342318,0.6259024075937806,2.690827390541999e-07,0.6386637053837023,1.4745214395942425e-07,18,17,17,604.6666666666666,534.1764705882352,1.1319605036156075,70.49019607843138,35.294117647058826,0.0303845754613523,0.4154769006067405,Q2_media-baja,0,0,Pequeña
cauca,patilla,35,2007,2024,18,1,97.2222222222222,19964.9,570.4257142857143,56.457142857142856,47.94285714285714,11.293799599079728,0.9615643549752992,548.5010340184672,0.578330100406165,0.3480343988159483,77.08801061637236,0.5597301465978027,2.384925982242051e-07,5.402606645611851,0.7758490542773956,0.5740748875898354,1.2746558150286833e-06,0.6616092650056951,2.55075301115081e-08,18,17,17,592.4166666666666,547.1411764705882,1.082749191877925,45.27549019607841,58.82352941176471,0.0542339626920882,0.263014574837113,Q2_media-baja,0,0,Pequeña
cordoba,aji,30,2009,2024,16,2,93.75,19702.35,656.745,102.61833333333333,87.59833333333333,7.116404201626727,0.7442751545390494,488.798986367748,0.525936783867654,0.3156744493017749,-13.040445605244916,0.0153483255177325,0.5142390504674967,1.9675283833484352,0.0286590464854494,-0.0528735632183908,0.6971651256176505,0.147636408628871,0.2532996143066491,16,14,14,798.149375,495.14,1.6119670699196187,303.009375,85.71428571428571,0.051182688515844,0.2079344443894293,Q2_media-baja,0,0,Pequeña
putumayo,frijol,27,2007,2024,18,9,75.0,19512.9,722.7,494.4962962962963,399.3111111111111,1.7408886601383269,0.8217645010325949,593.8892048962564,0.5690064993663035,0.3783718732011131,33.29854042165598,0.1007883610869542,0.1066068664417757,10.938327816408597,0.0484520525915568,0.2282455960058202,0.0952928380234566,0.2168333162055292,0.1130323417882313,14,13,10,532.0571428571428,928.0076923076924,0.5733326859975345,-395.9505494505495,50.0,0.0611216999644596,0.0999856046495873,Q2_media-baja,0,0,Pequeña
boyaca,melon,32,2007,2024,18,4,88.88888888888889,19004.35,593.8859375,33.3375,32.153125,18.650463569227146,0.7564917777171402,449.2698286205854,0.6640279836313109,0.5042627942884444,-51.82618890714805,0.402027246753935,9.761145306674022e-05,-3.097636783756955,0.5915529336373545,-0.3289608132938612,0.0082022386627747,-0.4146478503107412,0.0009265382981174,17,15,15,610.2470588235294,575.3433333333334,1.0606659075859564,34.90372549019605,73.33333333333333,0.0485748770530886,0.1195484664930085,Q2_media-baja,0,0,Pequeña
norte de santander,melon,35,2007,2024,18,1,97.2222222222222,18708.5,534.5285714285715,28.11428571428572,27.53142857142857,20.629222152654688,0.2913927076239234,155.7577277309192,0.4314915541394279,0.2542199146433693,7.602797918242071,0.0675161410511038,0.1317014338689305,1.6532034458728118,0.5262763087997101,0.1179447743366476,0.320027624919741,0.4868481829984598,4.729843434176387e-05,18,17,17,515.3055555555555,554.8823529411765,0.9286753359953828,-39.57679738562092,35.294117647058826,0.0309281062383001,0.1195484664930085,Q2_media-baja,0,0,Pequeña
norte de santander,brocoli,35,2007,2024,18,1,97.2222222222222,18302.0,522.9142857142857,38.68571428571428,38.27142857142857,14.358132673251273,0.1721038200081868,89.995546108281,0.2793762915305082,0.2278619314216315,6.687291490592058,0.156465429946247,0.0186730621288002,1.4021025161988645,0.476912959831361,0.3398678001435307,0.0044495063725401,0.4772403962125203,8.7415906664333e-05,18,17,17,534.2777777777778,510.88235294117646,1.0457941533934627,23.395424836601364,35.294117647058826,0.0293935270573779,0.2881508369193286,Q2_media-baja,0,0,Pequeña
boyaca,pimenton,34,2007,2024,18,2,94.44444444444444,18103.67,532.4608823529412,42.71411764705882,41.1185294117647,13.581539784390216,0.4893621171481096,260.56618468678585,0.5374628605670329,0.2031065562190931,22.85007793084406,0.2233936083375678,0.0047623523195521,2.6172761022305417,0.3775641592767569,0.2426405960973119,0.043763822110406,0.3788248491948973,0.0017411109738228,18,16,16,543.4283333333334,520.1225,1.044808354442143,23.305833333333453,56.25,0.0362479967959251,0.2091419586284787,Q2_media-baja,0,0,Pequeña
caqueta,patilla,32,2007,2024,18,4,88.88888888888889,17768.1,555.253125,70.140625,61.421875,12.627682811533967,0.6684085185519346,371.13591870258216,1.082117531327806,0.6361195986260685,33.88883125482838,0.2284719668332786,0.0056594035147462,5.379998528492072,0.1376771596650632,0.3531787872786854,0.0045361281067878,0.4924075341482502,8.040445190730996e-05,16,16,15,656.296875,454.209375,1.4449214638073025,202.0875,80.0,0.0447752620877505,0.263014574837113,Q2_media-baja,0,0,Pequeña
atlantico,aji,35,2007,2024,18,1,97.2222222222222,17723.399999999998,506.38285714285706,93.08285714285714,71.54285714285716,7.109793816902995,0.8570147204883675,433.97756277438657,0.6608343997093209,0.5095414386064668,37.106137034236326,0.2071652262051223,0.0060086752296039,-0.934793825897425,0.006544355744235,0.2033613445378151,0.0857285511995806,-0.0404382083439934,0.7331506141121467,18,17,17,708.6666666666666,292.2,2.42527948893452,416.4666666666666,94.11764705882352,0.048956835802896,0.2079344443894293,Q2_media-baja,0,0,Pequeña
norte de santander,coliflor,32,2007,2024,18,4,88.88888888888889,17640.0,551.25,35.25,35.125,16.530682954829615,0.2365759581449405,130.41249692739845,0.3226504075877877,0.1977159377070291,7.389705882352941,0.098603229866193,0.0800800691235697,1.3224789915966386,0.4152122320249796,0.2410186554383481,0.0596018058996237,0.4181721778300917,0.0011642281519628,16,16,16,550.375,552.125,0.9968304278922344,-1.75,43.75,0.0329443493194707,0.2897697174055221,Q2_media-baja,0,0,Pequeña
la guajira,algodon,18,2007,2024,18,18,50.0,17296.5,960.9166666666666,612.3888888888889,529.2222222222222,1.4099431796478243,1.2911071196153192,1240.646349690354,0.8396138030889552,0.4890505171518783,-115.90127657671756,0.3189247367958547,0.0146134075048312,-39.09977866708399,0.2113209843428412,-0.3541002639140852,0.0406713691576083,-0.1836075442517479,0.288536657947213,5,13,5,589.44,1103.7923076923075,0.5340135058853046,-514.3523076923075,60.0,0.1430193799489606,0.3480800845750301,Q3_media-alta,0,0,Pequeña
valle del cauca,berenjena,34,2007,2024,18,2,94.44444444444444,16970.4,499.12941176470594,18.975882352941177,18.108235294117648,24.6732131977672,0.9972349061955692,497.7492721206262,0.7566797142624903,0.3391900849503995,-13.733947644650298,0.0211706759544498,0.4116117273807472,0.6910842060560414,0.0644167799945617,0.269643287059155,0.0251570194371518,0.3815950860887233,0.0017193941945611,17,17,16,506.4588235294118,491.8,1.0298064732196257,14.65882352941179,56.25,0.0578008270920858,0.2698952625015421,Q2_media-baja,0,0,Pequeña
choco,cebolla de rama,34,2007,2024,18,2,94.44444444444444,16741.539999999997,492.3982352941176,31.08823529411765,27.45294117647059,17.585063235935472,0.637539467337021,313.9233086471009,0.4910558527692617,0.3226295016968242,-12.98534252916128,0.0494188078637739,0.2063599119632492,-0.2914583719064372,0.01052765673999,-0.173776222559058,0.1534984884368536,0.0054455429974677,0.9644175375055036,18,16,16,518.6716666666666,462.8406250000001,1.120626925665107,55.83104166666658,68.75,0.0410147637453359,0.2898795021627748,Q2_media-baja,0,0,Pequeña
boyaca,pepino cohombro,35,2007,2024,18,1,97.2222222222222,16551.65,472.9042857142858,42.47285714285714,40.74428571428572,11.985681858998614,0.5697319088438579,269.42866140044123,0.587311187150597,0.2336545868171763,-16.709344186943053,0.1089911277395493,0.0527592873039556,-1.1254222083833758,0.0576808145452061,-0.2336134453781512,0.0483818504048391,-0.1961150140229053,0.0992211648436176,18,17,17,604.3888888888889,333.68529411764706,1.811254195325132,270.70359477124185,94.11764705882352,0.0375805805962983,0.150174084135566,Q2_media-baja,0,0,Pequeña
cesar,aji,31,2007,2024,18,5,86.11111111111111,16400.309999999998,529.0422580645161,95.46935483870968,89.80225806451612,6.707328943188538,0.9654174856414308,510.7466465787101,0.6005061681087407,0.4963140309229201,10.370746694176123,0.0118180405306004,0.5604774574393542,0.6998452593078872,0.0042714723438031,0.086114151074037,0.496533019405085,0.1144719103269999,0.36741235632415,18,13,13,610.4988888888888,416.2561538461538,1.466642314469004,194.24273504273492,46.15384615384615,0.0613537228381547,0.2079344443894293,Q2_media-baja,0,0,Pequeña
cauca,brocoli,35,2007,2024,18,1,97.2222222222222,16150.749999999998,461.44999999999993,23.782857142857143,23.025714285714287,16.9744413401865,0.9790473793024476,451.7814131791144,0.8096180188387604,0.3529029961934422,76.72212460892906,0.8172302729842719,1.0044003602061389e-13,3.1774713461738067,0.771675699198603,0.8487834579729959,2.013681389187034e-12,0.8711726704283475,1.0261071910145444e-12,18,17,17,456.4416666666667,466.7529411764706,0.9779084959083196,-10.311274509803866,29.411764705882355,0.0551756311928536,0.2881508369193286,Q2_media-baja,0,0,Pequeña
huila,cebolla de bulbo,35,2007,2024,18,1,97.2222222222222,16054.97,458.7134285714286,47.64457142857142,44.16457142857142,10.619894895204403,0.5247823136825019,240.72469436294745,0.4435985377613884,0.2405980479039139,-16.377237667363556,0.1311595561973661,0.0325227749392844,0.1328919235502571,0.0011203405037543,-0.3042016806722689,0.0101563789153701,-0.0554621848739495,0.6393217922234354,18,17,17,457.8166666666667,459.66294117647055,0.9959834166637876,-1.846274509803834,64.70588235294117,0.036215085885416,0.3270575890803964,Q2_media-baja,0,0,Pequeña
cundinamarca,avena,20,2007,2024,18,16,55.55555555555556,15948.86,797.443,279.5,265.6,2.615529674401187,1.084761580619607,865.0355291340411,0.8570792198338291,0.3395289199217662,42.57884473603014,0.0981542029944573,0.1786119365805762,9.804316406567176,0.0678606671918219,-0.0689677008883991,0.6727015236412293,-0.151406659722045,0.3602531208258344,11,9,9,845.9090909090909,738.2066666666667,1.145897387690562,107.70242424242416,66.66666666666666,0.1058936151224465,0.5499585277603037,Q3_media-alta,0,0,Pequeña
magdalena,ajonjoli,34,2007,2024,18,2,94.44444444444444,15762.63,463.6067647058823,582.3264705882352,532.5058823529412,0.8166048752266538,1.0667957458791866,494.5737243490483,0.6611717812337833,0.1538397066640488,46.02912626032117,0.232571022322622,0.0038732335006516,34.29903655449983,0.2130857352679706,0.2747547926396032,0.0224176969701091,0.2941176470588235,0.0144437720120673,17,17,16,233.07294117647052,694.1405882352941,0.3357719532998485,-461.0676470588235,12.5,0.0618994415164841,0.2887752369291305,Q2_media-baja,0,0,Pequeña
tolima,pimenton,20,2007,2024,18,16,55.55555555555556,15724.0,786.2,44.25,38.1,21.22956915888885,0.670513204926618,527.1574817133071,0.7845584333035005,0.2362709103410643,-52.1426322234533,0.4415301416598851,0.0013946068580782,-3.9976091900402384,0.598382292433779,-0.190855469631952,0.2511793340087052,-0.3281089794448553,0.0490469768431467,10,10,10,725.9,846.5,0.8575310100413467,-120.60000000000002,10.0,0.0713554280040958,0.2091419586284787,Q3_media-alta,0,0,Pequeña
santander,arveja,35,2007,2024,18,1,97.2222222222222,15716.05,449.03,331.85914285714284,316.5182857142857,1.4389145612433518,0.2294711251525213,103.03941932723669,0.2209212483455815,0.1541650333286688,3.4437606571475188,0.0316533032498596,0.3065382591312733,4.18148896104859,0.0921805470243927,0.0841043190644879,0.4776153287710161,0.1260504201680672,0.2868273292444375,18,17,17,488.5838888888889,407.14941176470586,1.200011285221369,81.43447712418305,76.47058823529412,0.0300329289040636,0.3037951755849065,Q2_media-baja,0,0,Pequeña
valle del cauca,cimarron,31,2007,2024,18,5,86.11111111111111,14792.45,477.1758064516129,59.90112201963534,58.61079943899018,7.536818979225929,0.7374101860322492,351.8743002055724,0.6136769286363633,0.2564494963897517,-35.57928341248305,0.3240886542479081,0.0008307000564067,-4.0602106807857945,0.3867160190152709,-0.3373022250502402,0.0079634892065499,-0.4265811576481578,0.0008461239525811,16,15,15,547.996875,401.6333333333333,1.3644208025562288,146.36354166666672,73.33333333333333,0.0492333126679744,0.6848780795985364,Q2_media-baja,0,0,Pequeña
atlantico,tomate,35,2007,2024,18,1,97.2222222222222,14784.0,422.4,43.53142857142857,36.43714285714285,13.19055283706632,1.0200738224485548,430.8791826022696,1.00751486201441,0.6306836858875938,4.235465504203551,0.0027381119259984,0.7652969148965565,-3.818938955859024,0.214850611657119,0.0386554621848739,0.7439455285232186,-0.2333092408203529,0.0498423445342161,18,17,17,217.65,639.1941176470588,0.3405068882692361,-421.5441176470588,17.647058823529413,0.0574520167431211,0.1189848614782581,Q2_media-baja,0,0,Pequeña
caldas,repollo,30,2007,2024,18,6,83.33333333333334,14398.469999999998,479.9489999999999,24.800759259259262,23.637795458354287,20.32959489576887,0.9194980184170812,441.3121544412597,0.6510604692542363,0.4181324003252276,-3.5196313480256243,0.0014497200217373,0.8416705445996187,0.2641879458256988,0.0061014765876486,0.1012658898340376,0.4323771593734742,-0.1795168047057939,0.1639763225832315,16,14,14,460.05375,502.68642857142856,0.9151903131887104,-42.63267857142853,57.14285714285714,0.0605764684114613,0.3206419693269532,Q2_media-baja,0,0,Pequeña
norte de santander,remolacha,35,2007,2024,18,1,97.2222222222222,14392.8,411.2228571428572,25.485714285714284,24.65142857142857,16.75891939821856,0.1724208577830203,70.90339776855585,0.1706013097159622,0.0766085233010016,2.6021662737422715,0.0381676934692263,0.2607151817166866,0.2922616135106683,0.1280398440591389,0.1440729702512611,0.226853588284012,0.2294975494510528,0.059333466754994,18,17,17,409.9500000000001,412.57058823529417,0.9936481457718466,-2.6205882352941217,41.17647058823529,0.0293965586732681,0.5121386892145101,Q2_media-baja,0,0,Pequeña
cesar,pimenton,30,2007,2024,18,6,83.33333333333334,14365.65,478.855,99.55,87.695,5.864216293853743,0.7953542381331243,380.8593537012373,0.6452775794673355,0.5416813421316641,39.37908481472834,0.2763243014684434,0.0028522601578214,7.776773504986159,0.3788264696079297,0.3977011494252874,0.0017234661675702,0.4050635593361504,0.0016864743520894,17,13,13,456.1911764705882,508.49230769230775,0.8971446953463703,-52.30113122171952,61.53846153846154,0.0537167361770815,0.2091419586284787,Q2_media-baja,0,0,Pequeña
tolima,cilantro,35,2007,2024,18,1,97.2222222222222,14246.95,407.0557142857143,84.92285714285715,77.13,3.7826137571735,1.6173531237027663,658.3528310210608,1.4984500820399382,0.5070378330447622,-67.14569562445325,0.2947670012749007,0.0007519277980399,-11.511692836914138,0.2319020325906445,-0.1672318770209722,0.1594606326852727,-0.133237010024753,0.2666802673670875,18,17,17,413.0861111111111,400.6705882352941,1.0309868586324231,12.415522875816976,52.94117647058824,0.1011740884159488,0.1839147916650591,Q2_media-baja,0,0,Pequeña
atlantico,frijol,35,2007,2024,18,1,97.2222222222222,13909.92,397.4262857142857,476.8671428571428,380.0085714285714,0.9494374986405736,0.8965477452818332,356.3116403728765,0.5167556847964097,0.2981614571893568,42.129772696944094,0.3961668515997551,5.108619881478493e-05,17.974764616046148,0.1507721131715715,0.5092436974789916,1.684750517899537e-05,0.1630252100840336,0.1683456938502612,18,17,17,419.7244444444445,373.81647058823535,1.122808858004487,45.90797385620914,58.82352941176471,0.0508809201839819,0.0999856046495873,Q2_media-baja,0,0,Pequeña
tolima,mani,27,2007,2024,18,9,75.0,13811.0,511.5185185185185,348.44444444444446,333.9259259259259,1.494615365494268,1.3691607650503872,700.3510861522554,1.30753875129745,0.1829103720694709,-67.65695230396122,0.3288939094576706,0.0017642722730427,-46.04466451091353,0.3599523243283444,-0.3314341250329156,0.0162624859308331,-0.3500807438017759,0.0108821517445426,16,11,11,633.75,333.72727272727275,1.899005720512122,300.02272727272725,54.54545454545454,0.103895241720696,0.3633102890771709,Q2_media-baja,0,0,Pequeña
cauca,mani,35,2007,2024,18,1,97.2222222222222,13720.09,392.00257142857146,295.24285714285713,267.2228571428571,1.4182417125359572,0.9882830081755712,387.4094805039878,0.5623003590904385,0.5602712131815716,25.96279851133551,0.1272689439463008,0.0354067848611562,5.911999762762629,0.0359362882866709,0.3512605042016806,0.0029964751101979,0.273420155436027,0.021338117987782,18,17,17,494.2055555555556,283.78764705882355,1.7414625360811302,210.41790849673205,41.17647058823529,0.0556799284444497,0.3633102890771709,Q2_media-baja,0,0,Pequeña
antioquia,cebolla de bulbo,35,2007,2024,18,1,97.2222222222222,13671.29,390.60828571428567,14.582857142857142,13.57857142857143,16.3794967681525,2.0195567672035124,788.8556067400486,1.0642305036432007,0.7171938213881818,33.68142979997928,0.0516589921194261,0.1891587321506279,0.2153284996219029,0.0054551450601509,-0.3141762510586134,0.0093801228094238,-0.2210628378550836,0.070797722618938,18,17,17,351.20500000000004,432.3294117647059,0.8123550941547839,-81.12441176470588,23.52941176470588,0.1417736524265755,0.3270575890803964,Q2_media-baja,0,0,Pequeña
sucre,berenjena,29,2007,2024,18,7,80.55555555555556,13229.6,456.1931034482759,68.77586206896552,62.210344827586205,8.250588036066741,0.7081622882984628,323.0587520439084,0.8096467285631495,0.3301845783222889,20.14823933126378,0.1280760209824291,0.0566332828445665,3.566265848823725,0.1350581697063327,0.1822660098522167,0.1723937936829294,0.2645259226329628,0.0445998865627425,17,12,11,535.6676470588236,343.6041666666667,1.558967262403658,192.0634803921569,81.81818181818183,0.0511793426205793,0.2698952625015421,Q2_media-baja,0,0,Pequeña
meta,tomate,23,2012,2024,13,3,88.46153846153845,12648.6,549.9391304347827,24.655652173913044,24.04869565217392,20.27265534296799,0.7704584421515149,423.7052457129414,0.6682837191798037,0.3174684779710764,33.8590283427809,0.0946209399134898,0.1533357410337688,1.4483661220406807,0.1144900967197058,0.2015810276679842,0.1888380829020091,0.1150802711697233,0.4434157166602566,13,10,10,489.7823076923077,628.143,0.7797305831511419,-138.36069230769232,50.0,0.0681650976253608,0.1189848614782581,Q2_media-baja,0,0,Pequeña
boyaca,haba,31,2007,2024,18,5,86.11111111111111,12488.4,402.85161290322577,324.9645161290323,299.38387096774204,1.4353159541710871,0.7266303937396087,292.7242261025074,0.7109008563330728,0.1744391814329753,-31.43617028850088,0.3483893195192754,0.0004737437681455,-26.440932956021832,0.3957186256618015,-0.3849462365591398,0.0020361273500724,-0.4451612903225806,0.0003084321604958,18,13,13,537.4966666666667,216.42,2.483581307950589,321.07666666666665,76.92307692307693,0.0487406367046673,0.5676735391369351,Q2_media-baja,0,0,Pequeña
valle del cauca,algodon,20,2007,2024,18,16,55.55555555555556,12372.08,618.604,224.48450000000005,212.3895,2.7806356581050258,1.2776975976759362,790.3888447127249,1.0577843281785064,0.4739375674474834,-82.84776911567842,0.3671689598482875,0.0046286528093643,-25.96006063469565,0.3994205043073112,-0.5608544113873728,0.000575895336611,-0.4403322441336252,0.0069739115847986,16,4,3,742.290625,123.8575,5.993101951839816,618.433125,0.0,0.1275442796775757,0.3480800845750301,Q2_media-baja,0,0,Pequeña
tolima,melon,28,2007,2024,18,8,77.77777777777779,12329.6,440.3428571428572,20.607142857142858,20.035714285714285,17.85156103516922,0.9570238630162224,421.4186221944577,0.6280210345516023,0.5665747402528831,14.74899024576318,0.0371659367783385,0.3256704879829234,0.4003051604817177,0.0290299566116471,0.1220163443651858,0.3632684050490212,0.0778608366062411,0.5657491710344722,17,11,11,433.2529411764706,451.3,0.9600109487623988,-18.047058823529422,63.63636363636363,0.0672565767963358,0.1195484664930085,Q2_media-baja,0,0,Pequeña
narino,habichuela,34,2007,2024,18,2,94.44444444444444,12092.65,355.6661764705882,59.09058823529411,57.5435294117647,7.985658621382951,0.866556989497724,308.20501114851913,0.9540436726272996,0.5172738830664637,20.011897431641845,0.1132007655811731,0.0517020985066952,2.3642776648271853,0.04722544294435,0.3043897997750697,0.0116780617537948,0.2340348737944866,0.0535795745063169,17,17,16,356.77941176470586,354.5529411764706,1.0062796562365195,2.2264705882352587,25.0,0.0508480912885491,0.2623441076903596,Q2_media-baja,0,0,Pequeña
casanare,soya,19,2007,2024,18,17,52.77777777777778,12040.0,633.6842105263158,404.1578947368421,325.2105263157895,1.860918945836206,0.7071460091761215,448.1072605516054,0.5272380660603861,0.2446959042797118,-14.036102348405198,0.0327389501148846,0.4585094077883511,7.689011566771823,0.0434471241980312,-0.2018026281087994,0.2328043319345326,0.2030294031050052,0.2320361832897375,4,15,3,1146.0,497.06666666666666,2.305525751072961,648.9333333333334,100.0,0.0775650931005176,0.8801723533870649,Q2_media-baja,0,0,Pequeña
magdalena,col,35,2007,2024,18,1,97.2222222222222,11815.11,337.5745714285714,70.03314285714286,56.28371428571429,4.864713710967182,1.7015693310849944,574.4065376970179,1.1497412070537574,0.854283250750306,-75.23248773037975,0.4861071630951724,3.2593374790741687e-06,-11.885582195335328,0.6174380875996669,-0.5388582704009107,5.781640372866927e-06,-0.5702330270368569,1.6592006591135154e-06,18,17,17,300.375,376.9623529411765,0.7968302342565023,-76.5873529411765,52.94117647058824,0.108931835435614,0.6284993945258104,Q2_media-baja,0,0,Pequeña
bolivar,tabaco,18,2010,2024,15,12,60.0,11721.3,651.1833333333333,525.1666666666666,451.27777777777777,1.3169880261594895,0.9390630283518874,611.5021930122765,0.7759862329434614,0.2762835101079989,-73.15491776846177,0.3263276496969718,0.0132732066168596,-40.29474363108675,0.2229242496791749,-0.4671153722391541,0.0070773303278209,-0.4144826542403762,0.0168609368666934,15,3,3,703.1533333333334,391.3333333333333,1.7968143100511076,311.8200000000001,0.0,0.1018249052799262,0.2568290616704286,Q2_media-baja,0,0,Pequeña
norte de santander,patilla,29,2010,2024,15,1,96.66666666666669,11568.5,398.91379310344826,14.275862068965518,14.086206896551724,32.814516129032256,0.8141637180937757,324.78113699199463,1.5480853544417204,0.1380113884402569,-15.35314663794429,0.0447140199726732,0.2708311033956494,-1.4549623018925986,0.0867240413103195,0.3102322557741846,0.0297698175234804,0.0286534127530626,0.8479391422905198,15,14,14,476.06666666666666,316.25,1.5053491436100133,159.81666666666666,64.28571428571429,0.0565519044899974,0.263014574837113,Q2_media-baja,0,0,Pequeña
cauca,coliflor,35,2007,2024,18,1,97.2222222222222,11560.3,330.2942857142857,13.314285714285717,12.542857142857144,26.701807925603003,0.7668869056219193,253.29836271603068,0.7960646935174845,0.1568766138515974,40.455049449164505,0.7228374261743238,1.0241235736468891e-10,1.5149533680292993,0.5789299036221895,0.719994208630634,3.141519781159451e-09,0.662263354363692,7.35902822293527e-08,18,17,17,353.57222222222225,305.6470588235294,1.1567990334445302,47.92516339869286,41.17647058823529,0.0448946350077455,0.2897697174055221,Q2_media-baja,0,0,Pequeña
narino,pimenton,34,2007,2024,18,2,94.44444444444444,11382.58,334.7817647058823,51.364411764705885,49.135,6.947811334256958,0.7832373002969852,262.2135655768958,0.4247389006342893,0.6213372099935367,13.303051989544006,0.0691105713409473,0.133066249032222,0.3157563586573177,0.0056245491217745,0.1284567861691651,0.2857563938885666,0.0738781912062295,0.542697219339557,17,17,16,307.56470588235294,361.99882352941177,0.8496290205688026,-54.43411764705883,50.0,0.0469240502275301,0.2091419586284787,Q2_media-baja,0,0,Pequeña
sucre,aji,28,2007,2024,18,8,77.77777777777779,11318.669999999998,404.2382142857142,94.98392857142858,82.55714285714285,4.665886791850991,0.8787810087257171,355.2368657154825,0.6721107687920869,0.4974150784878577,-23.015449390416784,0.1370833040121725,0.0524526193084925,0.8584207541820248,0.0059047315552343,-0.1269841269841269,0.3564497422561821,0.0793650793650793,0.5700272398217049,18,10,10,550.928888888889,140.195,3.929732792816356,410.733888888889,90.0,0.0623098388456871,0.2079344443894293,Q2_media-baja,0,0,Pequeña
risaralda,frijol,35,2007,2024,18,1,97.2222222222222,10591.049999999996,302.60142857142847,276.72628571428567,248.5348571428572,1.2635722994983574,0.3463096081362611,104.7937821500442,0.3945944993737152,0.1827687796311153,-12.532233145026174,0.4052712770603582,3.936359786549302e-05,-14.490733508295904,0.4990427847590815,-0.4789915966386554,5.178789682317931e-05,-0.5079900871495072,1.7926535298572457e-05,18,17,17,312.0877777777777,292.55705882352936,1.066758665925847,19.53071895424836,64.70588235294117,0.0319001075260201,0.0999856046495873,Q2_media-baja,0,0,Pequeña
cauca,melon,35,2007,2024,18,1,97.2222222222222,10580.7,302.3057142857143,24.571428571428573,22.34285714285714,14.935471569690188,0.7800494031739683,235.81339200465163,0.6777243385080249,0.3929297916134147,28.75442373559896,0.4213396492032756,2.462475405552248e-05,2.5414053348753773,0.6599952642388479,0.5244549221320894,9.942141214089485e-06,0.5497550640713409,4.819081894435526e-06,18,17,17,330.03333333333336,272.94705882352946,1.2091477913550712,57.0862745098039,41.17647058823529,0.0454597717774123,0.1195484664930085,Q2_media-baja,0,0,Pequeña
cundinamarca,cebada,35,2007,2024,18,1,97.2222222222222,10232.7,292.36285714285714,130.0857142857143,124.68571428571428,2.625469120912048,0.7051269613689042,206.15293307427388,0.8214612528369056,0.3206759053134665,-3.2063505478700565,0.0068549278854461,0.6363250715178621,-9.268582358436014,0.2131832955683686,0.015126050420168,0.898297050215243,-0.1761270448835924,0.1393032180494999,18,17,17,323.4833333333333,259.4117647058824,1.2469879062736204,64.07156862745097,70.58823529411765,0.0423713772049613,0.4604828939274232,Q2_media-baja,0,0,Pequeña
cundinamarca,cebolla de rama,33,2007,2024,18,3,91.66666666666666,10173.8,308.29696969696965,25.78484848484849,24.07121212121212,14.04815405858884,0.5277732538544552,162.71089485043805,0.4695705954075981,0.4556160162186888,9.344513313829518,0.0944819278729086,0.0818447922224587,0.0370927753260275,0.0002688539011269,0.275404726444125,0.0246081324267905,-0.036295514811049,0.7681955272371916,18,15,15,262.44444444444446,363.32,0.7223506673027756,-100.87555555555554,33.33333333333333,0.0384879958122055,0.2898795021627748,Q2_media-baja,0,0,Pequeña
norte de santander,tabaco,35,2007,2024,18,1,97.2222222222222,10013.81,286.1088571428571,176.51085714285713,175.33942857142856,1.6812664861609905,0.8493692532939519,243.0120663522145,0.8001956446921712,0.1447006223205855,-34.72645078065923,0.5786621065001641,1.1375053737417417e-07,-19.460914550064505,0.5379615056290844,-0.5446911249153211,4.455581091796172e-06,-0.4199012077520587,0.0004038060346325,18,17,17,321.9144444444444,248.19705882352943,1.297011519678518,73.717385620915,64.70588235294117,0.0485947398914271,0.2568290616704286,Q2_media-baja,0,0,Pequeña
norte de santander,aji,25,2012,2024,13,1,96.15384615384616,10002.99,400.1196,76.48,74.4376,5.170629541349944,0.6185858077088717,247.50830594615067,0.4665061430168358,0.1429120030832069,50.70752379910275,0.6393117374004157,1.626220745769279e-06,8.027738264580368,0.7711224430571187,0.6232890249579993,2.073237147236893e-05,0.7063942282857325,1.4040108002372891e-06,13,12,12,407.00076923076927,392.665,1.0365089051246463,14.335769230769245,50.0,0.0546936986175553,0.2079344443894293,Q2_media-baja,0,0,Pequeña
cauca,lechuga,35,2007,2024,18,1,97.2222222222222,9795.24,279.864,21.93142857142857,19.865714285714283,11.961405601478855,0.8786658894814378,245.90695049383308,0.6388423963102831,0.6208201013820552,28.337099773141773,0.3762955769950779,8.914949997782404e-05,2.276208057174208,0.7479327191362083,0.4192803748075908,0.0004228544147559,0.7012248390110909,4.267166294366602e-09,18,17,17,328.95,227.8905882352941,1.4434558379408076,101.05941176470589,64.70588235294117,0.0499998590542849,0.32357480833283,Q2_media-baja,0,0,Pequeña
valle del cauca,patilla,26,2010,2024,15,4,86.66666666666667,9665.9,371.7653846153846,17.681153846153848,17.051538461538463,24.73476113515748,0.5899980905077894,219.3408670399708,0.7374850308695167,0.2238544483217471,37.06522302256357,0.4833506154337049,8.074551549921752e-05,2.532335204162786,0.6383853501598542,0.4523076923076923,0.0009273588869346,0.5519545689219777,8.536802063766905e-05,13,13,12,412.5,331.0307692307692,1.2461077287725986,81.46923076923082,66.66666666666666,0.0513349758433002,0.263014574837113,Q2_media-baja,0,0,Pequeña
narino,cebada,35,2007,2024,18,1,97.2222222222222,9580.38,273.7251428571429,169.57142857142858,147.31142857142856,2.011256341363665,0.814088720590036,222.8365513418963,0.7376012806965216,0.4688811320486019,-5.992477499518115,0.0204927333974984,0.4119971336458782,-9.22256572216539,0.1540688208546409,-0.0050420168067226,0.9660169707693316,-0.1853417882433034,0.1181148324179361,18,17,17,350.18666666666667,192.7658823529412,1.816642355961616,157.4207843137255,76.47058823529412,0.0469658572487553,0.4604828939274232,Q2_media-baja,0,0,Pequeña
santander,apio,26,2009,2024,16,6,81.25,9533.75,366.6826923076923,42.07538461538461,40.20615384615385,8.846431515349757,1.0969232683999697,402.2227773118543,1.065644096547423,0.2968775943090527,-9.921224165341805,0.0123638517078384,0.5886648615837746,-1.3392035733212195,0.0181288070421486,0.0276923076923076,0.8614563711385228,0.0031057248569224,0.9823862681032952,16,10,10,507.875,140.775,3.6077073343988633,367.1,90.0,0.0829600834599582,0.4154769006067405,Q2_media-baja,0,0,Pequeña
boyaca,tabaco,35,2007,2024,18,1,97.2222222222222,9508.6,271.6742857142857,190.22857142857143,184.5428571428572,1.427979197465551,0.8628026008199614,234.40128029019093,0.7806688127696125,0.2350747073454989,-29.26609433150959,0.4417428212925445,1.3336581338626566e-05,-18.905460907729505,0.4592501533724598,-0.5033677166843424,2.165699819723976e-05,-0.5075914198127296,1.8973179596998754e-05,18,17,17,369.22222222222223,168.38823529411764,2.192684195408991,200.8339869281046,82.35294117647058,0.0492331127766346,0.2568290616704286,Q2_media-baja,0,0,Pequeña
caqueta,frijol,32,2007,2024,18,4,88.88888888888889,9054.13,282.94156250000003,226.765625,203.546875,1.134991975065304,1.5786004570330774,446.6516798761531,0.5636758859421148,1.0252340342023265,16.4493112722457,0.0418126945530554,0.2616017075872238,-3.00940103166104,0.0170882440486603,-0.0403225806451612,0.759913005591003,-0.103344791117534,0.4079064898155513,15,17,15,105.686,439.34352941176473,0.2405543564998045,-333.6575294117648,26.666666666666668,0.106690782706344,0.0999856046495873,Q2_media-baja,0,0,Pequeña
boyaca,patilla,27,2008,2024,17,7,79.41176470588235,8718.09,322.89222222222224,10.4,9.703703703703704,33.07037037037038,0.8658408972371103,279.5732913997733,0.7149436749509003,0.4601717859969237,-26.88686102335761,0.2648247642692392,0.0060249018791487,-0.356028457003557,0.0656491091878454,-0.36025448373143,0.0090034060496559,-0.0761641759923664,0.5858712776894863,14,13,11,335.69,309.11,1.0859888065737116,26.579999999999984,27.27272727272727,0.0637746117181584,0.263014574837113,Q2_media-baja,0,0,Pequeña
antioquia,espinaca,29,2007,2021,15,1,96.66666666666669,8709.0,300.3103448275862,20.27586206896552,19.03448275862069,16.052846794306195,0.2409548971007801,72.36124823623084,0.2955942507465597,0.0801788311064331,-7.0425329312807525,0.1837549860749137,0.0203309580837379,-0.4949055705443583,0.1322779699658467,-0.1616677167822403,0.2276348207407403,-0.0460697192703002,0.7334857009063651,15,14,14,299.7333333333333,300.92857142857144,0.9960281667853468,-1.1952380952380963,28.57142857142857,0.0364157661691221,0.7827435010492556,Q2_media-baja,0,0,Pequeña
sucre,ahuyama,24,2007,2024,18,12,66.66666666666666,8604.2,358.5083333333334,68.35416666666667,50.6625,6.900613243471824,0.943365674470203,338.2044556781884,0.5396303303406323,0.5890934105322518,34.6015170670038,0.3149838822359636,0.0043254675900201,1.006953223767383,0.0224260406315729,0.4101640148819546,0.005051045850566,0.1639368738704903,0.2637979873545056,18,6,6,325.84444444444443,456.5,0.7137884872824631,-130.65555555555557,66.66666666666666,0.0772024171921497,0.0821380302774234,Q2_media-baja,0,0,Pequeña
narino,patilla,32,2007,2024,18,4,88.88888888888889,8453.5,264.171875,17.078125,16.40625,14.99960431929182,1.0971515985039324,289.836594936031,0.5438311846896845,0.5916307294437853,-9.930409663865548,0.03604982384004,0.2979551694813593,-0.8920693277310925,0.2833112875802508,0.1071794617523674,0.389893100232802,-0.3462495451357389,0.0065049547804407,16,16,16,311.15625,217.1875,1.4326618705035972,93.96875,75.0,0.0676913970049724,0.263014574837113,Q2_media-baja,0,0,Pequeña
cauca,pimenton,34,2007,2024,18,2,94.44444444444444,8370.1,246.1794117647059,13.43529411764706,11.57156862745098,17.834021204979127,0.9699669922075708,238.7859035728408,0.5711701653092952,0.562369733245318,-5.31072237666487,0.01328134463015,0.5163259861500837,0.1870495000207461,0.0159529108127135,-0.0517857968524205,0.6671931926203365,0.0360053651991518,0.7665660012227253,17,17,16,229.80588235294115,262.55294117647054,0.8752744544517633,-32.747058823529386,31.25,0.0562695388210057,0.2091419586284787,Q2_media-baja,0,0,Pequeña
amazonas,maiz,33,2007,2024,18,3,91.66666666666666,8354.259999999998,253.15939393939388,156.93636363636364,146.1060606060606,1.5118265723059434,1.1172633144781718,282.8457035640124,0.7930045795491311,0.351490856204657,-37.08936135554507,0.4848113782970984,6.79810724391908e-06,-15.189633572915955,0.4200193504434836,-0.4204545454545454,0.0004389055813102,-0.3069658431307141,0.012528449907661,16,17,15,232.349375,272.74529411764706,0.8518914166848189,-40.39591911764708,53.333333333333336,0.066983355412415,0.09355481422716,Q2_media-baja,0,0,Pequeña
cordoba,pepino cohombro,35,2007,2024,18,1,97.2222222222222,8277.099999999999,236.4885714285714,35.99628571428571,33.633428571428574,7.433211428021376,0.5642417936856827,133.43673572902182,0.6411506913453443,0.2186955811913408,6.913934730068355,0.0760780995796592,0.1087552695787056,1.923214566374568,0.1967794725884472,0.1211102194528626,0.3064940614884754,0.2637408809273555,0.0266238510244557,18,17,17,312.7033333333333,155.79058823529408,2.007202982384599,156.91274509803924,76.47058823529412,0.0374077871503801,0.150174084135566,Q2_media-baja,0,0,Pequeña
vichada,patilla,28,2007,2024,18,8,77.77777777777779,8120.0,290.0,61.10714285714285,48.80357142857143,6.236451598978929,1.0885836269056173,315.68925180262903,1.0680310873870444,0.4462334291582867,-22.46384942539136,0.1665371271803528,0.0310986429233179,-5.0232357051649394,0.1948397982655546,-0.1774835993892173,0.1855212410617035,-0.1992047682223989,0.1381787889290207,11,17,11,206.27272727272728,344.1764705882353,0.5993225711222635,-137.90374331550802,27.27272727272727,0.0765247276080467,0.263014574837113,Q2_media-baja,0,0,Pequeña
casanare,ahuyama,24,2010,2024,15,6,80.0,8112.0,338.0,25.109166666666667,23.359166666666667,14.765485684414282,0.7462009424274517,252.2159185404787,0.6439308234691166,0.3426974981209781,16.864509605662285,0.0961260080380375,0.1403683684222238,0.7492821031344795,0.0461727935941476,0.2028985507246376,0.1743310212649423,0.0729946453092229,0.6194008806434698,14,10,10,364.7857142857143,300.5,1.213929165676254,64.28571428571428,70.0,0.0639006327587347,0.0821380302774234,Q2_media-baja,0,0,Pequeña
sucre,batata,27,2007,2024,18,9,75.0,7965.1,295.0037037037037,21.96296296296296,20.64074074074074,13.082538943094896,0.9078884103732924,267.8304436097893,0.6665703506418624,0.3184463234991009,16.620199724668385,0.1255162555308217,0.069813030560603,1.0713895505102369,0.1745694923832366,0.1945654543248507,0.1560404930402832,0.2417388804984897,0.0794630432187226,18,9,9,295.9777777777778,293.05555555555554,1.009971563981043,2.922222222222274,66.66666666666666,0.0664345617392918,0.4040132390762072,Q2_media-baja,0,0,Pequeña
tolima,pepino cohombro,30,2007,2024,18,6,83.33333333333334,7962.5,265.4166666666667,21.46333333333333,20.780000000000005,13.64133685050771,0.3952410990751208,104.90357504618832,0.4187025343889996,0.355381861430874,-6.038734948498479,0.0787628892245294,0.1330378845407295,-0.7992456114899178,0.1880032171905284,-0.1497306466866339,0.2518846204641618,-0.218917349860333,0.0980611573881558,16,14,14,304.03125,221.28571428571428,1.3739307617817949,82.74553571428572,57.14285714285714,0.0383669447394946,0.150174084135566,Q2_media-baja,0,0,Pequeña
bolivar,berenjena,35,2007,2024,18,1,97.2222222222222,7922.8,226.3657142857143,45.17142857142857,25.942857142857143,8.530487468791023,1.2683101591338954,287.1019351081722,0.8131229456807902,0.2697550766222445,30.199759797162063,0.3135412325244134,0.000469233083879,2.7608202482096,0.1601017583552065,0.2594785035406248,0.0286927408966105,0.2953469812003209,0.0142073560709189,18,17,17,211.58888888888887,242.0117647058824,0.8742917483620415,-30.422875816993468,64.70588235294117,0.0732185815770746,0.2698952625015421,Q2_media-baja,0,0,Pequeña
atlantico,cebolla de rama,35,2007,2024,18,1,97.2222222222222,7855.2,224.4342857142857,20.11,19.152857142857144,11.762761762577933,0.6014824378062411,134.993281298731,0.4292061932888156,0.3947534180030294,12.384974719392677,0.2385205841533052,0.0029146663694562,0.1628382485951099,0.0100859466672062,0.3310924369747899,0.0051470741915236,0.0990736741209701,0.4090309659804418,18,17,17,257.4861111111111,189.43823529411765,1.3592087717209982,68.04787581699344,70.58823529411765,0.0386127005564387,0.2898795021627748,Q2_media-baja,0,0,Pequeña
santander,zanahoria,31,2007,2024,18,5,86.11111111111111,7803.7,251.7322580645161,14.64516129032258,12.629032258064516,21.71821963742335,0.4790704597543143,120.59748860595944,0.7389078327278369,0.2272942264892694,9.282521435974749,0.1690248729571468,0.0215820635146934,0.7259210402336759,0.1283822947810103,0.2095051943720565,0.099023589699076,0.3032227838227059,0.0191648840525052,14,17,13,265.35714285714283,240.5117647058824,1.1033021323578225,24.845378151260466,61.53846153846154,0.0394227421043457,0.2585650356001984,Q2_media-baja,0,0,Pequeña
caldas,esparrago,27,2007,2024,18,9,75.0,7785.5,288.35185185185185,56.48148148148148,53.74074074074074,4.565184059024689,0.9960499944968187,287.21286045018456,0.5293141961869091,0.409305179537879,-34.029840616516324,0.4567021140697514,0.0001094701050215,-2.427686312286538,0.2145195380244015,-0.0293825491859969,0.8338033812022096,-0.0351526966118614,0.8014589168406728,16,11,11,232.3125,369.8636363636364,0.6281031092540248,-137.55113636363637,27.27272727272727,0.0724211322084567,1.0,Q2_media-baja,0,0,Pequeña
cundinamarca,haba,35,2007,2024,18,1,97.2222222222222,7342.91,209.79742857142853,53.78,48.56,4.388898438967745,0.7095215150722984,148.8557893782723,0.5170082834533855,0.4410281894682982,-9.990565662856046,0.1276464144558946,0.0351162023629877,1.511949349821331,0.0837910841977301,-0.3316503016281453,0.0051380880278438,0.1635759724977899,0.1681739926902041,18,17,17,267.09,149.1347058823529,1.790931214969491,117.95529411764709,76.47058823529412,0.0425439236995238,0.5676735391369351,Q2_media-baja,0,0,Pequeña
narino,quinua,30,2007,2024,18,6,83.33333333333334,7322.179999999999,244.07266666666663,114.445,107.035,2.2857617634228475,1.209406192547268,295.18299449819176,1.1221839133279985,0.2109992427925604,-5.049803090386985,0.0073801263097961,0.6517171993430732,-3.7722480514152887,0.0217558640765606,-0.0666666666666666,0.6203016304141579,-0.1862068965517241,0.1546884186266081,18,12,12,290.67499999999995,174.16916666666668,1.668923412582594,116.50583333333329,75.0,0.0804635964650874,0.3476355085293409,Q2_media-baja,0,0,Pequeña
cauca,arveja,35,2007,2024,18,1,97.2222222222222,7112.240000000002,203.2068571428572,169.66,150.39,1.375430955972035,0.4325828173328788,87.90379476421698,0.6136931011484732,0.263854549375319,-0.675003039603813,0.0016709218292617,0.8156482568146609,-0.4205210325756567,0.0004622468495231,-0.0084033613445378,0.943392056822656,0.173109243697479,0.1435364831526036,18,17,17,223.16722222222225,182.0723529411765,1.2257062569753383,41.09486928104573,88.23529411764706,0.0337651823599641,0.3037951755849065,Q2_media-baja,0,0,Pequeña
sucre,ajonjoli,24,2007,2024,18,12,66.66666666666666,6903.700000000001,287.6541666666667,380.55,347.4791666666667,0.839787120093268,0.6866169369234288,197.50822280992816,0.6670903172191038,0.3007963966871804,7.496658618595488,0.0440494589520506,0.3249542272222629,1.10456666321044,0.000578850761409,0.108695652173913,0.4760860141131976,0.036231884057971,0.8252716626005498,7,17,7,83.05714285714285,371.9,0.2233319248645949,-288.8428571428572,0.0,0.0604916403048829,0.2887752369291305,Q2_media-baja,0,0,Pequeña
guainia,maiz,35,2007,2024,18,1,97.2222222222222,6680.84,190.8811428571429,115.85142857142856,114.7657142857143,1.6667689305516178,0.8719071212143563,166.43062776267772,0.8053313510651854,0.3008592363914634,-23.68366739320612,0.5738406732405813,1.3776539485797089e-07,-12.9093693934137,0.542522781780562,-0.6279470178035442,1.1694803132837869e-07,-0.5704692131936859,1.566920637069295e-06,18,17,17,239.49666666666664,139.40588235294118,1.7179810681182046,100.09078431372546,82.35294117647058,0.0496714685329195,0.09355481422716,Q2_media-baja,0,0,Pequeña
vichada,tomate,16,2007,2022,16,16,50.0,6611.5,413.21875,107.59375,104.53125,3.9027777777777777,1.136043085758975,469.43430384346647,1.0871181695791623,0.9381932726089096,63.26521739130435,0.2523858258951455,0.0473497647570184,14.674512743628188,0.2187179257028516,0.5066664725973855,0.0073021266572582,0.4721615273786164,0.0146016526274018,8,8,5,518.8125,307.625,1.6865095489638358,211.1875,40.0,0.1381207359004359,0.1189848614782581,Q2_media-baja,0,0,Pequeña
cauca,aji,22,2007,2024,18,14,61.11111111111112,6476.150000000001,294.3704545454545,21.310606060606062,18.924242424242426,11.25473718574287,1.3300052699235163,391.5142558552355,0.923458555961698,0.7275845117117419,40.35918151239564,0.184629386744218,0.0459552755671039,3.1784394335783377,0.45322384094559,0.4357391546800018,0.0047552517443499,0.563340262428451,0.0002681200645713,12,10,10,293.27500000000003,295.68500000000006,0.9918494343642728,-2.410000000000025,30.0,0.1222049470630388,0.2079344443894293,Q2_media-baja,0,0,Pequeña
norte de santander,ajo,35,2007,2024,18,1,97.2222222222222,6408.900000000001,183.11142857142852,19.185714285714287,17.765714285714285,10.019687744548452,0.5561982245073522,101.84625145843344,0.4900948657345209,0.1689236890212731,10.50029209851282,0.3012122194802637,0.0006403072560249,1.103183428969649,0.3900669293860452,0.3686873911500702,0.0018661850638278,0.4248347501794134,0.0003772598328699,18,17,17,173.99333333333334,192.7658823529412,0.902614773991818,-18.772549019607823,47.05882352941176,0.0371576488229669,0.3055059117959323,Q2_media-baja,0,0,Pequeña
valle del cauca,arveja,35,2007,2024,18,1,97.2222222222222,6399.84,182.85257142857145,108.794,101.27114285714283,1.7756896517472551,0.3554751678519564,64.99954852073327,0.208210514650162,0.1975897055667224,-5.067374375398488,0.1722285816293504,0.0131761356740634,-1.7290642468454844,0.1651075678679263,-0.3599664855960084,0.002370396789909,-0.2493689514546264,0.0355140437203369,18,17,17,200.3438888888889,164.33235294117645,1.2191384429370578,36.011535947712446,76.47058823529412,0.0320786352886684,0.3037951755849065,Q2_media-baja,0,0,Pequeña
boyaca,cilantro,35,2007,2024,18,1,97.2222222222222,6306.38,180.1822857142857,23.22714285714286,21.865714285714283,7.751519738542436,0.9832627790319552,177.1665349837583,0.8818854089151036,0.345003387551815,21.7547668401465,0.427272957391593,2.0645722463516888e-05,2.50003484423884,0.4221202146854061,0.4987379029092529,2.6120206382084847e-05,0.5549388379632793,3.513721165469574e-06,18,17,17,239.84666666666664,117.00823529411764,2.0498272285175165,122.838431372549,100.0,0.0554052192240064,0.1839147916650591,Q2_media-baja,0,0,Pequeña
boyaca,acelga,23,2007,2024,18,13,63.888888888888886,6261.539999999999,272.24086956521734,17.526086956521738,17.113043478260867,4.498290173594521,4.133339350806054,1125.2638990715711,3.5427796235526063,1.117385671453207,-60.48128913443829,0.0713034355569424,0.2180544538736747,-3.115377532228361,0.062135574076766,0.2691110309052909,0.0758502336832755,0.4560038470305007,0.0032686462805782,11,12,10,68.47272727272727,459.02833333333336,0.1491688471068828,-390.5556060606061,40.0,0.7539865258152739,0.4325045587847745,Q2_media-baja,0,0,Pequeña
boyaca,brocoli,35,2007,2024,18,1,97.2222222222222,6191.12,176.88914285714284,13.089142857142855,11.627443609022556,15.813525446310573,0.7466641644306752,132.0767840482869,0.7784889465305597,0.1798528571424373,0.9742895482110824,0.0015419952615293,0.8227858675049706,0.1986204646887,0.0107666499671318,0.1345669105031807,0.2558606748117961,0.2306148418978889,0.0574416006756242,18,17,17,173.57944444444445,180.39352941176472,0.9622265555225848,-6.8140849673202695,64.70588235294117,0.0440451026376559,0.2881508369193286,Q2_media-baja,0,0,Pequeña
quindio,frijol,35,2007,2024,18,1,97.2222222222222,6162.169999999999,176.06199999999998,182.974,177.04028571428574,1.3126443150729747,0.5124909591533718,90.23018325046095,0.7717738153044836,0.3626557767566721,-13.916164613080682,0.6740550382279717,1.5350024884732143e-09,-22.54076598016104,0.7220020313186284,-0.614478985250117,2.165156385011903e-07,-0.8006731174939252,1.3745613654463779e-11,18,17,17,172.55833333333334,179.77176470588236,0.9598745031826847,-7.213431372549024,47.05882352941176,0.0358612223912441,0.0999856046495873,Q2_media-baja,0,0,Pequeña
cundinamarca,guatila,30,2009,2024,16,2,93.75,6103.0,203.4333333333333,12.766666666666667,10.433333333333334,19.11336996336997,0.8066069520554933,164.09074094648918,0.576950367455881,0.5243361325560822,19.362953692115138,0.3069119721561084,0.0014918104358603,0.5308197747183979,0.1144724579322169,0.3606996675913095,0.0053458721031682,0.0899802177430434,0.4956171595366936,16,14,14,171.25,240.2142857142857,0.7129051442164733,-68.96428571428572,0.0,0.0542975871978037,0.91592423266587,Q2_media-baja,0,0,Pequeña
risaralda,habichuela,34,2007,2024,18,2,94.44444444444444,6016.700000000001,176.9617647058824,20.21588235294118,19.41,8.858082345462963,0.6895162281040041,122.0180085186283,0.6345666386836734,0.3611397818923036,-3.6797737888084994,0.0265525137220571,0.3571624215591402,-0.2762029489880026,0.013534057305614,-0.0856378574461101,0.4766806191500656,0.01618770492729,0.893714077966562,18,16,16,200.75833333333333,150.190625,1.3366901784537704,50.567708333333314,81.25,0.0429838034178369,0.2623441076903596,Q2_media-baja,0,0,Pequeña
cundinamarca,gladiolo,21,2007,2018,12,3,87.5,5855.0,278.8095238095238,45.95238095238095,45.142857142857146,6.225383292079878,0.5022151332796206,140.02236215962756,0.53639181602644,0.1449479808032891,4.558455016486106,0.0133931045680091,0.6173955386765806,2.184173339613755,0.0992280810419424,-0.2049390153191919,0.2023533697221566,-0.0303588370359458,0.8536961012358891,11,10,10,299.3636363636364,256.2,1.1684763324107588,43.16363636363639,50.0,0.0590575981902524,1.0,Q2_media-baja,0,0,Pequeña
antioquia,patilla,29,2007,2024,18,7,80.55555555555556,5838.0,201.31034482758625,11.96551724137931,11.20689655172414,20.654111405835543,0.5584846646961052,112.42874043089182,0.9283491968733218,0.3806241959131711,-10.232185588939116,0.2301869410137363,0.0084445693958204,-1.2045776832402737,0.3268003360947639,-0.3021508398330998,0.022893779292204,-0.3247136638529603,0.0176220506936567,16,13,13,203.8125,198.23076923076923,1.0281577415599534,5.581730769230774,69.23076923076923,0.0448672335072772,0.263014574837113,Q2_media-baja,0,0,Pequeña
cauca,quinua,35,2007,2024,18,1,97.2222222222222,5805.68,165.87657142857142,144.02857142857144,125.09428571428572,1.2270215599328285,1.196634061280074,198.4935553397857,0.9590934835016968,0.475098566611832,10.922986670225232,0.08581237247461,0.0876744776089105,12.077502483578732,0.2166182323623212,0.3504644723146101,0.0031288002789988,0.3726834012578513,0.0016895102082915,18,17,17,165.05611111111114,166.74529411764703,0.9898696810877068,-1.6891830065358988,35.294117647058826,0.0683148772285158,0.3476355085293409,Q2_media-baja,0,0,Pequeña
cauca,cilantro,35,2007,2024,18,1,97.2222222222222,5754.72,164.42057142857144,27.90857142857143,25.596857142857147,6.114886928402356,0.5980262276977302,98.32781408733378,0.4624027672766898,0.3324376513143465,14.851625224263456,0.646480034693153,5.975757683118445e-09,1.4790252509526571,0.3722160006289247,0.6212130015268307,1.5937525688235582e-07,0.3508600569648358,0.0032539998687621,18,17,17,164.4477777777778,164.39176470588234,1.0003407291843096,0.0560130718954496,58.82352941176471,0.0384976347318276,0.1839147916650591,Q2_media-baja,0,0,Pequeña
vichada,algodon,18,2007,2024,18,18,50.0,5634.0,313.0,220.88888888888889,157.77777777777777,1.7534771624430905,0.6410434563067937,200.64660182402645,0.4558660696047177,0.5481173849469283,-3.5103547262661454,0.0109762057413597,0.6790779355511503,9.017565443236958,0.287587611849696,0.0132019672396889,0.9394545394947592,0.419674386861138,0.0152698992448008,3,15,3,505.6666666666667,274.46666666666664,1.8423609424338112,231.20000000000005,100.0,0.0771170497495491,0.3480800845750301,Q2_media-baja,0,0,Pequeña
huila,papa,35,2007,2024,18,1,97.2222222222222,5576.450000000001,159.3271428571429,24.822857142857146,23.265714285714285,6.805346466714208,0.3248140116687387,51.75168843914681,0.2052002819724737,0.2486564044296617,-6.419689960411015,0.4360527047969621,1.585672431444925e-05,-0.2363714544133565,0.0610225758620572,-0.4637463137823941,9.346073210287304e-05,-0.1293536109255476,0.2847127705801627,18,17,17,168.09722222222223,150.04117647058823,1.1203406036687098,18.056045751634,52.94117647058824,0.0314997068032616,0.2770636521713945,Q2_media-baja,0,0,Pequeña
antioquia,aji,34,2007,2024,18,2,94.44444444444444,5484.390000000001,161.30558823529415,30.79941176470588,27.29941176470588,6.9733568300794815,1.1871461048500758,191.4933007640797,0.8363515250853485,0.7245468824003848,-2.15585593958757,0.0034031768784618,0.7431274148605995,-1.5042685365752466,0.0915673007511137,-0.1336898395721925,0.2662098531224102,-0.2196327277148259,0.0699702440892321,17,17,16,242.3376470588235,80.27352941176471,3.018898618693437,162.0641176470588,75.0,0.0696431002167849,0.2079344443894293,Q2_media-baja,0,0,Pequeña
magdalena,batata,22,2012,2024,13,4,84.61538461538461,5467.5,248.52272727272728,89.29545454545455,74.43181818181819,3.997837244869684,0.7539825617887634,187.3818025718211,0.6694260046813808,0.7038176406366788,35.6008874748828,0.4665999064497025,0.0004588684031338,13.097203616878776,0.6205419119589937,0.4880278532416019,0.0015672099810427,0.4814292529328014,0.0018785912691795,12,10,10,209.625,295.2,0.7101117886178862,-85.57499999999999,70.0,0.0701204210188274,0.4040132390762072,Q2_media-baja,0,0,Pequeña
santander,sorgo,32,2007,2024,18,4,88.88888888888889,5420.92,169.40375,95.359375,91.1875,1.9486830926048049,1.1523415965619257,195.21098773857727,1.1261926278517544,0.3534580451031931,-21.99812989235601,0.3291161452995924,0.0005975771916679,-12.866607026517178,0.3720164148476814,-0.407258064516129,0.0008460068966099,-0.5141742544244406,3.769904965079803e-05,15,17,14,97.99,232.4158823529412,0.4216149043170584,-134.4258823529412,14.285714285714285,0.0714498298927475,0.2099145247108181,Q2_media-baja,0,0,Pequeña
caldas,cilantro,29,2010,2024,15,1,96.66666666666669,5389.700000000001,185.85172413793103,25.891034482758617,24.19328695301472,7.252947886087546,0.7762114239082397,144.26023142890483,0.7031038547166788,0.5370427868744594,20.83015633174334,0.4171788916971848,0.0001541091782557,1.9919350669333744,0.2395758880636636,0.5270935960591132,2.8177717927662304e-05,0.3950629326734791,0.0026790704508359,15,14,14,205.11666666666667,165.21071428571432,1.24154578928785,39.90595238095236,71.42857142857143,0.0545423506408542,0.1839147916650591,Q2_media-baja,0,0,Pequeña
vaupes,maiz,32,2007,2024,18,4,88.88888888888889,5335.09,166.7215625,124.6125,101.659375,1.6173952744293545,0.8288087114509951,138.18028338672156,0.5381395805803492,0.4485887165165078,6.582597047566978,0.0669459639382552,0.1527459074093592,2.008583925642428,0.0264660355613285,0.167847081612198,0.1781042627921821,0.1457501823565343,0.2427264241888117,18,14,14,191.6505555555556,134.67000000000002,1.423112464212932,56.980555555555554,64.28571428571429,0.0520455471537976,0.09355481422716,Q2_media-baja,0,0,Pequeña
atlantico,berenjena,33,2008,2024,17,1,97.05882352941175,5090.4,154.25454545454545,15.472727272727273,13.636363636363637,12.458320428211463,0.8074792615777123,124.55734645864202,0.755368291125946,0.4830698787250081,10.249329009170207,0.1720062294793424,0.0164032840732924,0.3172109147841645,0.0187127237168462,0.3019955276180406,0.0137204838749333,0.1382082524563795,0.2635985272557171,17,16,16,209.95294117647057,95.075,2.2082875748248285,114.87794117647056,93.75,0.0494625603784194,0.2698952625015421,Q2_media-baja,0,0,Pequeña
cauca,pepino cohombro,33,2007,2024,18,3,91.66666666666666,4806.9,145.66363636363636,12.818181818181818,11.86969696969697,11.719208127935,0.9320247404595547,135.76211287621314,0.9361101857232932,0.3971840761282311,-10.524002768116976,0.1603433589786381,0.0209345218346764,-0.7525818014053521,0.1049655714350223,-0.3339664456479991,0.0063783079832644,-0.300171218267221,0.0159168988117167,16,17,15,169.0625,123.64117647058823,1.3673640515723868,45.421323529411765,53.333333333333336,0.0558286903016698,0.150174084135566,Q2_media-baja,0,0,Pequeña
arauca,patilla,15,2011,2024,14,13,53.57142857142857,4650.0,310.0,31.73333333333333,28.4,9.322082362082362,0.8770499357857289,271.88548009357595,0.8062562544317933,0.4143041415045199,-53.76330619912337,0.5947240800765716,0.0007616754675559,-4.739824671258611,0.5219904900334564,-0.6315861769395361,0.0010748678947608,-0.6124472018807623,0.0015188171069272,8,7,2,174.0,465.4285714285714,0.3738489871086556,-291.42857142857144,50.0,0.1145290322580645,0.263014574837113,Q2_media-baja,0,0,Pequeña
cundinamarca,perejil,33,2007,2024,18,3,91.66666666666666,4630.56,140.32,11.747878787878788,11.21121212121212,13.215713745625251,0.5671122045632498,79.57718454431522,0.568978720644271,0.2542370707784763,8.60705345595631,0.3083718816536165,0.000795063776479,0.8908535709153608,0.4682142177217666,0.4516137162739987,0.0002255305124606,0.4696619021307472,0.0001573129372883,17,16,15,138.75058823529412,141.9875,0.977202839935164,-3.2369117647058943,53.333333333333336,0.0397536456217326,0.4319454859922943,Q2_media-baja,0,0,Pequeña
sucre,frijol,35,2007,2024,18,1,97.2222222222222,4582.320000000001,130.9234285714286,146.87714285714287,130.8257142857143,0.9142085871829944,0.7683116321918334,100.58999309786522,0.5438015840867197,0.4180577132798646,14.55303604525303,0.5931404968231512,6.316796986613357e-08,8.321250537490922,0.3075726758994222,0.5370377980679105,5.865769818469077e-06,0.3572041737052757,0.0025986211381313,18,17,17,96.52722222222222,167.34294117647062,0.5768227900358818,-70.8157189542484,5.88235294117647,0.0449553420257008,0.0999856046495873,Q1_baja,0,0,Pequeña
tolima,ajonjoli,35,2007,2024,18,1,97.2222222222222,4363.0,124.65714285714286,172.17142857142858,167.34285714285716,0.7229393682887051,0.8280635834893851,103.22404042183392,0.5579119922885862,0.2549078053153257,9.632415521254988,0.2467565174424427,0.002401911504317,8.458446391767867,0.2197290946750356,0.313035934723497,0.0085494427475235,0.3438578075723387,0.004052993566014,18,17,17,99.88888888888889,150.88235294117646,0.6620316222655404,-50.99346405228758,17.647058823529413,0.0476028050140764,0.2887752369291305,Q1_baja,0,0,Pequeña
narino,cilantro,35,2007,2024,18,1,97.2222222222222,4353.639999999999,124.38971428571426,66.47,63.841428571428565,2.07648897202486,1.0655197115821131,132.5396924894957,0.9240278877448572,0.7099167700153901,6.032557418857406,0.0587044379790528,0.1608120814329422,-0.3705818246519284,0.0010315888491153,0.3599664855960084,0.002370396789909,0.0556495576538873,0.639164024072902,18,17,17,156.5816666666667,90.30411764705885,1.733937175253121,66.27754901960787,76.47058823529412,0.0600826911805559,0.1839147916650591,Q1_baja,0,0,Pequeña
cauca,trigo,33,2007,2024,18,3,91.66666666666666,4260.66,129.11090909090908,87.03030303030303,75.06060606060606,1.690045167028155,0.9775446220938282,126.21167483546331,0.862688655719182,0.2355472338048339,-12.513825522437577,0.2946813636113896,0.001098201496502,-8.90100933516562,0.4213091460366867,-0.3848342961004391,0.0016566527789141,-0.4387482193696061,0.0003429387141293,18,15,15,187.2255555555556,59.37333333333333,3.153361030017217,127.85222222222222,100.0,0.05838291241681,0.510900993894951,Q1_baja,0,0,Pequeña
caldas,habichuela,35,2007,2024,18,1,97.2222222222222,4240.89,121.16828571428572,13.431482993197278,13.080054421768706,8.283275816311784,0.757487328760924,91.78344107625472,0.4652552512622441,0.4101426951867143,4.637906380202542,0.0723561094602716,0.1181622217987852,0.256652686607315,0.047799246715735,0.3369850695332789,0.0044951721054633,0.3019639487011381,0.0113681029436592,18,17,17,134.55555555555557,106.9935294117647,1.257604607449843,27.56202614379088,64.70588235294117,0.0444969467836197,0.2623441076903596,Q1_baja,0,0,Pequeña
caqueta,tomate,25,2010,2024,15,5,83.33333333333334,4213.65,168.546,10.81010909090909,9.060509090909092,19.34326703168924,1.697134730463922,286.0452702807722,0.6887123964954033,1.5084346523036924,-2.052742857142856,0.0011265425985628,0.8734539996056533,-0.6534005194805194,0.1684888084070747,-0.0468230043463455,0.7435559111235637,-0.2259853912138864,0.1169327705653258,13,12,10,258.8269230769231,70.74166666666666,3.6587620178149103,188.0852564102564,40.0,0.150602225664519,0.1189848614782581,Q2_media-baja,0,0,Pequeña
cauca,acelga,31,2007,2024,18,5,86.11111111111111,4211.530000000001,135.85580645161292,14.05483870967742,12.80967741935484,8.941423212741174,1.0347122776072435,140.57167091971726,0.5371975317335093,0.911169454347826,-4.1354009688913775,0.0232432557745986,0.4129195516053314,0.7595968290827558,0.2718340541277968,-0.0086300344050491,0.9457735771279168,0.1901278059627142,0.1419116780016563,16,15,14,128.25125,143.96733333333336,0.89083576829929,-15.716083333333358,28.57142857142857,0.0656804213558117,0.4325045587847745,Q1_baja,0,0,Pequeña
narino,remolacha,18,2007,2024,18,18,50.0,4171.0,231.72222222222223,16.25,14.77777777777778,13.164814814814816,0.8177019925048725,189.47972281876795,0.637978883148061,0.4217360015806123,-24.233039875712063,0.6967146337534345,1.6458540252613907e-05,-1.3369583980666322,0.7084041043323573,-0.629194265327203,0.0003076740455083,-0.6285435778406999,0.0004547993230695,9,9,8,205.3333333333333,258.1111111111111,0.795523030563926,-52.77777777777774,75.0,0.0906383374237328,0.5121386892145101,Q2_media-baja,0,0,Pequeña
caldas,pepino cohombro,35,2007,2024,18,1,97.2222222222222,4122.85,117.7957142857143,9.278508356985178,8.922865499842322,12.895604776198295,0.8331100999872211,98.13679930663756,0.8714236056012415,0.5118218725825211,-0.6900041516539882,0.0014008755384849,0.8309669545407308,-0.2968334326241123,0.0381918402564639,0.0505477604299918,0.6699616967861152,-0.0980575070114526,0.4096628126416577,18,17,17,134.0027777777778,100.63529411764704,1.3315684020471257,33.367483660130745,64.70588235294117,0.0478354799312852,0.150174084135566,Q1_baja,0,0,Pequeña
caldas,zanahoria,29,2010,2024,15,1,96.66666666666669,3886.1,134.00344827586207,11.343103448275862,10.291160372194854,11.396915571034476,1.6522830254731118,221.41162294107104,1.6661657144114672,0.5172868064512895,-14.453451300200026,0.0852653958665585,0.1242856377836269,-0.9128676206595884,0.046681623288499,-0.3262969583890021,0.0137912369890639,-0.2721102340651901,0.0419517872383487,15,14,14,136.44,131.39285714285714,1.0384126121228594,5.047142857142859,42.85714285714285,0.1253758590909206,0.2585650356001984,Q1_baja,0,0,Pequeña
putumayo,papa,27,2007,2024,18,9,75.0,3757.7,139.17407407407407,16.874074074074073,15.833333333333334,8.900819890527536,0.5213215516058303,72.55444423960105,0.3918936542756005,0.3908741728987213,-7.613474366304551,0.3703601113115056,0.0007564647995455,-0.7482370878597288,0.4306144140907695,-0.3480745339088758,0.0109630041736481,-0.4201651970568988,0.0022980931274145,18,9,9,142.59444444444443,132.33333333333334,1.077539882451721,10.261111111111092,44.44444444444444,0.0467300139429169,0.2770636521713945,Q1_baja,0,0,Pequeña
sucre,habichuela,35,2007,2024,18,1,97.2222222222222,3757.15,107.34714285714286,22.08857142857143,21.36,5.10537573807844,0.6413666409540183,68.84887643029685,0.5594020996378738,0.1871475668782767,8.758217309431672,0.4585615558758625,7.918018966452313e-06,1.7632267247898232,0.5770225699036413,0.3936082132218035,0.0008890490306585,0.4543723675203115,0.0001528621823719,18,17,17,110.68055555555556,103.81764705882354,1.06610541358969,6.862908496732018,64.70588235294117,0.0399885222174479,0.2623441076903596,Q1_baja,0,0,Pequeña
santander,repollo,30,2007,2024,18,6,83.33333333333334,3744.0,124.8,4.666666666666667,4.6,30.716666666666665,0.4060172001818411,50.67094658269377,0.5608629121209763,0.4368866729871641,-2.1113533015145256,0.0531022703528159,0.2205349476712782,0.0888797023563456,0.035268539609523,-0.3010907673277694,0.0225274293146269,0.3210881557150662,0.0202215872327723,16,14,14,126.4375,122.92857142857144,1.0285444509006392,3.5089285714285694,42.85714285714285,0.0386451655982905,0.3206419693269532,Q1_baja,0,0,Pequeña
quindio,pimenton,31,2008,2024,17,3,91.17647058823528,3708.27,119.6216129032258,9.878042906610428,9.689655809836236,12.014325180404487,0.8289105321208688,99.1556148047695,0.6439133848087094,0.2609791945116466,-1.7359179832713765,0.0070922347086884,0.6524044277443617,-0.1355744606440019,0.0105127991512555,-0.0926726290147904,0.4647442480799478,-0.117527461801023,0.3577229840122957,16,15,14,130.319375,108.21066666666664,1.2043117283570322,22.10870833333336,57.14285714285714,0.0537073674379053,0.2091419586284787,Q1_baja,0,0,Pequeña
cundinamarca,rabano,35,2007,2024,18,1,97.2222222222222,3591.2,102.60571428571428,4.885714285714286,4.820571428571428,20.719117942535664,0.5671915964537393,58.19709889099053,0.3722188916762284,0.3476784172105179,0.7182005545423545,0.0043156749222567,0.7077047258272329,-0.0499384665569444,0.0213686641295628,0.0118044516235518,0.92078086869204,-0.0193523757369125,0.8746535266029574,18,17,17,104.31111111111112,100.8,1.034832451499118,3.5111111111111057,35.294117647058826,0.037500419951823,1.0,Q1_baja,0,0,Pequeña
cordoba,ajonjoli,25,2007,2024,18,11,69.44444444444444,3451.32,138.0528,208.156,178.356,0.7786295206678342,0.663273023604331,91.566698073044,0.5937774634529427,0.2583265707165073,-7.937528901734105,0.1993325451583023,0.025270485039804,-5.624478512188993,0.0549315579140454,-0.314383029182606,0.0280514941469924,-0.1302172098423646,0.3622467546490362,8,17,7,63.1625,173.29529411764705,0.3644790259400819,-110.13279411764704,42.85714285714285,0.0568933543875033,0.2887752369291305,Q1_baja,0,0,Pequeña
choco,cilantro,30,2009,2024,16,2,93.75,3337.17,111.239,21.4,18.53,6.274111952394211,0.5659962733694273,62.96085945334171,0.4742631461739046,0.2399873893932267,7.091654894046412,0.2890269155220579,0.0021850492409931,0.7325933400605444,0.1186981710596222,0.3808234829930253,0.0036661153930213,0.2282984996835548,0.0823796544193602,16,14,14,118.125,103.36928571428572,1.1427475693940587,14.75571428571429,50.0,0.0436557796250825,0.1839147916650591,Q1_baja,0,0,Pequeña
quindio,habichuela,35,2007,2024,18,1,97.2222222222222,3307.21,94.49171428571428,16.665052154195013,16.08505215419501,6.230900153211811,0.625017809920583,59.0590043184986,0.4783011120474619,0.4735067586571271,-2.799865367792062,0.0636886405560304,0.1435797801291861,-0.9234558518433796,0.3803435565508883,-0.2272730493390844,0.0551642748444457,-0.4070998218389325,0.0006151427535391,18,17,17,113.00555555555556,74.88882352941175,1.508977578091795,38.116732026143794,82.35294117647058,0.03941388321013,0.2623441076903596,Q1_baja,0,0,Pequeña
choco,tomate,34,2007,2024,18,2,94.44444444444444,3191.7,93.87352941176472,7.591176470588236,6.385294117647059,14.610479310949415,0.7342556075859336,68.9271653744713,0.5423317503003946,0.4138737617519004,-5.089835215700802,0.1574922465719536,0.0201352151770173,0.0577624513978893,0.0056855903703399,-0.3403117691781552,0.0052083021120277,-0.0074201670188945,0.9523527260786832,18,16,16,95.59444444444443,91.9375,1.039776418158471,3.6569444444444335,50.0,0.0448021910120725,0.1189848614782581,Q1_baja,0,0,Pequeña
caldas,pimenton,35,2007,2024,18,1,97.2222222222222,3186.09,91.03114285714284,9.380448979591838,8.393496598639457,11.293636889001393,1.083794690644174,98.65906931184276,1.2105672457219745,0.5312799957612482,3.65544118737304,0.0389014237680329,0.2560916688270093,0.0560576303234547,0.0006905645885012,0.0622896505596009,0.5991946557019678,-0.0861497548289857,0.4685990137109752,18,17,17,96.3377777777778,85.41235294117647,1.127913872647036,10.925424836601325,41.17647058823529,0.0611728748325951,0.2091419586284787,Q1_baja,0,0,Pequeña
atlantico,habichuela,32,2007,2024,18,4,88.88888888888889,3122.1,97.565625,39.23125,29.23125,3.451473040966671,1.0782413109659532,105.19928740521256,0.605928587981296,0.8517997469130382,-0.6909344541468891,0.0012001341056632,0.8506967099218875,-1.4608282908801045,0.1050685739666408,-0.0100908224936767,0.93536804902707,-0.2710316467704955,0.0327029066627895,16,16,15,107.50625,87.625,1.2268901569186874,19.881249999999994,60.0,0.0664460293602352,0.2623441076903596,Q1_baja,0,0,Pequeña
quindio,lechuga,29,2008,2024,17,5,85.29411764705883,3111.4,107.2896551724138,10.275862068965518,10.248275862068963,8.750458155470113,0.8540841256805158,91.63439133249508,0.7698631443974278,0.3679842211514482,16.786818380743977,0.7082901841088665,1.066582060916187e-08,1.4432676878191095,0.7024600417196236,0.7369555266607761,3.182063409069893e-08,0.7281338445056985,6.6972191587826e-08,15,14,13,109.09333333333332,105.35714285714286,1.0354621468926553,3.736190476190473,23.07692307692308,0.0587691693516107,0.32357480833283,Q1_baja,0,0,Pequeña
cundinamarca,tomillo,19,2007,2018,12,5,79.16666666666666,3076.0,161.89473684210526,26.42105263157895,26.0,5.878662166368854,0.5852417323588227,94.7475562492494,0.5928696490152625,0.2474752514273,15.61729032258064,0.3078370820266555,0.0136774223758166,2.9864516129032244,0.411848888058565,0.4510882275373163,0.0076265050128675,0.5893796917545018,0.0005055660168364,11,8,7,152.9090909090909,174.25,0.8775270640406939,-21.340909090909093,14.285714285714285,0.06970953444681,1.0,Q2_media-baja,0,0,Pequeña
choco,aji,23,2012,2024,13,3,88.46153846153845,2953.5,128.41304347826087,14.217391304347826,13.58695652173913,8.218599033816425,1.2144137913663415,155.94657099132564,0.5246190111777386,0.537102551475067,12.803734656568292,0.1020202811862971,0.1373769821961367,0.1269913815617654,0.0043871800557306,-0.1038632736453918,0.5038834908701424,-0.160140151793588,0.3139885270245839,12,11,10,114.75,143.3181818181818,0.8006660323501428,-28.568181818181813,10.0,0.1048121339254007,0.2079344443894293,Q1_baja,0,0,Pequeña
quindio,crisantemo,17,2007,2016,10,3,85.0,2914.0,171.41176470588235,6.978213507625273,6.860566448801743,23.64544856393153,0.5027072275127157,86.16993299835609,0.370681546201474,0.243087365921763,-23.60266821345707,0.7132968546399522,1.999807415644488e-05,-0.6048881441379508,0.5198994083685867,-0.7076387943506436,0.000109100858829,-0.6726625397597095,0.0002762676220799,9,8,8,168.11111111111111,175.125,0.9599492426044888,-7.013888888888886,37.5,0.0728146467318212,1.0,Q2_media-baja,0,0,Pequeña
antioquia,acelga,17,2016,2024,9,1,94.44444444444444,2775.76,163.28,6.413529411764706,6.148235294117647,26.15538781884435,0.6353799157422955,103.744832642402,0.5436344249685904,0.0513390547256288,-29.75008483033933,0.6058600008729007,0.0002330505896102,-0.9975723552894212,0.6031280716902162,-0.5414911538365681,0.0028563562696771,-0.525022331292413,0.0041367370986766,9,8,8,151.61111111111111,176.4075,0.8594368783136268,-24.796388888888885,0.0,0.081174125250031,0.4325045587847745,Q2_media-baja,0,0,Pequeña
norte de santander,perejil,17,2016,2024,9,1,94.44444444444444,2740.0,161.1764705882353,9.529411764705882,9.529411764705882,15.0,0.9812149170884884,158.1487572248505,0.5603615849868495,0.408248290463863,-19.63448103792416,0.1135628020931531,0.1859342235774569,-0.4553393213572855,0.053571058630547,0.3537281142958558,0.0578908048568958,0.3789053867704035,0.0428922407924312,9,8,8,173.88888888888889,146.875,1.1839243498817966,27.01388888888889,25.0,0.1121263786030156,0.4319454859922943,Q2_media-baja,0,0,Pequeña
risaralda,soya,20,2013,2024,12,4,83.33333333333334,2679.83,133.9915,74.542,60.437,2.1457660124820093,0.8832325457808119,118.34565365798966,1.2346944052372892,0.1844731419444287,23.18431986809563,0.4594016667755258,0.0010238543380622,16.38307227260236,0.3792958787631046,0.4787504959281433,0.0034318277612947,0.5990075697767814,0.0002657564867595,11,9,9,139.9009090909091,126.7688888888889,1.1035902445554304,13.1320202020202,44.44444444444444,0.0870547371715065,0.8801723533870649,Q1_baja,0,0,Pequeña
cordoba,habichuela,35,2007,2024,18,1,97.2222222222222,2670.95,76.31285714285714,18.37542857142857,16.06114285714286,4.848468200035437,0.7451475893829387,56.86434153892457,0.5150763307317155,0.5983918301258484,0.659000192755365,0.0038058439524692,0.7247986767565593,0.6771009593286186,0.1450269257975898,0.097561010114806,0.4100724549236459,0.1869272900789419,0.1176941324018931,18,17,17,83.4538888888889,68.75176470588235,1.2138435899922235,14.702124183006546,58.82352941176471,0.0439823082602032,0.2623441076903596,Q1_baja,0,0,Pequeña
putumayo,arveja,29,2007,2024,18,7,80.55555555555556,2526.7699999999995,87.12999999999998,38.34758620689656,36.41827586206897,1.7691136576880764,1.6648841660465277,145.06135738763393,0.9394414063004212,0.5010506058420583,7.930582857142856,0.0934021259702189,0.1069072842719051,2.620514285714285,0.1653513039300821,0.3604949260645497,0.0061506292309259,0.396039819724056,0.0028116152377709,17,12,11,79.54411764705883,97.87666666666668,0.8126974523760395,-18.33254901960784,36.36363636363637,0.1267675386657174,0.3037951755849065,Q1_baja,0,0,Pequeña
valle del cauca,tabaco,18,2007,2015,9,0,100.0,2507.0,139.27777777777777,62.833333333333336,61.05555555555556,2.283267118645581,0.5856312811678024,81.56542343820448,0.6310158001317931,0.0810162633703231,-5.607843137254902,0.0336794036120799,0.4660404486643451,-1.484004127966977,0.009981468016317,-0.118033421304695,0.4950567081996511,-0.0786889475364633,0.6492108060096153,9,9,9,158.0,120.55555555555556,1.3105990783410135,37.44444444444444,88.88888888888889,0.0735505801148089,0.2568290616704286,Q1_baja,0,0,Pequeña
santander,trigo,35,2007,2024,18,1,97.2222222222222,2465.32,70.43771428571428,62.21142857142858,57.12571428571429,1.2141827654298218,0.9153242374898084,64.4733471190964,0.8197057810514141,0.2352770633568872,-9.594302447993126,0.6275181605329031,1.4345691766884561e-08,-7.185183043458921,0.5625734748202117,-0.614351460362431,2.3168885620150166e-07,-0.4966280033367,3.102854584313988e-05,18,17,17,75.83888888888889,64.71882352941175,1.1718211913172925,11.120065359477138,76.47058823529412,0.0518251654130891,0.510900993894951,Q1_baja,0,0,Pequeña
cordoba,tomate,31,2007,2024,18,5,86.11111111111111,2418.9,78.02903225806452,5.693548387096774,5.354838709677419,11.337856071226929,1.969208577719364,153.65543963372158,1.530277422836578,0.5350187273605622,-16.878024035889197,0.3152223686509803,0.001015296529128,-0.966878626990986,0.3217416257647791,-0.4039773174727126,0.0016202358404933,-0.2596405714898689,0.0541811963139645,16,15,13,81.49375,74.33333333333333,1.096328475336323,7.160416666666677,61.53846153846154,0.153312666677321,0.1189848614782581,Q1_baja,0,0,Pequeña
cauca,zanahoria,34,2007,2024,18,2,94.44444444444444,2407.73,70.81558823529411,12.46470588235294,11.241176470588236,6.804631172959131,0.894876772654187,63.37122505360781,0.66889427484524,0.5663014960964325,0.1680946223237448,0.0002024641723076,0.9363413720782,0.3022710906345579,0.0378215171732159,-0.0071492660861943,0.952699357876848,0.1595885020263597,0.19092061594696,17,17,16,82.16117647058823,59.47,1.38155669195541,22.691176470588232,56.25,0.0522720990153867,0.2585650356001984,Q1_baja,0,0,Pequeña
antioquia,algodon,17,2007,2024,18,19,47.22222222222222,2375.0,139.7058823529412,80.47058823529412,75.17647058823529,1.7148938728898837,0.7163384736730715,100.07669852785558,0.6208962194868852,0.5233421929507306,2.8336825719930547,0.0246168251027656,0.5475907575257757,-1.0298748727773457,0.0130452414821962,0.0817894731149928,0.6496297363937644,-0.0973953562079149,0.5905097962264776,3,14,2,160.0,135.35714285714286,1.1820580474934037,24.64285714285714,100.0,0.0872327091412742,0.3480800845750301,Q1_baja,0,0,Pequeña
santander,aji,28,2007,2024,18,8,77.77777777777779,2360.7,84.31071428571428,22.928571428571427,20.553571428571427,3.615020449835053,0.9563907756288588,80.6339894295374,0.6893049562752864,0.5719636201598987,1.1743843679834938,0.0057796734296231,0.7006090830367833,0.1771952181564416,0.0034248871875483,0.0906695681392714,0.501203502808764,-0.0080327115451979,0.952641917953439,17,11,11,83.98823529411764,84.80909090909091,0.9903211364940444,-0.8208556149732686,45.45454545454545,0.0672148590868816,0.2079344443894293,Q1_baja,0,0,Pequeña
boyaca,quinua,27,2007,2024,18,9,75.0,2343.43,86.7937037037037,46.400000000000006,45.6,1.744296711858892,0.8429675814046531,73.1642784922632,0.7764434713723302,0.2340344884554819,11.667230080716047,0.6799123469180657,1.233029079632769e-07,5.495660513066406,0.6221566379027791,0.576320129914696,2.5312944833666e-05,0.4957101454703225,0.0003059867254353,18,9,9,72.77944444444445,114.82222222222224,0.6338445906715695,-42.042777777777786,66.66666666666666,0.0623805938625232,0.3476355085293409,Q1_baja,0,0,Pequeña
cauca,repollo,30,2007,2024,18,6,83.33333333333334,2107.4,70.24666666666667,11.416666666666666,10.71,5.079368326261786,1.2801782241485091,89.9282529856856,0.841646649460494,0.9306294239484416,11.603638941398865,0.445435879794187,5.6088423317119885e-05,1.4479506788107916,0.6075169418791578,0.6736721129792644,2.1772222259991377e-07,0.5605092790492653,2.0943476467070672e-05,16,14,13,70.64125,69.79571428571428,1.0121144360071228,0.8455357142857167,53.84615384615385,0.0861409247577076,0.3206419693269532,Q1_baja,0,0,Pequeña
boyaca,espinaca,17,2016,2024,9,1,94.44444444444444,2081.36,122.43294117647056,9.447058823529412,9.222192513368984,11.650130443636964,0.6319992143800753,77.37752263777138,0.5707619389502251,0.4018922858783438,22.27956337325349,0.6108189780540365,0.0002112196595072,1.8057634730538925,0.826318150771206,0.4907372753474232,0.0069390764482197,0.7532929101152013,3.765378119499433e-05,9,8,8,120.85666666666668,124.20625,0.9730320870863316,-3.349583333333328,62.5,0.0809369138810814,0.7827435010492556,Q1_baja,0,0,Pequeña
boyaca,ajo,35,2007,2024,18,1,97.2222222222222,2079.9,59.425714285714285,10.769047619047615,9.92047619047619,5.997950133057813,0.8317323168206454,49.42628702157887,0.7769341051094324,0.4634463548872617,3.255411236154976,0.1229293728274089,0.0389241999264157,0.0420466171433654,0.0007156473660645,0.0743884535948951,0.531743563163976,0.0259627891030808,0.8304321409477341,18,17,17,59.83888888888888,58.98823529411764,1.014420733058547,0.8506535947712379,41.17647058823529,0.0477718155042371,0.3055059117959323,Q1_baja,0,0,Pequeña
cauca,sorgo,20,2007,2024,18,16,55.55555555555556,2016.5,100.825,35.35,30.625,3.276430153788602,1.2933592448494544,130.40294586194625,1.2799391483346734,0.2245479890455599,-13.071170706549768,0.3204264792639874,0.0092753767759166,-4.571222279525529,0.3255228114447366,-0.4761971417439957,0.0034660514210676,-0.4893893958376576,0.0027790344372873,13,7,7,72.96153846153847,152.57142857142858,0.4782123307404206,-79.60989010989012,28.57142857142857,0.1294569614712837,0.2099145247108181,Q1_baja,0,0,Pequeña
caldas,arveja,35,2007,2024,18,1,97.2222222222222,1946.2000000000005,55.60571428571429,34.434285714285714,33.777142857142856,1.6699137450304438,0.4793022883645019,26.65194610328553,0.4566334718023668,0.255389873647748,1.9367421378052576,0.1496393020323141,0.0216985850219261,2.078519638806104,0.4951656904740665,0.2242845808474851,0.0588007794723933,0.4698255192572549,8.625112849746566e-05,18,17,17,59.513333333333335,51.46823529411764,1.1563119075919663,8.045098039215695,64.70588235294117,0.0349476271375258,0.3037951755849065,Q1_baja,0,0,Pequeña
risaralda,pepino cohombro,29,2007,2023,17,5,85.29411764705883,1924.7,66.36896551724138,4.284137931034483,4.132413793103448,19.47800175726673,0.6399766755560867,42.47458991182069,0.693568030690598,0.4950218401872944,-2.4855962136196648,0.0895526727517319,0.1147890136947246,-0.4120245832155973,0.5028251808571707,-0.1631405646630687,0.2210262332766316,-0.5781826900968382,2.0585660430293712e-05,16,13,13,72.09375,59.323076923076925,1.2152732754149378,12.770673076923076,69.23076923076923,0.048118863337887,0.150174084135566,Q1_baja,0,0,Pequeña
atlantico,cilantro,32,2007,2024,18,4,88.88888888888889,1901.1,59.409375,8.96875,8.2875,6.926456614605482,0.6565754180711821,39.00673522797264,0.4755703330181668,0.2662385128855841,0.6182992150355512,0.0073649077538441,0.6404896331840579,0.0195854218431618,0.000618047195638,0.0040486161765703,0.97411320700787,0.0602557809274756,0.6363322785407302,17,15,15,68.05882352941177,49.60666666666667,1.3719692957145229,18.4521568627451,73.33333333333333,0.0443006149102302,0.1839147916650591,Q1_baja,0,0,Pequeña
vichada,ahuyama,28,2007,2024,18,8,77.77777777777779,1874.9,66.96071428571427,19.964285714285715,16.517857142857142,4.447883870580109,1.6220473770940316,108.61345097548568,0.9585081811546634,0.4336361843907853,3.2778688524590147,0.0291017527659473,0.3854372339075013,-1.140834575260804,0.1135662731411752,-0.1591517535198075,0.2356799134290376,-0.2293406723522748,0.088932902045836,12,16,11,89.79166666666667,49.8375,1.8016888220048493,39.95416666666667,72.72727272727273,0.1263240022009132,0.0821380302774234,Q1_baja,0,0,Pequeña
santander,cilantro,34,2007,2024,18,2,94.44444444444444,1844.92,54.26235294117648,18.13823529411765,17.691176470588236,3.300678011316498,0.7506092452767458,40.72982378811688,0.8454018552319688,0.3303953571551825,2.864339940565547,0.1438780867093066,0.0269359915598306,1.4665145062957634,0.2660889680021219,0.2905886862739775,0.0162351689999649,0.3874515816986366,0.0013516542344167,18,16,16,59.54555555555555,48.31875,1.2323488408858994,11.22680555555555,75.0,0.0454953891783153,0.1839147916650591,Q1_baja,0,0,Pequeña
norte de santander,espinaca,30,2007,2024,18,6,83.33333333333334,1821.95,60.73166666666667,5.863333333333333,5.846666666666667,6.882777777777778,1.053918617694482,64.00623418361539,0.7905923357415446,0.7426297643587432,-10.48614263353551,0.6307156231140759,1.6199375294940388e-07,-0.7756261005674032,0.6578957497148763,-0.4322962053117632,0.0011287933304517,-0.5147330479934532,0.0001479006592873,18,12,12,51.275000000000006,74.91666666666667,0.6844271412680757,-23.641666666666666,41.66666666666667,0.0691239879210759,0.7827435010492556,Q1_baja,0,0,Pequeña
cundinamarca,albahaca,18,2008,2018,11,4,81.81818181818183,1816.0,100.88888888888889,21.77777777777778,20.5,4.259460292793626,1.0356521383309756,104.48579351161398,0.722188743900374,0.3831605568704704,26.080867850098617,0.6193945359432319,0.0001064326904133,3.839250493096647,0.592382372098448,0.7302789622330439,2.548399730417622e-05,0.7276068751089989,3.699876593693832e-05,10,8,8,112.2,86.75,1.293371757925072,25.450000000000003,62.5,0.111832657338586,1.0,Q1_baja,0,0,Pequeña
cesar,habichuela,21,2011,2024,14,7,75.0,1709.1999999999998,81.39047619047618,24.214285714285715,23.59523809523809,3.3158567070452314,0.5846498978407331,47.58493358997052,0.3984004879619398,0.4951975619150144,8.412260924635843,0.5874749845213101,5.076616915943311e-05,1.586732108929702,0.5085422214953723,0.4520152533840895,0.0053242812828586,0.3844717143398193,0.018264258766385,12,9,9,79.10000000000001,84.44444444444444,0.9367105263157895,-5.344444444444434,66.66666666666666,0.0631208844918449,0.2623441076903596,Q1_baja,0,0,Pequeña
cauca,espinaca,20,2014,2024,11,2,90.9090909090909,1708.15,85.4075,8.245,7.76,9.187795959365031,0.8527324230376693,72.82974442058973,0.5332137256446134,0.7113174433017448,-3.952712801506775,0.031895749072948,0.4512356873123844,0.0244121757093383,0.0003338788210101,-0.1108183277007281,0.495435721361128,-0.1563802524849538,0.3441264204813733,11,9,9,80.77909090909091,91.06444444444443,0.8870541230652507,-10.285353535353536,33.33333333333333,0.0845397478017354,0.7827435010492556,Q1_baja,0,0,Pequeña
santander,lechuga,20,2007,2024,18,16,55.55555555555556,1706.0,85.3,4.375,4.3,18.333333333333336,0.7077680529215181,60.37261491420549,0.6865909183432665,0.2968883135564664,8.138436276367313,0.7571972098487828,6.154948230141367e-07,0.4038777314639384,0.7532768772036125,0.7361568114375291,9.883729008189652e-06,0.7523118184738442,7.849900279258857e-06,10,10,9,90.6,80.0,1.1324999999999998,10.599999999999994,44.44444444444444,0.073794441794975,0.32357480833283,Q1_baja,0,0,Pequeña
boyaca,coliflor,31,2007,2024,18,5,86.11111111111111,1627.12,52.48774193548388,3.193548387096774,3.096774193548387,15.436686757977084,0.8472923534946524,44.472462394136095,0.5879833176764423,0.3093216941673563,-4.152810545454551,0.2578407938184495,0.0035447129810755,-0.1350145454545455,0.1528740785139342,-0.2977361869741967,0.0189495194854708,-0.1928513698522516,0.1469779020657125,16,15,15,50.03125,55.10799999999999,0.9078763518908328,-5.07674999999999,26.666666666666668,0.0546692299362281,0.2897697174055221,Q1_baja,0,0,Pequeña
caldas,cebolla de bulbo,23,2010,2023,14,5,82.14285714285714,1620.25,70.44565217391305,4.310869565217392,3.810869565217392,7.210383819079472,4.269355971936119,300.75756580563035,2.6600196310576285,1.3305711933864772,-24.334032316163235,0.125705528053529,0.0969206003764142,-0.6715741264858747,0.065863954342575,-0.4631799906235394,0.0029186206548027,-0.6451634970881942,5.3901366102472805e-05,13,10,10,120.8846153846154,4.875,24.79684418145957,116.0096153846154,20.0,0.8015175976036774,0.3270575890803964,Q1_baja,0,0,Pequeña
narino,batata,31,2009,2024,16,1,96.875,1601.4,51.65806451612904,14.193548387096774,12.596774193548388,3.5401330177618284,0.8166091920589325,42.18445032784434,0.4040838360494934,0.5802044824400334,6.120528416650823,0.4763414702280836,1.737565902699763e-05,0.8084964835582583,0.4496521695626374,0.614063025091463,1.3589124845885011e-06,0.474307339839358,0.0002294241318288,16,15,15,52.0625,51.22666666666667,1.016316371681416,0.8358333333333334,46.66666666666666,0.0530754601213884,0.4040132390762072,Q1_baja,0,0,Pequeña
casanare,tomate,25,2010,2024,15,5,83.33333333333334,1569.5,62.78,2.6747999999999994,2.6468000000000003,30.42990476190476,1.06348581639998,66.76563955359074,0.8726709599994102,0.6591904915448761,-7.842392502756335,0.2607096890104663,0.0091059780045172,-0.4452657111356117,0.6875762661269857,-0.4309984190089431,0.0027454729408866,-0.5955872905154216,5.065628331105378e-05,14,11,11,58.146428571428565,68.67727272727274,0.8466618760814272,-10.530844155844171,54.54545454545454,0.0834304799366629,0.1189848614782581,Q1_baja,0,0,Pequeña
cundinamarca,limonaria,18,2008,2018,11,4,81.81818181818183,1551.0,86.16666666666667,20.05555555555556,19.05555555555556,4.733426491204269,0.5747731375952786,49.52628535612651,0.5595559800393323,0.5401026733715721,13.162721893491126,0.7021949195311824,1.4176872664277637e-05,2.8205128205128207,0.6279679269273687,0.5316348152192667,0.0023453635285076,0.6832667180756565,0.000121853747381,10,8,8,86.2,86.125,1.0008708272859217,0.0750000000000028,25.0,0.0728894775151822,1.0,Q1_baja,0,0,Pequeña
quindio,pepino cohombro,27,2007,2024,18,9,75.0,1533.14,56.78296296296296,4.141604938271605,3.877283950617284,14.907874908513842,1.1242932914859594,63.84070432995495,0.76167555147734,0.6297088056384321,3.951810589475389,0.1009763760452076,0.1062627438500594,0.3639938917268032,0.3508598705857423,0.3834083952872057,0.0051850167884738,0.4195352746846333,0.002705000561441,13,14,11,69.71846153846154,44.771428571428565,1.557208777183251,24.94703296703297,45.45454545454545,0.0821192325614384,0.150174084135566,Q1_baja,0,0,Pequeña
norte de santander,cimarron,15,2007,2014,8,1,93.75,1500.0,100.0,10.0,10.0,10.0,0.0,0.0,0.0,0.0,0.0,,,0.0,,,,,,8,7,7,100.0,100.0,1.0,0.0,0.0,0.0666666666666666,0.6848780795985364,Q1_baja,0,0,Pequeña
amazonas,cilantro,30,2007,2024,18,6,83.33333333333334,1478.86,49.29533333333333,18.74333333333333,17.25,2.872629689792192,1.1197247123317475,55.19720293596427,0.5720327917849537,0.818655916781583,7.592257436662668,0.5027834605344855,1.153657077372775e-05,-0.1959775521458462,0.0088787212697522,0.3237048298896367,0.0124286478963421,-0.0255831249317031,0.8441028743305975,15,15,13,43.284,55.306666666666665,0.7826181292189007,-12.022666666666666,30.76923076923077,0.0737330216786511,0.1839147916650591,Q1_baja,0,0,Pequeña
narino,acelga,18,2013,2024,12,6,75.0,1461.2999999999995,81.18333333333332,9.93611111111111,9.633333333333333,6.648068394948875,0.9750894795248924,79.16101424609583,0.4069322853864821,0.8306986347403418,18.752188940092168,0.7162952197680279,9.535778142107576e-06,0.9004224270353304,0.633032847606657,0.7606598261858126,1.0977319134518044e-05,0.7575796116874551,1.4528460952127248e-05,10,8,8,70.185,94.93125,0.7393245111593917,-24.746250000000003,12.5,0.1054431832788954,0.4325045587847745,Q1_baja,0,0,Pequeña
caqueta,ahuyama,25,2010,2024,15,5,83.33333333333334,1432.5,57.3,9.22,8.32,7.856175266543434,0.5329161508651278,30.53609544457182,0.6308392991750056,0.5164533982966785,1.0358596134282807,0.0235660651255558,0.463786840628186,0.5865208545269583,0.2082475374131022,0.1616244071283537,0.2611413185580459,0.5490879570169634,0.0001949471745135,14,11,10,57.98214285714285,56.43181818181818,1.0274725274725274,1.5503246753246742,30.0,0.0509055855559514,0.0821380302774234,Q1_baja,0,0,Pequeña
cundinamarca,trigo,21,2007,2022,16,11,65.625,1411.6,67.21904761904761,30.0,28.95238095238096,3.307221853803995,1.071881718443967,72.0508682740716,1.3284075679800482,1.0265667814147454,-8.254201481948604,0.2973092173982107,0.0105768712755296,-5.143780545483209,0.3773951820063159,-0.5263218141162801,0.0008851548461812,-0.5986837018326834,0.0001875029505727,14,7,7,71.82857142857144,58.0,1.238423645320197,13.828571428571436,71.42857142857143,0.0997247355253692,0.510900993894951,Q1_baja,0,0,Pequeña
antioquia,col,19,2007,2024,18,17,52.77777777777778,1407.82,74.0957894736842,14.64157894736842,14.531052631578946,5.089462711678432,0.4299593919050093,31.85818058482685,0.4207659865648593,0.1254498127091962,-2.954752912019828,0.2537218334017311,0.0278939859014981,-0.6369234200743495,0.3152643041277046,-0.1190316384288414,0.4960324483416588,-0.2417371431407307,0.1746546719959218,18,1,1,77.82333333333332,7.0,11.117619047619046,70.82333333333332,100.0,0.061849228300199,0.6284993945258104,Q1_baja,0,0,Pequeña
risaralda,pimenton,31,2007,2024,18,5,86.11111111111111,1341.0,43.25806451612903,2.989247311827957,2.892473118279569,13.81989247311828,1.873101170654185,81.02673128539554,0.7418967908676903,0.7523298143789052,-2.0699638844301784,0.0174877520583855,0.4782283625650463,0.0287092027822365,0.004490520417807,0.151021643305097,0.2446445205381335,0.0493762402603446,0.713819073525864,16,15,15,58.5625,26.933333333333334,2.1743502475247523,31.629166666666663,66.66666666666666,0.1417848489752158,0.2091419586284787,Q1_baja,0,0,Pequeña
vaupes,aji,24,2007,2024,18,12,66.66666666666666,1326.7,55.27916666666667,18.08833333333333,15.7925,3.6278728377259992,1.0780631671716947,59.59443349527864,0.7682191857676169,0.5097997369040759,7.682917955248318,0.6206673876332448,4.876498242225498e-06,2.072877569583409,0.8309938842091428,0.8080776353032271,3.9886368326478025e-08,0.8236184756715,2.531952138877142e-08,15,9,9,54.34666666666667,56.833333333333336,0.9562463343108504,-2.4866666666666646,55.55555555555556,0.088074764627573,0.2079344443894293,Q1_baja,0,0,Pequeña
atlantico,col,30,2007,2024,18,6,83.33333333333334,1252.5,41.75,5.416666666666667,5.183333333333334,7.645963274198568,0.7828374515742935,32.683463603226755,0.6228067004171299,0.3246937660121626,2.6498821654993847,0.1707241165708372,0.0232413623430637,0.2491120921432602,0.1416174410959602,0.291334346900673,0.0244489453100893,0.2603330739170287,0.0501542874172596,17,13,13,59.02941176470589,19.15384615384616,3.081856839121191,39.87556561085973,100.0,0.0530802219911474,0.6284993945258104,Q1_baja,0,0,Pequeña
guainia,aji,19,2014,2024,11,3,86.36363636363636,1120.75,58.98684210526316,13.56578947368421,13.342105263157896,4.6288387078675495,0.8831387144702223,52.09356390750008,0.4609160043316879,0.6621131955136196,10.066600761570012,0.372764855843794,0.0054955213414795,0.1103544229642648,0.0031094471268175,0.4083126169891915,0.015523253770211,0.0369736933323267,0.8313799771067277,11,8,8,48.09090909090909,73.96875,0.6501517071859277,-25.877840909090907,50.0,0.0915202542989753,0.2079344443894293,Q1_baja,0,0,Pequeña
narino,cimarron,24,2012,2024,13,2,92.3076923076923,1078.03,44.91791666666666,25.429166666666664,23.64375,1.6410339515665993,0.8504662686297887,38.20117298212379,0.3348667122458059,0.6990724149124402,9.031707692307693,0.7898450033710014,6.610927387333537e-09,1.972,0.7578113983071705,0.8000052893086543,4.752524890848945e-08,0.7568871968677285,2.6968741997646385e-07,12,12,11,45.57750000000001,44.25833333333333,1.0298060628883452,1.3191666666666748,27.27272727272727,0.0705481529579387,0.6848780795985364,Q1_baja,0,0,Pequeña
cauca,ajo,33,2007,2024,18,3,91.66666666666666,1067.0,32.333333333333336,10.969696969696969,9.909090909090908,3.491630591630591,0.7652946808647565,24.74452801462713,0.5376158326850277,0.8432581976304383,-1.0923043548999405,0.051038004605864,0.2061701274206279,0.7214057161451275,0.3919137512046323,0.0154468941156187,0.901027061861605,0.2678543268585118,0.0351933259707121,18,15,15,32.166666666666664,32.53333333333333,0.9887295081967212,-0.3666666666666671,33.33333333333333,0.0475129755316037,0.3055059117959323,Q1_baja,0,0,Pequeña
caldas,lechuga,26,2010,2024,15,4,86.66666666666667,1066.34,41.01307692307692,5.329487179487179,4.771355311355311,10.159202167122618,1.7832125585920666,73.13503383573324,2.2356765314322105,0.3454539246535189,-0.2203980315530477,0.0001930617867299,0.9462889201982514,-0.0412688763448642,0.0002550282792894,0.1119817526085005,0.4266264546016616,-0.0819126206353748,0.564533698951148,14,12,11,49.29571428571429,31.35,1.5724310776942358,17.945714285714292,45.45454545454545,0.156059431550313,0.32357480833283,Q1_baja,0,0,Pequeña
cauca,garbanzo,21,2011,2021,11,1,95.45454545454544,1058.7,50.41428571428572,59.38095238095238,47.97619047619048,1.043465612426855,0.9783819842948338,49.32442889394955,1.3487005843688642,0.3084336147660121,3.268396694214876,0.0474365113405743,0.3429161612766115,3.949421487603304,0.0262729541678124,0.1818202630583513,0.2507495016986303,0.2319084142609793,0.1461033832544382,11,10,10,42.90909090909091,58.67,0.7313634039388257,-15.760909090909095,10.0,0.091030898285383,1.0,Q1_baja,0,0,Pequeña
narino,melon,15,2017,2024,8,1,93.75,1038.6999999999998,69.24666666666666,4.4,4.313333333333333,17.11980056980057,0.5766338505013536,39.92997203438373,0.2822995470036903,0.513795454880583,8.805527638190952,0.2765016893695373,0.0440855842838246,-0.3190954773869346,0.3752326447050065,0.3636405261167026,0.0597248725899449,-0.4840764516831996,0.0183893902306356,8,7,7,57.9,82.21428571428571,0.704257167680278,-24.31428571428571,57.14285714285714,0.0873559660694055,0.1195484664930085,Q1_baja,0,0,Pequeña
quindio,cebolla de rama,18,2007,2021,15,12,60.0,1006.75,55.93055555555556,2.6500000000000004,2.255555555555555,14.735353535353536,2.2423449269862004,125.41559751351984,0.9641881920039342,0.7595738352941991,2.1076125392347733,0.0058071492398411,0.7637688922464023,-0.0198100838332869,0.0012360664102852,-0.1800360108036012,0.3041266150234101,-0.1536471702681872,0.3953616977600002,13,5,5,50.98076923076923,68.8,0.7409995527728087,-17.819230769230764,20.0,0.3193761824594837,0.2898795021627748,Q1_baja,0,0,Pequeña
choco,frijol,34,2007,2024,18,2,94.44444444444444,1006.26,29.59588235294117,18.676470588235293,15.617647058823527,1.9997987466407607,0.5506963638761544,16.298344797471152,0.5200780853889383,0.4578119376151278,1.079931802752577,0.1268055406248349,0.0387314251286143,-0.4014071468246624,0.0493260168519342,0.2204357751021192,0.0699290705176312,-0.0945159418750264,0.4460680097418269,18,16,16,32.431666666666665,26.405625,1.2282105296377823,6.026041666666664,56.25,0.0380690259612039,0.0999856046495873,Q1_baja,0,0,Pequeña
choco,pepino cohombro,17,2016,2024,9,1,94.44444444444444,998.0,58.70588235294117,9.882352941176473,8.117647058823529,6.791666666666666,0.7025588990758398,41.24434007515812,0.6418643127004081,0.1786530034179268,9.706836327345307,0.4080895825304725,0.0057734303208588,1.592315369261477,0.4642798193817044,0.4853238255909908,0.0091181959222502,0.4853238255909908,0.0091181959222502,9,8,8,61.0,56.125,1.086859688195991,4.875,50.0,0.086150256424673,0.150174084135566,Q1_baja,0,0,Pequeña
cundinamarca,quinua,23,2012,2024,13,3,88.46153846153845,947.0,41.17391304347826,11.152173913043478,10.369565217391305,3.0385093167701864,1.361658730104413,56.064818148212126,0.9131876984276353,0.6399273664088269,-3.1691719232317803,0.0470516448589845,0.3201389328927093,-0.58542477519796,0.0486594359590602,-0.2324878061995768,0.1244702463893612,-0.2146382346593264,0.159338423333452,12,11,10,64.75,15.454545454545457,4.189705882352941,49.29545454545455,80.0,0.1205869923250101,0.3476355085293409,Q1_baja,0,0,Pequeña
valle del cauca,perejil,34,2007,2024,18,2,94.44444444444444,940.15,27.65147058823529,8.005882352941176,6.8,3.874255252312244,1.0341480756907933,28.595715098844096,0.4086655615764541,0.5557076520422729,1.6832544813968786,0.0997062503613086,0.068882433931116,-0.0273862712454992,0.0020162114146461,0.4061696084681856,0.0008284797302994,-0.0582417712322863,0.6413514712575297,17,17,16,23.22941176470588,32.0735294117647,0.7242549289316828,-8.844117647058823,37.5,0.0599413961946488,0.4319454859922943,Q1_baja,0,0,Pequeña
vichada,aji,21,2007,2024,18,15,58.333333333333336,916.73,43.65380952380952,15.80952380952381,11.357142857142858,2.564100529100529,1.3214903707707553,57.688088933174974,0.8729417656248089,0.8117301892019664,2.618531653852445,0.074970164936866,0.2297400328500992,0.8035007361361033,0.1233415917366712,0.1442374371658288,0.3639620751024774,0.4398079278855867,0.0067057564207977,14,7,6,43.07142857142857,44.81857142857143,0.9610174353743663,-1.7471428571428618,50.0,0.1268179954666589,0.2079344443894293,Q1_baja,0,0,Pequeña
casanare,frijol,26,2009,2024,16,6,81.25,868.7099999999999,33.411923076923074,36.92307692307692,35.29807692307692,0.9362875209851236,0.6846052845747017,22.873979106264965,0.7158580709734143,0.2200584401144408,-0.3115474006116208,0.0045496065454843,0.743372246852059,-0.6271151885830786,0.0138055601707619,-0.0154801729206893,0.9121595659186492,-0.0468807230938495,0.7401163016885428,15,11,11,49.02,12.128181818181815,4.041825950078705,36.89181818181818,100.0,0.0557945412598967,0.0999856046495873,Q1_baja,0,0,Pequeña
sucre,pepino cohombro,31,2007,2024,18,5,86.11111111111111,814.5,26.274193548387096,3.225806451612903,2.8870967741935485,7.338709677419355,1.1239872342776107,29.531858139326253,0.5755750747440916,0.8067969920035657,-4.251629267235932,0.6172643159419666,1.6424122856182618e-07,-0.186575921145271,0.30072709685533,-0.7386252002867296,7.791227249295024e-09,-0.4401704215414753,0.0011432900657029,17,14,14,28.88235294117647,23.107142857142858,1.2499318119829077,5.775210084033613,78.57142857142857,0.071696585936078,0.150174084135566,Q1_baja,0,0,Pequeña
bolivar,pepino cohombro,25,2012,2024,13,1,96.15384615384616,809.0,32.36,3.24,3.1,12.84,0.4674569713598274,15.126907593204017,0.4738098329082079,0.651092205873111,0.4317759054601159,0.0124097755396857,0.5960185839974013,-0.2638144217091586,0.4498278435224762,0.0241092806611401,0.8691306035532111,-0.5127092239265055,0.0008369447528327,13,12,12,24.384615384615383,41.0,0.5947467166979362,-16.615384615384617,8.333333333333332,0.0483910151707994,0.150174084135566,Q1_baja,0,0,Pequeña
norte de santander,acelga,35,2007,2024,18,1,97.2222222222222,796.5,22.757142857142856,1.874285714285714,1.86,12.116666666666667,0.6194676954427017,14.097314840574628,0.5752688901177364,0.2844036348436803,-1.2370816837922394,0.2182146373033796,0.0046670082905104,-0.1139065581305695,0.3162598164252375,-0.2983756625349298,0.0135874413615541,-0.3754180038694536,0.0042685868742546,18,17,17,22.15,23.4,0.9465811965811964,-1.2500000000000036,35.294117647058826,0.0392221776928172,0.4325045587847745,Q1_baja,0,0,Pequeña
santander,pepino guiso,17,2016,2024,9,1,94.44444444444444,781.0,45.94117647058823,5.294117647058823,5.147058823529412,8.015624168219324,0.8770990072570296,40.294960274572944,0.7600128938152512,0.3185534060693648,11.79441117764471,0.631218730543767,0.0001391249704879,1.0899451097804391,0.5406409914926589,0.7474306193753062,4.004635024043972e-05,0.6524318552568007,0.0004687032376398,9,8,8,54.333333333333336,36.5,1.4885844748858448,17.833333333333336,87.5,0.1014146806107275,0.503984235695357,Q1_baja,0,0,Pequeña
amazonas,pimenton,24,2007,2024,18,12,66.66666666666666,773.4899999999999,32.22875,16.575,15.891666666666666,1.7055323712308723,1.3808039937790324,44.50158671450599,1.0019731599633732,0.4559277223430769,-3.1393208430913333,0.1693799063848893,0.0457021343972425,-1.6067915690866497,0.3185967284689206,0.2376698927362432,0.1062881412678307,-0.1683092910639583,0.2611347364453891,10,14,10,29.08,34.47785714285714,0.8434398889556446,-5.397857142857138,30.0,0.1177990492924147,0.2091419586284787,Q1_baja,0,0,Pequeña
santander,cebada,21,2007,2018,12,3,87.5,752.0,35.80952380952381,24.761904761904763,23.047619047619047,1.4593461088834114,0.7242151177525563,25.93379850237725,0.6270554956896209,0.2016576153546319,-5.681188118811881,0.6058672293757645,3.2482236209207655e-05,-2.9405940594059405,0.4528157071173351,-0.6440940481460319,6.092106499931321e-05,-0.4879500364742666,0.0023798164638097,10,11,9,38.7,33.18181818181818,1.1663013698630138,5.518181818181823,55.55555555555556,0.0714053304662743,0.4604828939274232,Q1_baja,0,0,Pequeña
norte de santander,haba,35,2007,2024,18,1,97.2222222222222,740.3100000000001,21.151714285714288,10.714285714285714,10.025714285714283,2.0743959067698565,0.6305626555129782,13.337481128651795,0.3549132269905004,0.498422701564788,1.0802029862254054,0.1858758786594856,0.0097176818230751,0.3878831012855301,0.2948430024590867,0.3242539439559843,0.0070512238373121,0.4109663247029863,0.000883174080071,18,17,17,23.941666666666663,18.19764705882353,1.3156462804930609,5.744019607843136,64.70588235294117,0.0396071142252552,0.5676735391369351,Q1_baja,0,0,Pequeña
boyaca,mani,35,2007,2024,18,1,97.2222222222222,735.05,21.00142857142857,33.42857142857143,32.92857142857143,0.6354723021642573,0.9772182965431908,20.52298025354493,0.6594095864440446,0.4971230708550085,0.0619285915513841,0.0002580248145286,0.9270274612805436,-0.578710911436324,0.0195315683246512,0.2270603382512455,0.0598180033577372,0.0385277740881618,0.7521595644812139,18,17,17,28.169444444444444,13.411764705882351,2.100353313840156,14.757679738562093,58.82352941176471,0.0550763186688639,0.3633102890771709,Q1_baja,0,0,Pequeña
boyaca,aji,16,2010,2024,15,14,53.333333333333336,732.6,45.7875,9.8875,9.23125,6.272569444444445,0.7017421968128531,32.13102083656851,0.6459306903371486,0.5432797768301687,-3.240585418251801,0.2367380967949259,0.0559816900291887,-0.2511211565143445,0.0359825572805964,-0.1757337558387018,0.343928003007084,-0.0085125653075874,0.9639061114195208,13,3,3,45.96923076923077,45.0,1.0215384615384615,0.9692307692307692,66.66666666666666,0.0913540299289685,0.2079344443894293,Q1_baja,0,0,Pequeña
boyaca,nabo,17,2009,2024,16,15,53.125,724.8,42.63529411764706,9.458823529411765,9.45,4.33667395666522,0.8216462132972044,35.03112796457728,0.7465795291426007,0.6360785284797684,3.075672198636307,0.1101441965597563,0.1931193274434069,0.1131287791071658,0.0036669886620176,0.2583043416158611,0.1490298444997622,0.1573309600281702,0.3847189968831433,10,7,7,43.18,41.85714285714285,1.03160409556314,1.3228571428571456,71.42857142857143,0.0961994463571286,0.5233953242215834,Q1_baja,0,0,Pequeña
cauca,soya,22,2007,2024,18,14,61.11111111111112,717.67,32.62136363636363,15.45,12.13181818181818,2.164066168764841,1.7298470743482564,56.429970447614224,1.734841440697238,0.3874221909253381,-4.754060021723282,0.258128015272623,0.0157739630321098,-2.082093172045411,0.2194569017563624,-0.5451194600513307,0.000452764186334,-0.4070041560521064,0.0107352319211978,11,11,8,34.89727272727273,30.345454545454547,1.15,4.551818181818181,75.0,0.17528882006871,0.8801723533870649,Q1_baja,0,0,Pequeña
caqueta,cebolla de rama,20,2010,2024,15,10,66.66666666666666,687.65,34.3825,7.409999999999999,6.279999999999999,4.847224253733688,1.2022608668005816,41.336734252771,0.7565075252559086,0.9287744222369128,3.024527751014569,0.120634766914539,0.1335008632194093,0.0212198183994627,0.0003228866377456,0.1375680631704876,0.3984231630555365,-0.0213931274920279,0.896380578748851,11,9,8,52.32272727272727,12.455555555555556,4.200754196739924,39.86717171717172,87.5,0.118657981612404,0.2898795021627748,Q1_baja,0,0,Pequeña
valle del cauca,remolacha,15,2007,2024,18,21,41.66666666666667,676.9,45.126666666666665,1.9613333333333336,1.9613333333333336,28.75,1.398725586815846,63.1198233143764,1.0621508776383088,0.5443248065301184,-5.415966512933626,0.3496797322698975,0.0202457050889715,-0.263252456386605,0.7584373120248702,-0.5198327329305747,0.0080228929305243,-0.6972166887783964,0.0004501621143974,8,7,6,36.3625,55.142857142857146,0.6594235751295336,-18.78035714285715,33.33333333333333,0.1884002921821629,0.5121386892145101,Q1_baja,0,0,Pequeña
meta,arveja,22,2007,2024,18,14,61.11111111111112,676.76,30.76181818181818,26.045454545454547,25.181818181818183,1.2805663780663783,0.8781461125664806,27.01337105184052,0.6442592782435057,0.4786268748363885,2.640398282634512,0.1697835934221167,0.0567136203773405,2.2035260802046217,0.3064541805744084,0.346521226012145,0.0254725762094292,0.2775612431642976,0.0781319918630004,11,11,8,39.80636363636364,21.717272727272725,1.832935660764369,18.08909090909092,75.0,0.0789131249903472,0.3037951755849065,Q1_baja,0,0,Pequeña
amazonas,patilla,16,2007,2024,18,20,44.44444444444444,672.98,42.06125,11.75,11.3375,3.3602484472049694,0.6127310681419567,25.77223463988588,0.5404981243477348,0.3115876700950601,-1.461844482383983,0.1079655235385224,0.2140265658228018,-0.3881421697966786,0.1253442585521092,0.050421948408961,0.7866338198496015,0.0690065559342354,0.7161295688555653,7,9,7,41.57142857142857,42.44222222222223,0.9794828450255434,-0.870793650793658,28.57142857142857,0.0844984001093583,0.263014574837113,Q1_baja,0,0,Pequeña
norte de santander,trigo,26,2007,2024,18,10,72.22222222222221,670.6,25.79230769230769,15.423076923076923,13.76923076923077,1.843836978237155,0.7085890462065181,18.27614670715735,0.6775913078950666,0.2253286898704989,-1.7196983782667077,0.2967048693972531,0.0040116880527753,-0.7323164503207886,0.1645543092210351,-0.5333493587335963,0.0001471919804719,-0.4368605355900076,0.001980848692203,9,17,9,30.11111111111111,23.50588235294118,1.2810032254476698,6.6052287581699325,44.44444444444444,0.057030267618486,0.510900993894951,Q1_baja,0,0,Pequeña
amazonas,ahuyama,15,2007,2024,18,21,41.66666666666667,667.8,44.52,11.7,10.886666666666668,4.127897897897898,0.4514235675562195,20.09737722760289,0.3114510614341045,0.2718039262380459,0.5239795918367348,0.0237912916141581,0.5830998685806377,0.1428571428571428,0.0537923614846691,0.2296677007052858,0.2343810488726234,0.458257569495584,0.0275653807404823,7,8,7,37.614285714285714,50.5625,0.7439166519512626,-12.948214285714286,14.285714285714285,0.0793465125459226,0.0821380302774234,Q1_baja,0,0,Pequeña
amazonas,tomate,18,2007,2024,18,18,50.0,665.4,36.96666666666667,15.333333333333334,14.61111111111111,2.2705603640885155,1.2265351964558904,45.34091776231941,1.1393022263620127,0.3898818416743294,-4.524518421544792,0.3480028988781184,0.0099679710769926,-1.986721526089396,0.4520034004036593,0.0333400020006669,0.8490734377018059,-0.2081287027486132,0.2366910463798177,8,10,8,30.6,42.06,0.7275320970042796,-11.46,0.0,0.1344895246866251,0.1189848614782581,Q1_baja,0,0,Pequeña
cauca,cimarron,27,2011,2024,14,1,96.42857142857144,660.5,24.46296296296296,8.851851851851851,8.88888888888889,3.5620884773662547,1.09576019893847,26.80554116292072,0.4633639644697284,1.0171644089984977,-4.901778102545366,0.586689526123327,3.2148476995310537e-06,0.6080867129460479,0.3856278947171403,-0.3716191291551494,0.0074079616790719,0.4104852841432546,0.0036575038963322,14,13,13,27.464285714285715,21.23076923076923,1.2936076604554867,6.233516483516485,46.15384615384615,0.0798600147503697,0.6848780795985364,Q1_baja,0,0,Pequeña
amazonas,pepino cohombro,22,2007,2024,18,14,61.11111111111112,659.87,29.99409090909091,11.25,10.659090909090908,2.632282841739235,0.9013832963505446,27.036172534674268,0.8587121045740733,0.7392258588345497,-1.0438381156479355,0.0425327488518031,0.3571470535103698,-0.6973961197822831,0.1486984381613868,0.2149308870201912,0.1659377543406062,0.2070806104038935,0.1834366146015239,11,11,9,24.95909090909091,35.02909090909091,0.7125246548323472,-10.07,44.44444444444444,0.0807072908796182,0.150174084135566,Q1_baja,0,0,Pequeña
amazonas,arroz,24,2007,2024,18,12,66.66666666666666,643.3,26.804166666666664,26.83333333333333,23.820833333333336,1.3975292567595714,1.1461032168500016,30.720341641650247,0.9864636867623264,0.6060991703119776,-1.0152756756756751,0.0366056843909703,0.3704773198858425,-3.104648648648647,0.4610479661807171,-0.3722726910770371,0.0113036719803157,-0.5530365735645387,0.0002029328823037,10,14,10,21.001,30.94928571428571,0.6785617023240786,-9.94828571428571,40.0,0.0941175510842017,0.1516991903190055,Q1_baja,0,0,Pequeña
cauca,cebolla de bulbo,17,2010,2018,9,1,94.44444444444444,638.0,37.52941176470589,5.941176470588236,5.894117647058824,7.918767507002801,1.331592686689166,49.97389024162871,1.7118229207453148,1.1375636884254603,-9.06372549019608,0.2097043113643167,0.0645332187555687,-1.6372549019607845,0.1652152792587853,-0.1409004654941586,0.4468728207108308,-0.1709182160156656,0.3663044486419798,9,8,8,34.55555555555556,40.875,0.8453958545701665,-6.319444444444443,12.5,0.1569903990723361,0.3270575890803964,Q1_baja,0,0,Pequeña
risaralda,cilantro,21,2013,2023,11,1,95.45454545454544,556.8,26.514285714285712,5.552380952380952,5.266666666666667,4.232141644536602,1.0847059380874164,28.76020315843207,0.8123144473708446,0.3653367358183736,-4.535599784830553,0.2752045824180415,0.0146258060904867,-0.730252824098978,0.2900746201463401,0.0198175279324382,0.902794895764832,-0.0871966874336112,0.5993173351162635,11,10,10,26.527272727272727,26.5,1.0010291595197256,0.0272727272727273,60.0,0.1009790010032699,0.1839147916650591,Q1_baja,0,0,Pequeña
risaralda,lechuga,16,2013,2024,12,8,66.66666666666666,545.0,34.0625,2.06875,1.50625,19.072916666666664,1.1241887035909932,38.292677716068205,0.8830135761834752,0.4691790171956711,-5.316079525636554,0.2877914778192277,0.0321665090201372,-0.3452947331705616,0.5335259999274683,-0.4407412773535268,0.0187371164005788,-0.4433293138324429,0.0216429655792693,7,9,7,45.85714285714285,24.88888888888889,1.8424744897959184,20.968253968253965,28.57142857142857,0.1365507953875936,0.32357480833283,Q1_baja,0,0,Pequeña
quindio,tabaco,16,2007,2014,8,0,100.0,541.0,33.8125,18.9375,18.5,1.824615390798171,0.6184111055414967,20.91002550612186,0.5789246750695146,0.164703463784616,-5.65,0.4137284985943679,0.0071881057198871,-2.1558823529411764,0.2191232037585721,-0.5,0.0063552842285274,-0.3729349269914457,0.0465438855773844,8,8,8,35.25,32.375,1.0888030888030888,2.875,50.0,0.0849081423119368,0.2568290616704286,Q1_baja,0,0,Pequeña
bolivar,tomate,17,2012,2024,13,9,65.38461538461539,522.0,30.705882352941178,7.235294117647059,4.529411764705882,4.819507290095525,1.2983885184984163,39.86816509742196,0.9616366822930452,0.7662692915887842,4.277074061394503,0.1853936935867773,0.0844692915213096,1.0519228574689037,0.3682029580462637,0.075792382823854,0.6779754429107876,0.4963668910168541,0.0062527780908,11,6,6,19.27272727272728,51.66666666666666,0.3730205278592375,-32.39393939393939,50.0,0.1521557229048311,0.1189848614782581,Q1_baja,0,0,Pequeña
sucre,col,21,2007,2024,18,15,58.333333333333336,515.0,24.52380952380953,5.476190476190476,5.476190476190476,4.495238095238095,0.1880239404117746,4.6110633005744734,0.1593939372158553,0.1382956985224739,-0.2448979591836734,0.0863861782114861,0.1959408214650905,0.0538775510204081,0.1166785714285714,-0.3320687429263497,0.0493907486052777,0.2642749890573639,0.135017381575575,18,3,3,23.88888888888889,28.33333333333333,0.8431372549019608,-4.444444444444443,0.0,0.0492223583749646,0.6284993945258104,Q1_baja,0,0,Pequeña
antioquia,ajo,35,2007,2024,18,1,97.2222222222222,509.8,14.565714285714286,3.1142857142857143,2.78,5.352380952380952,0.4013646134240453,5.846162283530808,0.337416058800203,0.3305591007753544,-0.523829011164984,0.2275083203984727,0.0037664364044941,-0.1164390670640392,0.3479436809946349,-0.3498195999409943,0.0045727911973411,-0.4656448657671533,0.0005746871520769,18,17,17,13.38888888888889,15.811764705882354,0.8467675264550264,-2.4228758169934643,0.0,0.0330425965705364,0.3055059117959323,Q1_baja,0,0,Pequeña
vichada,melon,16,2007,2024,18,20,44.44444444444444,482.0,30.125,10.25,9.0625,3.1645268334606573,1.3167939362096146,39.66841732831464,0.4903996031517219,0.8437086010892497,3.59775672017018,0.2215374477772534,0.0657610985626151,-0.0089731193192806,8.582469005908227e-05,0.2184951097721646,0.240809646405599,-0.1472979860578436,0.4385780260809998,3,13,3,13.333333333333334,34.0,0.392156862745098,-20.666666666666664,66.66666666666666,0.1640984142835006,0.1195484664930085,Q1_baja,0,0,Pequeña
cundinamarca,nabo,18,2014,2024,11,4,81.81818181818183,467.0,25.944444444444443,2.888888888888889,2.7222222222222223,8.722222222222221,0.8537658475711414,22.1504806008735,0.4093834981900512,0.5627742999355746,-2.400255754475704,0.1200311728927818,0.159003812473577,-0.0070332480818414,0.0003615220976647,-0.2313355642771448,0.199978156195942,-0.0527719818537217,0.7783227967023085,10,8,8,35.5,14.0,2.5357142857142856,21.5,50.0,0.0938011545745085,0.5233953242215834,Q1_baja,0,0,Pequeña
vaupes,arroz,21,2007,2024,18,15,58.333333333333336,423.80000000000007,20.180952380952384,15.261904761904765,12.157142857142858,1.5999951568057882,0.77375695316269,15.615152226207051,0.4328485841630677,0.589860774978419,-0.4926173842404547,0.0364624459599867,0.4070267581057115,-0.5658489033306253,0.2688006111244341,-0.0780720058358826,0.6268857059632713,-0.3765330307163266,0.0203529307296655,15,6,6,17.990666666666666,25.656666666666663,0.7012082629595946,-7.666,50.0,0.0747709670098688,0.1516991903190055,Q1_baja,0,0,Pequeña
cauca,tabaco,21,2007,2024,18,15,58.333333333333336,422.0,20.09523809523809,9.714285714285714,8.738095238095237,2.6261116040619146,0.5115932091895532,10.28058734657102,0.6479105357097823,0.5900451110716374,1.1371111905613165,0.407364512455538,0.0018490822022689,-0.375831247765463,0.1187263516201029,0.3432857670296248,0.0334406386639978,-0.1821530222156749,0.2692941367197367,9,12,8,20.11111111111111,20.08333333333333,1.0013831258644537,0.0277777777777785,37.5,0.0594887805754587,0.2568290616704286,Q1_baja,0,0,Pequeña
casanare,arveja,23,2007,2024,18,13,63.888888888888886,413.8,17.991304347826084,23.82608695652174,22.60869565217392,0.7887371262578398,0.7709613599289654,13.870600466895906,0.4621385778700947,0.3422038705562563,-1.742890322580646,0.4836495339084026,0.0002295863344537,-1.825354838709678,0.8418328951491966,-0.5356832289134413,0.0004545363577371,-0.7120868834752342,3.6470843575837807e-06,11,12,6,23.000000000000004,13.4,1.7164179104477617,9.600000000000003,66.66666666666666,0.0681973368753826,0.3037951755849065,Q1_baja,0,0,Pequeña
san andres y providencia,batata,16,2012,2024,13,10,61.53846153846154,384.72,24.045,2.924002437922548,2.767752437922548,6.557750768748894,0.9992741974856476,24.0275480785424,0.7043380114183152,0.7587582384476508,3.1977332170880564,0.3385927963856278,0.0180467799739188,0.1653480327274079,0.1232232097856717,0.3248931448269654,0.0849728341098031,0.4418939581735309,0.0200505901314787,12,4,4,21.64333333333333,31.25,0.6925866666666667,-9.606666666666666,0.0,0.1210087258844092,0.4040132390762072,Q1_baja,0,0,Pequeña
santander,haba,21,2008,2024,17,13,61.76470588235294,381.54,18.16857142857143,12.042857142857144,8.70952380952381,1.802158638663029,1.084333989941323,19.700799548676773,0.7294891438314914,0.5082000506396055,-1.3021351471900084,0.1166005881002486,0.1297857141600139,-0.3180642283675288,0.0349855932822589,-0.3238095238095238,0.0419693445592099,-0.1404560114643107,0.3790782283487584,16,5,5,18.850625,15.986,1.1791958588765168,2.8646249999999966,20.0,0.100942412777418,0.5676735391369351,Q1_baja,0,0,Pequeña
tolima,aji,15,2009,2024,16,17,46.875,370.66,24.710666666666665,8.354666666666667,6.688,3.3072559604917737,1.635159808491949,40.40588897437505,0.6575559897507517,1.0932674134159843,1.5304894578313255,0.0226824593686217,0.5921195847218748,0.7369578313253013,0.2844987318607095,-0.0857142857142857,0.6971814254173712,0.4140393356054125,0.0354213190967256,8,7,7,17.90625,32.48714285714286,0.5511795875291324,-14.580892857142857,57.14285714285714,0.2330331839569066,0.2079344443894293,Q1_baja,0,0,Pequeña
valle del cauca,acelga,25,2009,2024,16,7,78.125,357.3,14.292,3.764,3.764,3.849790690148899,0.4368510071036684,6.243474593525629,0.4512973734400981,0.3050590689152719,0.8563952095808383,0.3272962272082523,0.0028069984133559,-0.0306227544910179,0.0056533894202912,0.4271800072811105,0.0031475827038269,0.2502172968684897,0.0890918590874383,14,11,11,15.239285714285714,13.086363636363636,1.1645164491638962,2.152922077922078,63.63636363636363,0.0473282100124475,0.4325045587847745,Q1_baja,0,0,Pequeña
amazonas,aji,31,2007,2024,18,5,86.11111111111111,319.94,10.320645161290322,15.343870967741935,14.24967741935484,0.9682006308725548,1.0209204409029804,10.536557608467728,0.5662129692203456,0.9958321693646508,-0.9250644461962954,0.2102732397120461,0.0094735592743626,-0.8711584548679546,0.2742851717577958,0.006580229134148,0.9591964550023858,-0.2190971847980662,0.085652425053708,15,16,13,9.574,11.020625,0.8687347586910906,-1.4466249999999992,30.76923076923077,0.0647953760661873,0.2079344443894293,Q1_baja,0,0,Pequeña
risaralda,arveja,32,2007,2024,18,4,88.88888888888889,302.4,9.45,7.1871875,6.5309375,1.7167608343409544,0.5879659315744068,5.556278053378144,0.7382840395762185,0.4796855746545068,-0.5615529081990189,0.2938703133078752,0.0013512142856181,-0.6032466713384723,0.3718495459361294,-0.3381030707436757,0.0070237801033328,-0.4294918601448289,0.000643363524492,16,16,15,10.534375,8.365625,1.2592454239820696,2.168750000000001,40.0,0.041715646520954,0.3037951755849065,Q1_baja,0,0,Pequeña
quindio,arveja,35,2007,2024,18,1,97.2222222222222,296.36,8.467428571428572,5.292981655736146,5.05583879859329,1.4936382314769758,1.1270874238067836,9.543532254839382,0.858565648164522,0.404839735101331,-0.8976234746378426,0.2506859738654657,0.0021888973595543,-0.3960672785769002,0.215253418879833,-0.4322189107537832,0.0002886633715332,-0.3669374769778027,0.0022156542320966,18,17,17,10.495555555555557,6.32,1.6606891701828412,4.175555555555556,64.70588235294117,0.063829458016911,0.3037951755849065,Q1_baja,0,0,Pequeña
choco,habichuela,16,2016,2024,9,2,88.88888888888889,295.4,18.4625,3.75,2.8125,5.842857142857143,0.9486910048964626,17.51520767790094,0.6919644606587934,0.4302252252691931,4.101082352941176,0.3640620033066154,0.0133396677862386,0.5007058823529412,0.2472545136866627,0.5423261445466404,0.0055120539921313,0.4227548732396783,0.0298705651345629,9,7,7,21.666666666666668,14.342857142857143,1.5106241699867198,7.323809523809524,42.85714285714285,0.1152352318030152,0.2623441076903596,Q1_baja,0,0,Pequeña
boyaca,guatila,16,2016,2024,9,2,88.88888888888889,280.7,17.54375,5.433333333333334,4.902083333333334,5.603050993124523,1.2181514804119808,21.37094503447769,1.5163529544633374,0.7714008668997554,-1.2732608695652174,0.0272140959302175,0.541499151042529,-0.773913043478261,0.0676484127262028,0.0508547627715607,0.786066557230688,-0.0944632406537498,0.6169537854024494,8,8,7,24.25,10.8375,2.23760092272203,13.4125,71.42857142857143,0.1494468571814395,0.91592423266587,Q1_baja,0,0,Pequeña
caqueta,cilantro,25,2010,2024,15,5,83.33333333333334,252.0,10.08,4.212,3.932,2.324193433697876,1.0850630668746817,10.937435714096791,0.6958742379804272,0.6130293338063394,0.7294726930320149,0.0984170472389817,0.1267312821920408,0.14909604519774,0.0572502364340579,0.1365577483997837,0.347469393349976,-0.007027283689263,0.9622190742121652,13,12,12,9.223076923076924,11.008333333333333,0.8378268211727713,-1.7852564102564088,25.0,0.0852106953892668,0.1839147916650591,Q1_baja,0,0,Pequeña
caldas,remolacha,27,2010,2023,14,1,96.42857142857144,238.20000000000005,8.822222222222225,0.8310846560846559,0.8125661375661374,8.917019871921834,1.3440488801698316,11.857497898387184,1.160869588678117,0.8424963815836685,-1.298268893153146,0.2091308318026064,0.0164723111227662,-0.0493830598829986,0.0457060268652857,-0.5106445117033384,0.0002779121909285,-0.4203692463686916,0.0030651650742638,14,13,13,10.935714285714289,6.546153846153846,1.6705556488165183,4.389560439560441,38.46153846153847,0.1014652293544996,0.5121386892145101,Q1_baja,0,0,Pequeña
cauca,haba,21,2010,2024,15,9,70.0,126.97999999999998,6.046666666666665,7.119047619047619,6.309523809523809,0.8696149591149591,0.8731570618210566,5.279689700477987,0.5556511714131387,0.6274642721047848,-0.7774401499855779,0.5369612420597302,0.0001580614750116,-0.5395154312085374,0.4606650703327309,-0.3522974243126182,0.0316061020616989,-0.5846170740069282,0.0003243084129177,12,9,9,7.012499999999999,4.7588888888888885,1.4735582535605884,2.253611111111111,33.33333333333333,0.0821951589391374,0.5676735391369351,Q1_baja,0,0,Pequeña
amazonas,frijol,18,2007,2024,18,18,50.0,122.49,6.805,8.777777777777779,8.372222222222222,0.8146584896584897,0.6763912053880007,4.602842152665344,0.6319575836047954,0.1255875649431689,-0.4459914336104812,0.2739952672656996,0.0257919539224306,-0.6318972033257747,0.3786954033950026,0.1461995741852983,0.4027512935911193,0.0814125501013305,0.6452257350131249,9,9,8,6.227777777777778,7.382222222222222,0.8436183022275738,-1.1544444444444435,37.5,0.0795604508220554,0.0999856046495873,Q1_baja,0,0,Pequeña
cordoba,col,15,2007,2015,9,3,83.33333333333334,116.0,7.733333333333333,1.8666666666666667,1.4,5.1,1.1876321415396869,9.18435522790691,0.5305877152885847,0.474829163082106,-1.6735582154515771,0.217957480131353,0.0793563907359158,-0.1022850924918389,0.0700106701036373,-0.0805251255571698,0.6869230818706997,0.1143462309509485,0.6031303770642559,9,6,6,9.555555555555555,5.0,1.911111111111111,4.555555555555555,66.66666666666666,0.1544292508917955,0.6284993945258104,Q1_baja,0,0,Pequeña
santander,espinaca,15,2017,2024,8,1,93.75,87.45,5.83,1.16,1.16,4.966666666666667,0.3216295021155189,1.875099997333476,0.1922129361096224,0.2266032619615318,0.690891959798995,0.7718918277495884,1.6313350837774655e-05,0.0783919597989949,0.702824467163403,0.8573949209204403,2.832327470782504e-05,0.7684244858645451,0.0003994460829644,8,7,7,5.48125,6.228571428571429,0.8800172018348624,-0.7473214285714285,0.0,0.0731032778348225,0.7827435010492556,Q1_baja,0,0,Pequeña
caqueta,aji,17,2016,2024,9,1,94.44444444444444,42.1,2.476470588235294,1.588235294117647,1.3235294117647058,1.9823529411764704,0.7901924196097357,1.9568882862099928,0.7060147237299353,0.6944761376204897,0.0834830339321357,0.0134089012834546,0.6580769352724705,0.1927395209580838,0.2176773098539762,0.2106662101544534,0.2640817190801413,0.5445811486371709,0.0043857625928217,9,8,8,2.344444444444445,2.625,0.8931216931216932,-0.2805555555555554,0.0,0.0933926123188201,0.2079344443894293,Q1_baja,0,0,Pequeña
san andres y providencia,maiz,19,2012,2024,13,7,73.07692307692307,27.14,1.428421052631579,1.540803621958121,1.1334352009054895,1.006986321948728,1.3589471738569676,1.941148752551479,1.0519193033388268,0.6771764037107787,0.2319288801892178,0.2558950108547358,0.0271252782367651,0.2274098395735056,0.3528814778002702,0.4245855679170346,0.0150291846276388,0.354113241308756,0.0482980791631578,13,6,6,1.026153846153846,2.3000000000000003,0.446153846153846,-1.2738461538461543,16.666666666666664,0.1447126692077814,0.09355481422716,Q1_baja,0,0,Pequeña
